Software Version,3.17.17,,,,,,,,,,,,,,,,,,,,,,,,,,,,,,,,,,,,,,,,,,,,,,,,,,,,,,,,,,,,,,,,,,,,,,,,,,,,,,,,,,,,,,,,,,,,,,,,,
,,,,,,,,,,,,,,,,,,,,,,,,,,,,,,,,,,,,,,,,,,,,,,,,,,,,,,,,,,,,,,,,,,,,,,,,,,,,,,,,,,,,,,,,,,,,,,,,,,
Experiment File Path:,,,,,,,,,,,,,,,,,,,,,,,,,,,,,,,,,,,,,,,,,,,,,,,,,,,,,,,,,,,,,,,,,,,,,,,,,,,,,,,,,,,,,,,,,,,,,,,,,,
Protocol File Path:,,,,,,,,,,,,,,,,,,,,,,,,,,,,,,,,,,,,,,,,,,,,,,,,,,,,,,,,,,,,,,,,,,,,,,,,,,,,,,,,,,,,,,,,,,,,,,,,,,
Plate Number,Plate 2,,,,,,,,,,,,,,,,,,,,,,,,,,,,,,,,,,,,,,,,,,,,,,,,,,,,,,,,,,,,,,,,,,,,,,,,,,,,,,,,,,,,,,,,,,,,,,,,,
Date,3/9/2026,,,,,,,,,,,,,,,,,,,,,,,,,,,,,,,,,,,,,,,,,,,,,,,,,,,,,,,,,,,,,,,,,,,,,,,,,,,,,,,,,,,,,,,,,,,,,,,,,
Time,3:13:14 PM,,,,,,,,,,,,,,,,,,,,,,,,,,,,,,,,,,,,,,,,,,,,,,,,,,,,,,,,,,,,,,,,,,,,,,,,,,,,,,,,,,,,,,,,,,,,,,,,,
Reader Type:,Synergy Neo2,,,,,,,,,,,,,,,,,,,,,,,,,,,,,,,,,,,,,,,,,,,,,,,,,,,,,,,,,,,,,,,,,,,,,,,,,,,,,,,,,,,,,,,,,,,,,,,,,
Reader Serial Number:,2507141C,,,,,,,,,,,,,,,,,,,,,,,,,,,,,,,,,,,,,,,,,,,,,,,,,,,,,,,,,,,,,,,,,,,,,,,,,,,,,,,,,,,,,,,,,,,,,,,,,
Reading Type,Reader,,,,,,,,,,,,,,,,,,,,,,,,,,,,,,,,,,,,,,,,,,,,,,,,,,,,,,,,,,,,,,,,,,,,,,,,,,,,,,,,,,,,,,,,,,,,,,,,,
,,,,,,,,,,,,,,,,,,,,,,,,,,,,,,,,,,,,,,,,,,,,,,,,,,,,,,,,,,,,,,,,,,,,,,,,,,,,,,,,,,,,,,,,,,,,,,,,,,
Procedure Details,,,,,,,,,,,,,,,,,,,,,,,,,,,,,,,,,,,,,,,,,,,,,,,,,,,,,,,,,,,,,,,,,,,,,,,,,,,,,,,,,,,,,,,,,,,,,,,,,,
Plate Type,Corning 384 well black clear bottom,,,,,,,,,,,,,,,,,,,,,,,,,,,,,,,,,,,,,,,,,,,,,,,,,,,,,,,,,,,,,,,,,,,,,,,,,,,,,,,,,,,,,,,,,,,,,,,,,
Eject plate on completion,,,,,,,,,,,,,,,,,,,,,,,,,,,,,,,,,,,,,,,,,,,,,,,,,,,,,,,,,,,,,,,,,,,,,,,,,,,,,,,,,,,,,,,,,,,,,,,,,,
Set Temperature,"Setpoint 37°C, Gradient 0 °C",,,,,,,,,,,,,,,,,,,,,,,,,,,,,,,,,,,,,,,,,,,,,,,,,,,,,,,,,,,,,,,,,,,,,,,,,,,,,,,,,,,,,,,,,,,,,,,,,
,Preheat before moving to next step,,,,,,,,,,,,,,,,,,,,,,,,,,,,,,,,,,,,,,,,,,,,,,,,,,,,,,,,,,,,,,,,,,,,,,,,,,,,,,,,,,,,,,,,,,,,,,,,,
Start Kinetic,"Runtime 15:00:00 (HH:MM:SS), Interval 0:04:00, 226 Reads",,,,,,,,,,,,,,,,,,,,,,,,,,,,,,,,,,,,,,,,,,,,,,,,,,,,,,,,,,,,,,,,,,,,,,,,,,,,,,,,,,,,,,,,,,,,,,,,,
    Read,Fluorescence Endpoint,,,,,,,,,,,,,,,,,,,,,,,,,,,,,,,,,,,,,,,,,,,,,,,,,,,,,,,,,,,,,,,,,,,,,,,,,,,,,,,,,,,,,,,,,,,,,,,,,
,Full Plate,,,,,,,,,,,,,,,,,,,,,,,,,,,,,,,,,,,,,,,,,,,,,,,,,,,,,,,,,,,,,,,,,,,,,,,,,,,,,,,,,,,,,,,,,,,,,,,,,
,Filter Set 1,,,,,,,,,,,,,,,,,,,,,,,,,,,,,,,,,,,,,,,,,,,,,,,,,,,,,,,,,,,,,,,,,,,,,,,,,,,,,,,,,,,,,,,,,,,,,,,,,
,"    Excitation: 485/10,  Emission: 528/20",,,,,,,,,,,,,,,,,,,,,,,,,,,,,,,,,,,,,,,,,,,,,,,,,,,,,,,,,,,,,,,,,,,,,,,,,,,,,,,,,,,,,,,,,,,,,,,,,
,"    Optics: Bottom,  Gain: 55",,,,,,,,,,,,,,,,,,,,,,,,,,,,,,,,,,,,,,,,,,,,,,,,,,,,,,,,,,,,,,,,,,,,,,,,,,,,,,,,,,,,,,,,,,,,,,,,,
,Filter Set 2,,,,,,,,,,,,,,,,,,,,,,,,,,,,,,,,,,,,,,,,,,,,,,,,,,,,,,,,,,,,,,,,,,,,,,,,,,,,,,,,,,,,,,,,,,,,,,,,,
,"    Excitation: 485/20,  Emission: 610/20",,,,,,,,,,,,,,,,,,,,,,,,,,,,,,,,,,,,,,,,,,,,,,,,,,,,,,,,,,,,,,,,,,,,,,,,,,,,,,,,,,,,,,,,,,,,,,,,,
,"    Optics: Bottom,  Gain: 55",,,,,,,,,,,,,,,,,,,,,,,,,,,,,,,,,,,,,,,,,,,,,,,,,,,,,,,,,,,,,,,,,,,,,,,,,,,,,,,,,,,,,,,,,,,,,,,,,
,"Light Source: Xenon Flash,  Lamp Energy: Low,  Standard Dynamic Range",,,,,,,,,,,,,,,,,,,,,,,,,,,,,,,,,,,,,,,,,,,,,,,,,,,,,,,,,,,,,,,,,,,,,,,,,,,,,,,,,,,,,,,,,,,,,,,,,
,"Read Speed: Normal,  Delay: 0 msec,  Measurements/Data Point: 10",,,,,,,,,,,,,,,,,,,,,,,,,,,,,,,,,,,,,,,,,,,,,,,,,,,,,,,,,,,,,,,,,,,,,,,,,,,,,,,,,,,,,,,,,,,,,,,,,
,Read Height: 8 mm,,,,,,,,,,,,,,,,,,,,,,,,,,,,,,,,,,,,,,,,,,,,,,,,,,,,,,,,,,,,,,,,,,,,,,,,,,,,,,,,,,,,,,,,,,,,,,,,,
End Kinetic,,,,,,,,,,,,,,,,,,,,,,,,,,,,,,,,,,,,,,,,,,,,,,,,,,,,,,,,,,,,,,,,,,,,,,,,,,,,,,,,,,,,,,,,,,,,,,,,,,
,,,,,,,,,,,,,,,,,,,,,,,,,,,,,,,,,,,,,,,,,,,,,,,,,,,,,,,,,,,,,,,,,,,,,,,,,,,,,,,,,,,,,,,,,,,,,,,,,,
"485,528",,,,,,,,,,,,,,,,,,,,,,,,,,,,,,,,,,,,,,,,,,,,,,,,,,,,,,,,,,,,,,,,,,,,,,,,,,,,,,,,,,,,,,,,,,,,,,,,,,
,,,,,,,,,,,,,,,,,,,,,,,,,,,,,,,,,,,,,,,,,,,,,,,,,,,,,,,,,,,,,,,,,,,,,,,,,,,,,,,,,,,,,,,,,,,,,,,,,,
,Time,"T° 485,528",A1,A2,A3,A4,A5,A6,A7,A8,A9,A10,A11,A12,A13,A14,A15,A16,A17,A18,A19,A20,A21,A22,A23,A24,B1,B2,B3,B4,B5,B6,B7,B8,B9,B10,B11,B12,B13,B14,B15,B16,B17,B18,B19,B20,B21,B22,B23,B24,C1,C2,C3,C4,C5,C6,C7,C8,C9,C10,C11,C12,C13,C14,C15,C16,C17,C18,C19,C20,C21,C22,C23,C24,D1,D2,D3,D4,D5,D6,D7,D8,D9,D10,D11,D12,D13,D14,D15,D16,D17,D18,D19,D20,D21,D22,D23,D24
,0:00:00,37,2301,7,2209,7,2218,7,2302,6,2280,7,2215,7,2270,7,2359,6,2554,7,2530,7,2629,7,2542,6,2327,7,2333,7,2386,6,2381,7,2372,6,2384,7,2476,6,2337,7,2511,7,2414,7,2373,7,2575,7,2569,7,2542,6,2525,7,2626,7,2615,7,2651,6,2675,7,3001,7,2911,7,2714,7,2884,7,2600,6,2718,6,2567,6,2650,7,2702,7,2600,7,2705,7,2553,7,2633,8,2716,7,2627,7,2558,7,2590,7
,0:04:00,37,2359,6,2262,7,2266,7,2345,7,2308,6,2257,7,2306,6,2382,7,2592,7,2590,7,2693,7,2597,7,2384,6,2378,7,2442,7,2436,7,2416,7,2410,6,2487,7,2377,6,2547,7,2457,7,2404,6,2631,7,2605,7,2578,7,2576,7,2655,7,2647,7,2683,7,2694,6,3051,7,2953,7,2743,7,2929,7,2655,7,2766,6,2611,7,2706,7,2760,7,2634,7,2755,7,2604,7,2670,7,2749,7,2681,6,2605,8,2642,7
,0:08:00,37,2378,7,2293,7,2304,6,2351,7,2322,7,2275,7,2342,7,2398,7,2595,7,2629,7,2726,7,2625,6,2399,7,2396,6,2465,6,2470,7,2436,7,2425,7,2517,7,2394,7,2556,6,2486,6,2430,7,2666,7,2632,6,2606,6,2581,6,2666,7,2654,7,2694,7,2695,7,3061,6,2955,6,2742,7,2965,7,2668,7,2780,6,2626,7,2729,7,2749,7,2651,6,2750,7,2629,7,2688,7,2781,7,2700,6,2629,7,2656,7
,0:12:00,37,2402,7,2306,6,2330,6,2371,7,2317,7,2296,6,2348,7,2408,6,2604,7,2656,6,2749,7,2640,7,2430,6,2405,7,2482,6,2484,6,2449,6,2434,8,2528,7,2404,7,2578,7,2494,6,2438,6,2699,7,2649,6,2602,7,2605,7,2676,6,2662,7,2696,7,2713,7,3083,6,2974,6,2746,7,2977,7,2684,7,2805,6,2635,7,2740,6,2748,7,2666,7,2770,7,2645,7,2675,7,2798,8,2714,7,2651,6,2674,7
,0:16:00,37,2410,6,2322,6,2340,6,2382,7,2333,7,2314,7,2380,6,2406,7,2595,7,2668,6,2751,7,2670,7,2434,6,2424,6,2481,6,2498,7,2466,6,2440,7,2514,6,2408,7,2576,7,2506,7,2439,6,2703,6,2651,6,2611,6,2588,6,2672,7,2672,6,2695,6,2709,7,3096,7,2998,7,2754,6,2991,7,2686,7,2798,7,2631,7,2747,6,2759,7,2671,7,2788,7,2665,7,2691,7,2806,7,2708,7,2655,7,2667,7
,0:20:00,37,2412,6,2326,7,2347,7,2384,6,2346,7,2315,7,2375,6,2404,7,2608,7,2679,7,2767,6,2667,7,2450,6,2445,7,2503,6,2497,7,2466,7,2438,7,2532,6,2415,6,2583,7,2508,7,2454,6,2702,7,2658,6,2598,6,2588,6,2682,7,2668,7,2696,7,2705,6,3092,7,2988,7,2761,7,3025,7,2688,6,2802,7,2641,6,2740,6,2773,7,2660,7,2793,7,2676,7,2697,7,2811,7,2713,7,2651,7,2678,7
,0:24:00,37,2408,7,2335,6,2362,7,2402,7,2340,6,2313,7,2385,7,2407,7,2620,7,2685,6,2779,7,2686,6,2455,6,2432,6,2487,7,2499,6,2473,7,2434,7,2530,6,2426,7,2589,7,2509,7,2456,6,2712,7,2659,6,2610,6,2599,7,2672,6,2674,7,2697,6,2701,7,3094,7,2998,6,2761,7,3031,7,2691,6,2808,6,2658,7,2755,7,2775,6,2670,7,2798,6,2662,7,2702,6,2805,7,2713,7,2668,6,2686,7
,0:28:00,37,2428,6,2340,5,2371,6,2393,6,2343,6,2319,7,2384,7,2422,7,2612,7,2682,7,2776,6,2699,5,2450,6,2442,6,2507,7,2505,6,2480,7,2445,7,2531,7,2428,7,2602,7,2519,7,2470,7,2712,7,2661,6,2613,6,2601,7,2679,7,2674,7,2697,7,2697,6,3116,7,3021,7,2764,6,3057,6,2693,6,2805,7,2656,6,2757,6,2786,7,2695,7,2802,6,2683,7,2696,7,2814,7,2727,7,2675,7,2689,6
,0:32:00,37,2423,6,2331,7,2380,7,2393,7,2352,6,2321,7,2404,7,2410,7,2611,7,2693,7,2768,7,2693,6,2465,6,2442,6,2505,6,2489,7,2474,6,2440,7,2538,7,2429,7,2603,7,2523,7,2462,6,2700,6,2657,6,2617,6,2612,7,2684,7,2676,6,2691,7,2709,6,3115,7,3006,6,2765,7,3074,7,2707,6,2824,6,2662,6,2763,7,2784,7,2688,6,2817,7,2693,6,2687,7,2817,6,2731,7,2658,7,2703,7
,0:36:00,37,2427,6,2341,6,2384,7,2402,6,2349,6,2328,6,2401,7,2413,6,2622,7,2695,7,2780,7,2690,6,2460,6,2448,6,2513,6,2503,7,2479,7,2425,6,2535,7,2426,7,2592,7,2515,7,2474,7,2711,6,2664,5,2625,7,2603,6,2691,5,2671,6,2689,6,2701,7,3120,7,3022,7,2783,6,3074,6,2712,6,2833,6,2671,7,2779,7,2788,7,2681,6,2823,7,2694,7,2698,7,2835,7,2730,7,2674,7,2700,7
,0:40:00,37,2422,7,2344,6,2397,6,2405,6,2353,7,2322,7,2402,7,2421,6,2616,6,2685,7,2770,7,2699,6,2466,6,2449,6,2503,6,2502,7,2482,7,2439,7,2542,7,2432,7,2608,8,2524,7,2477,6,2717,7,2653,6,2618,6,2603,7,2671,7,2679,7,2690,7,2699,7,3111,7,3041,7,2783,7,3085,7,2710,7,2853,6,2688,6,2791,6,2810,7,2696,7,2843,7,2702,7,2706,6,2826,7,2729,6,2670,6,2709,7
,0:44:00,37,2423,6,2338,6,2401,6,2404,7,2342,7,2339,7,2408,7,2413,7,2626,7,2685,7,2783,7,2708,6,2459,7,2451,6,2512,6,2495,6,2482,7,2442,7,2537,7,2425,7,2601,7,2528,7,2469,6,2704,7,2654,6,2627,6,2599,6,2682,7,2676,7,2690,7,2689,7,3126,7,3020,7,2778,7,3087,7,2719,7,2844,6,2688,6,2799,6,2806,6,2709,7,2850,7,2713,7,2701,7,2838,6,2735,7,2690,7,2706,7
,0:48:00,37,2426,6,2340,7,2402,6,2414,6,2352,6,2344,7,2403,7,2427,6,2632,7,2706,7,2780,5,2709,6,2474,6,2455,6,2518,6,2504,6,2477,6,2449,7,2544,7,2439,7,2610,6,2533,6,2467,7,2708,7,2658,6,2628,7,2607,7,2673,6,2671,6,2693,6,2694,7,3122,6,3032,6,2778,7,3091,6,2729,6,2852,7,2681,7,2809,6,2823,7,2705,7,2850,7,2714,7,2713,6,2839,7,2727,7,2682,6,2700,7
,0:52:00,37,2421,6,2352,6,2412,7,2420,7,2341,7,2329,6,2420,7,2417,6,2624,6,2706,7,2782,7,2726,7,2464,6,2452,7,2509,6,2495,7,2469,7,2442,6,2540,7,2442,7,2622,7,2529,7,2475,7,2715,6,2661,6,2630,6,2614,6,2676,7,2678,6,2689,7,2687,6,3132,7,3036,7,2772,6,3108,6,2714,7,2857,6,2694,6,2807,6,2825,6,2716,7,2855,7,2721,7,2719,7,2839,7,2741,7,2691,7,2727,7
,0:56:00,37,2427,7,2338,6,2416,6,2409,6,2354,7,2336,7,2390,6,2420,7,2627,7,2710,7,2785,6,2706,6,2473,6,2450,7,2508,6,2502,7,2471,6,2426,6,2536,7,2435,7,2612,6,2536,6,2476,7,2705,7,2653,6,2631,6,2620,6,2685,6,2681,7,2684,7,2693,6,3120,7,3028,7,2779,7,3105,6,2722,7,2868,6,2687,6,2802,6,2816,6,2717,7,2860,6,2719,7,2704,7,2842,7,2731,7,2698,6,2710,7
,1:00:00,37.1,2419,6,2330,6,2400,6,2395,6,2345,7,2323,7,2397,7,2418,6,2619,6,2706,6,2783,6,2706,7,2465,6,2452,6,2512,6,2503,6,2464,6,2434,6,2516,7,2433,7,2610,6,2523,6,2478,6,2707,7,2655,6,2634,6,2608,6,2674,7,2683,7,2684,7,2683,6,3115,7,3034,7,2779,6,3109,7,2723,7,2862,7,2679,6,2816,6,2828,6,2710,7,2860,7,2729,7,2702,7,2842,7,2746,7,2699,7,2709,7
,1:04:00,37,2422,6,2333,6,2409,7,2402,6,2349,7,2335,7,2413,6,2428,7,2629,7,2693,7,2784,7,2716,7,2463,7,2443,6,2507,6,2482,7,2466,6,2442,7,2533,7,2433,6,2608,6,2526,7,2492,7,2706,7,2661,6,2634,6,2609,7,2680,7,2685,6,2686,7,2675,7,3139,7,3041,7,2776,6,3104,6,2722,7,2863,6,2697,7,2820,7,2834,6,2719,7,2867,7,2730,6,2711,7,2842,7,2745,8,2704,7,2709,6
,1:08:00,37,2428,6,2340,6,2424,6,2409,7,2333,7,2331,7,2398,6,2425,7,2616,7,2697,7,2773,7,2712,6,2463,6,2443,6,2506,6,2496,7,2465,7,2441,6,2517,7,2434,7,2615,7,2521,7,2475,6,2713,7,2657,6,2633,6,2609,6,2678,7,2681,6,2684,6,2690,7,3109,7,3035,7,2784,7,3113,6,2721,7,2876,6,2701,6,2828,7,2826,7,2717,7,2885,6,2732,7,2699,6,2844,7,2736,7,2695,7,2719,7
,1:12:00,37,2419,6,2334,6,2424,7,2404,7,2347,6,2331,6,2405,7,2410,7,2615,7,2701,6,2780,7,2721,6,2477,6,2441,6,2507,7,2494,6,2475,6,2437,7,2537,7,2433,6,2618,6,2532,7,2477,7,2726,6,2658,7,2634,6,2610,7,2676,7,2681,6,2678,6,2688,7,3124,7,3053,7,2785,7,3125,7,2723,7,2871,6,2697,7,2838,6,2835,6,2718,7,2876,7,2732,7,2708,6,2847,7,2747,7,2705,7,2712,7
,1:16:00,37,2425,6,2338,7,2432,6,2416,7,2343,7,2328,6,2412,6,2421,6,2624,6,2698,6,2786,7,2711,7,2481,6,2447,6,2503,7,2492,6,2466,6,2439,7,2538,6,2434,7,2626,6,2527,7,2486,7,2713,7,2653,6,2636,6,2609,6,2684,6,2683,7,2687,7,2679,6,3120,6,3027,7,2783,7,3119,6,2724,6,2893,6,2701,7,2827,6,2842,6,2719,6,2876,7,2735,7,2714,6,2846,7,2747,7,2706,7,2723,7
,1:20:00,37,2425,7,2332,7,2417,7,2400,6,2336,7,2325,7,2405,7,2408,7,2620,7,2688,7,2778,7,2703,6,2474,7,2446,6,2498,6,2482,6,2473,6,2437,7,2528,6,2434,6,2610,7,2524,7,2493,6,2711,7,2649,6,2631,6,2610,7,2676,7,2682,7,2676,6,2678,7,3104,7,3033,7,2782,7,3122,6,2719,7,2864,7,2699,6,2828,7,2847,6,2719,6,2874,7,2722,6,2715,7,2846,6,2733,7,2703,7,2721,6
,1:24:00,37,2435,6,2342,7,2426,6,2402,6,2335,6,2328,7,2395,6,2414,7,2625,7,2699,6,2784,6,2715,6,2460,6,2435,7,2507,6,2494,6,2451,7,2444,6,2521,7,2423,6,2608,7,2522,7,2476,6,2701,6,2639,6,2633,6,2604,6,2673,7,2697,7,2673,6,2678,7,3112,7,3042,7,2782,7,3125,6,2715,6,2881,6,2692,6,2835,7,2841,7,2721,6,2883,7,2731,6,2716,7,2851,7,2749,6,2699,6,2719,7
,1:28:00,37,2411,7,2342,7,2428,6,2393,6,2344,6,2320,6,2405,7,2413,7,2618,7,2709,7,2788,7,2723,6,2462,6,2446,6,2508,6,2478,6,2457,6,2437,6,2531,7,2432,7,2607,7,2525,7,2482,6,2719,7,2658,6,2633,7,2608,6,2676,6,2683,6,2678,7,2674,7,3128,7,3043,7,2780,7,3128,6,2712,7,2884,6,2693,7,2832,7,2843,7,2729,6,2878,7,2735,7,2697,7,2857,6,2743,7,2699,6,2719,7
,1:32:00,37,2416,6,2332,6,2436,6,2410,6,2339,8,2324,6,2406,8,2413,6,2636,7,2708,7,2778,6,2717,7,2460,7,2440,6,2511,6,2486,7,2463,7,2435,6,2535,6,2439,7,2617,8,2523,7,2485,7,2710,8,2660,5,2638,6,2608,7,2672,7,2679,7,2673,7,2674,7,3125,7,3042,7,2787,6,3140,7,2732,7,2881,6,2701,7,2835,6,2845,7,2730,6,2880,7,2735,7,2714,6,2862,6,2742,7,2718,7,2718,7
,1:36:00,37,2430,6,2335,7,2424,7,2413,7,2341,6,2320,7,2404,7,2411,7,2617,7,2698,6,2779,7,2721,6,2464,6,2430,7,2504,6,2482,7,2460,7,2426,7,2517,7,2420,6,2622,6,2526,6,2481,7,2697,7,2638,6,2640,6,2610,7,2670,6,2684,6,2672,7,2675,7,3120,7,3046,7,2772,7,3137,7,2725,6,2878,6,2714,7,2835,6,2843,7,2720,6,2879,7,2742,6,2724,7,2852,7,2756,7,2698,7,2716,6
,1:40:00,37,2425,7,2334,6,2436,6,2403,6,2337,6,2310,6,2418,7,2413,7,2631,7,2707,7,2777,6,2724,7,2464,6,2436,6,2500,6,2489,7,2464,6,2444,6,2524,7,2427,7,2615,7,2532,7,2487,6,2705,7,2647,6,2644,6,2609,6,2675,6,2688,7,2659,6,2675,6,3113,7,3042,7,2785,6,3141,6,2732,6,2901,6,2704,6,2833,6,2852,6,2725,6,2880,7,2748,7,2707,6,2869,7,2742,7,2709,6,2733,7
,1:44:00,37,2422,7,2326,6,2430,6,2412,7,2334,6,2323,7,2388,6,2409,7,2633,6,2698,6,2778,6,2718,6,2464,6,2433,7,2509,7,2485,7,2452,6,2431,6,2523,6,2426,7,2610,6,2524,7,2483,7,2706,7,2642,6,2632,6,2609,7,2674,6,2681,6,2671,6,2669,7,3107,7,3031,7,2781,6,3148,6,2717,6,2896,6,2707,6,2835,7,2858,7,2728,7,2883,6,2745,7,2718,6,2871,7,2751,7,2707,7,2720,7
,1:48:00,37.1,2431,6,2335,6,2443,6,2397,7,2346,7,2319,7,2400,6,2399,7,2628,6,2707,6,2777,6,2726,7,2463,6,2428,6,2506,6,2489,6,2462,6,2432,6,2519,6,2422,7,2621,7,2523,6,2476,7,2712,7,2646,6,2633,7,2609,7,2675,6,2672,7,2662,6,2677,7,3109,7,3041,7,2781,6,3150,7,2727,6,2877,6,2700,6,2838,6,2849,7,2727,7,2896,7,2742,7,2715,7,2866,7,2752,7,2719,6,2720,6
,1:52:00,37,2431,6,2332,7,2437,6,2400,7,2336,7,2320,6,2401,7,2398,7,2616,7,2714,7,2780,7,2723,7,2466,6,2430,6,2505,7,2475,7,2457,7,2416,6,2520,6,2419,7,2617,8,2534,7,2490,6,2710,6,2638,7,2630,6,2602,7,2670,7,2676,7,2663,6,2665,6,3118,6,3041,6,2786,7,3153,7,2729,7,2888,7,2710,6,2831,7,2868,7,2726,6,2880,6,2742,7,2726,7,2860,7,2750,6,2698,6,2712,7
,1:56:00,37,2428,7,2331,6,2447,7,2402,7,2340,7,2332,7,2407,7,2410,7,2627,7,2719,6,2794,6,2716,7,2475,6,2432,7,2520,7,2489,7,2470,6,2437,7,2509,6,2429,7,2618,6,2534,7,2483,6,2707,6,2646,7,2641,6,2606,6,2673,7,2685,7,2659,7,2661,7,3109,6,3054,6,2791,6,3150,7,2734,7,2894,6,2694,6,2841,7,2868,7,2728,7,2900,7,2747,6,2720,7,2873,7,2755,7,2720,7,2729,7
,2:00:00,37,2429,6,2338,6,2444,6,2403,6,2331,7,2329,7,2401,6,2399,6,2630,6,2717,7,2785,7,2723,6,2467,6,2430,6,2508,6,2484,6,2468,6,2440,7,2517,6,2423,7,2614,7,2535,7,2495,6,2706,6,2648,6,2634,7,2606,6,2663,7,2673,7,2653,7,2668,7,3110,7,3049,6,2793,6,3169,7,2726,7,2904,6,2705,7,2850,7,2859,6,2736,7,2902,6,2739,7,2720,7,2872,7,2757,7,2723,7,2714,7
,2:04:00,37,2419,6,2335,6,2443,6,2407,7,2330,7,2315,7,2399,7,2391,6,2622,7,2702,7,2774,7,2729,7,2456,6,2422,7,2504,7,2490,6,2458,6,2431,7,2516,7,2418,6,2607,7,2518,7,2480,6,2697,6,2640,6,2627,5,2598,6,2658,6,2682,6,2658,7,2653,6,3100,7,3046,7,2782,6,3151,7,2730,7,2897,6,2722,7,2854,6,2852,6,2735,7,2898,7,2746,7,2715,7,2873,6,2746,6,2717,6,2725,7
,2:08:00,37.1,2420,6,2330,6,2446,6,2408,6,2326,6,2312,6,2395,7,2385,7,2625,6,2700,7,2778,7,2730,6,2455,6,2431,7,2505,7,2471,6,2453,7,2431,6,2508,7,2412,7,2608,7,2521,6,2487,6,2707,6,2644,6,2630,6,2590,7,2664,7,2681,6,2644,6,2651,6,3105,6,3023,7,2777,7,3154,7,2730,6,2898,6,2713,6,2836,6,2861,6,2730,7,2886,7,2749,6,2709,7,2866,6,2738,7,2718,7,2717,6
,2:12:00,37,2416,6,2325,6,2441,6,2390,6,2326,6,2306,6,2390,6,2387,7,2614,6,2710,6,2773,7,2722,6,2448,6,2414,7,2495,6,2464,7,2439,6,2419,6,2513,6,2414,7,2608,7,2527,7,2481,6,2688,6,2637,6,2624,6,2600,6,2667,6,2679,6,2648,6,2643,7,3099,7,3034,7,2790,7,3149,6,2717,7,2889,6,2697,6,2843,6,2864,7,2726,6,2888,6,2739,7,2719,7,2866,7,2755,7,2707,7,2716,7
,2:16:00,37,2415,6,2319,6,2451,6,2400,6,2324,6,2305,7,2393,6,2386,7,2621,6,2701,7,2778,7,2724,6,2454,6,2430,7,2494,6,2467,7,2432,6,2428,7,2518,7,2412,7,2616,7,2517,6,2483,7,2690,6,2635,6,2628,6,2585,6,2658,6,2678,6,2648,7,2648,6,3109,7,3036,7,2778,7,3136,7,2728,6,2899,6,2696,6,2835,6,2864,7,2737,7,2879,6,2754,7,2706,7,2866,7,2732,7,2704,7,2725,7
,2:20:00,37,2417,6,2332,6,2448,6,2405,7,2338,7,2305,6,2401,6,2391,7,2621,7,2707,7,2784,6,2733,6,2455,7,2421,7,2498,6,2470,6,2456,6,2420,7,2504,6,2419,7,2613,7,2523,6,2486,7,2703,7,2650,7,2633,6,2605,6,2660,7,2679,6,2655,7,2654,7,3116,6,3036,6,2788,6,3159,7,2730,7,2900,6,2699,6,2846,6,2858,6,2732,7,2893,7,2751,7,2723,6,2872,7,2750,6,2715,6,2714,7
,2:24:00,37,2418,6,2338,6,2453,6,2407,6,2326,7,2306,6,2399,6,2390,7,2623,6,2722,6,2782,6,2737,6,2454,6,2426,6,2510,6,2478,6,2451,6,2430,7,2512,7,2418,7,2622,6,2525,7,2479,6,2699,6,2646,6,2629,7,2598,6,2661,7,2672,6,2644,7,2650,7,3108,7,3041,6,2782,7,3171,6,2733,7,2915,6,2708,6,2846,6,2869,6,2736,7,2900,6,2745,7,2726,7,2877,7,2754,7,2715,6,2723,7
,2:28:00,37,2421,6,2326,7,2453,6,2403,7,2332,7,2312,7,2395,6,2397,7,2630,7,2700,6,2786,7,2721,5,2456,6,2428,6,2501,7,2462,6,2448,6,2433,6,2506,6,2422,7,2630,6,2513,7,2480,7,2693,6,2642,6,2648,6,2597,7,2672,7,2674,7,2657,7,2651,6,3120,6,3049,7,2798,7,3175,7,2734,6,2912,6,2715,6,2846,7,2864,7,2748,6,2898,7,2750,6,2715,7,2881,7,2751,7,2724,7,2733,6
,2:32:00,37,2420,7,2336,7,2445,6,2396,6,2329,6,2308,6,2401,6,2386,7,2631,6,2709,6,2788,7,2733,7,2457,6,2413,6,2503,7,2467,6,2446,7,2419,6,2502,6,2416,7,2619,7,2522,7,2481,7,2708,6,2640,6,2633,6,2607,6,2659,6,2668,6,2645,7,2654,7,3109,6,3054,7,2794,7,3177,6,2736,7,2914,6,2715,7,2845,7,2868,7,2734,6,2895,7,2763,7,2729,6,2874,7,2756,7,2729,6,2723,6
,2:36:00,37,2415,6,2328,6,2449,6,2398,7,2322,6,2313,6,2395,7,2392,6,2622,6,2717,6,2776,7,2740,6,2447,6,2415,6,2488,6,2477,6,2443,6,2419,7,2511,6,2401,7,2621,7,2516,7,2481,6,2701,7,2638,6,2627,6,2603,6,2655,7,2668,7,2642,7,2639,6,3115,7,3044,7,2790,7,3160,6,2724,6,2901,6,2701,7,2846,6,2866,6,2741,7,2892,7,2749,7,2726,6,2878,7,2752,6,2732,7,2725,7
,2:40:00,37,2413,6,2327,6,2456,6,2401,6,2329,6,2317,7,2404,6,2378,7,2618,6,2707,7,2781,7,2725,6,2450,6,2417,7,2503,7,2468,6,2440,6,2433,7,2496,7,2413,7,2604,6,2523,7,2484,6,2699,6,2630,6,2633,7,2587,6,2655,7,2670,7,2637,7,2652,7,3099,6,3044,7,2788,7,3169,6,2718,6,2908,6,2700,7,2840,6,2868,7,2753,6,2892,7,2739,6,2710,6,2880,7,2752,7,2726,7,2718,7
,2:44:00,37,2417,6,2324,6,2458,7,2412,7,2326,6,2310,7,2394,6,2381,7,2619,7,2709,6,2774,6,2729,6,2446,7,2410,6,2498,6,2473,7,2452,6,2421,7,2499,7,2404,7,2613,6,2520,7,2488,6,2686,6,2640,7,2635,6,2597,7,2657,6,2666,7,2640,7,2641,6,3102,7,3051,7,2783,7,3161,6,2731,6,2899,6,2705,6,2837,6,2866,6,2729,6,2892,6,2770,7,2726,6,2882,7,2751,7,2723,6,2727,6
,2:48:00,37.1,2424,6,2329,6,2451,6,2412,7,2329,7,2303,6,2398,7,2380,7,2624,7,2707,7,2788,7,2729,6,2461,6,2419,6,2497,6,2471,6,2448,6,2432,7,2498,6,2414,7,2621,7,2520,7,2489,7,2687,6,2641,6,2633,7,2607,7,2661,6,2662,7,2655,7,2650,7,3101,7,3047,6,2796,7,3168,6,2735,7,2909,6,2718,6,2843,7,2877,6,2746,7,2889,6,2761,7,2722,6,2879,7,2753,7,2723,7,2725,7
,2:52:00,37,2418,5,2327,6,2463,6,2405,7,2327,7,2299,7,2395,7,2389,6,2636,7,2703,7,2791,7,2732,6,2456,6,2416,6,2512,6,2465,7,2447,6,2429,7,2511,6,2405,7,2616,6,2509,6,2494,7,2694,6,2639,6,2629,5,2604,6,2658,7,2668,6,2655,7,2646,7,3115,7,3045,7,2789,7,3174,7,2746,7,2907,7,2705,6,2839,6,2863,7,2741,6,2887,6,2756,6,2725,7,2878,7,2761,6,2732,6,2716,7
,2:56:00,37,2423,6,2333,7,2467,6,2402,7,2331,7,2308,7,2396,6,2397,7,2628,7,2710,6,2788,7,2739,6,2450,6,2417,7,2505,6,2475,7,2446,7,2439,6,2514,6,2406,7,2616,7,2518,7,2495,6,2686,6,2639,6,2641,6,2605,6,2654,6,2668,7,2637,7,2637,7,3097,7,3054,7,2794,7,3177,6,2735,7,2915,6,2713,7,2856,7,2866,7,2755,7,2897,7,2764,7,2718,7,2877,7,2746,7,2722,7,2732,7
,3:00:00,37,2417,6,2328,6,2454,6,2402,6,2316,6,2303,7,2397,7,2389,7,2630,7,2716,6,2792,7,2734,7,2443,7,2411,7,2499,6,2469,6,2447,6,2426,7,2505,7,2409,7,2618,7,2525,7,2491,7,2686,7,2642,6,2635,7,2603,6,2655,5,2669,6,2645,7,2642,6,3105,6,3060,6,2793,6,3186,7,2736,8,2916,6,2698,6,2850,6,2859,6,2742,6,2898,6,2759,6,2720,7,2888,7,2751,7,2728,7,2729,6
,3:04:00,37,2421,6,2332,6,2463,6,2397,6,2326,6,2303,6,2393,7,2392,7,2615,6,2712,8,2786,7,2732,7,2455,7,2424,7,2508,6,2465,6,2444,7,2430,7,2502,7,2411,6,2621,7,2504,7,2489,7,2680,6,2635,6,2633,6,2598,6,2652,7,2669,7,2639,6,2641,7,3113,7,3055,6,2796,8,3183,7,2728,6,2929,6,2717,7,2849,6,2870,6,2751,7,2898,8,2770,7,2723,6,2882,6,2769,7,2737,6,2722,8
,3:08:00,37,2417,6,2336,6,2459,6,2401,6,2318,7,2304,6,2402,7,2381,7,2627,6,2714,7,2786,6,2741,6,2452,6,2420,7,2501,6,2465,7,2443,7,2424,7,2505,7,2404,7,2621,6,2514,7,2482,7,2685,7,2645,7,2636,7,2607,7,2649,6,2675,6,2642,7,2638,7,3110,7,3048,7,2792,6,3173,7,2736,7,2920,6,2717,6,2852,6,2871,6,2752,7,2894,6,2760,7,2712,6,2897,7,2759,6,2735,7,2730,7
,3:12:00,37,2415,6,2334,6,2460,5,2408,7,2317,7,2299,6,2391,6,2384,6,2627,6,2714,6,2771,7,2730,7,2457,6,2421,6,2495,6,2462,6,2443,6,2426,6,2498,6,2410,7,2628,7,2514,6,2478,6,2694,6,2639,6,2632,6,2597,7,2640,7,2659,7,2635,6,2642,7,3102,6,3044,6,2789,6,3183,7,2724,6,2919,6,2712,6,2852,6,2867,6,2750,6,2881,6,2769,7,2722,7,2884,7,2763,7,2722,7,2734,7
,3:16:00,37,2414,7,2330,7,2454,7,2409,6,2316,7,2288,7,2392,6,2378,6,2612,7,2710,6,2772,6,2718,6,2446,6,2401,6,2484,6,2458,6,2444,8,2421,7,2503,6,2403,6,2626,6,2517,7,2485,7,2685,7,2631,6,2616,6,2601,6,2655,7,2661,7,2634,7,2644,6,3099,7,3041,7,2797,7,3179,7,2735,6,2919,6,2709,7,2842,6,2869,7,2747,6,2879,8,2752,7,2710,7,2891,7,2759,6,2740,7,2718,7
,3:20:00,37,2406,6,2322,6,2461,6,2398,7,2315,6,2290,7,2390,7,2386,6,2619,6,2712,6,2771,7,2733,6,2436,7,2408,6,2494,6,2461,7,2432,7,2428,6,2500,6,2399,6,2608,7,2507,6,2491,7,2690,7,2624,6,2622,6,2597,6,2649,6,2660,6,2633,6,2623,7,3103,7,3031,7,2780,7,3177,7,2737,6,2917,7,2701,7,2849,6,2860,6,2737,6,2889,6,2752,6,2719,7,2878,6,2751,7,2727,7,2727,7
,3:24:00,37,2420,6,2326,6,2461,6,2399,6,2308,7,2299,6,2388,8,2383,7,2619,6,2710,7,2775,6,2751,6,2448,6,2404,6,2490,6,2460,6,2431,6,2433,7,2507,6,2406,7,2614,7,2513,7,2480,7,2683,6,2632,6,2631,6,2592,6,2651,6,2651,6,2625,7,2620,6,3101,7,3046,7,2784,7,3192,7,2731,7,2925,6,2708,6,2852,7,2865,6,2749,7,2891,7,2752,7,2729,6,2892,6,2754,7,2735,7,2724,7
,3:28:00,37,2411,6,2334,6,2473,7,2415,6,2309,6,2300,6,2395,7,2376,7,2621,7,2708,7,2769,6,2744,6,2445,6,2405,7,2496,6,2463,6,2431,6,2424,7,2503,6,2412,7,2623,7,2521,6,2481,7,2689,7,2632,6,2622,6,2601,6,2655,6,2659,7,2637,6,2643,6,3109,7,3051,6,2801,6,3185,7,2734,6,2925,6,2710,6,2858,7,2863,6,2766,6,2881,7,2760,6,2722,6,2893,6,2762,7,2731,7,2715,7
,3:32:00,37.1,2411,6,2333,6,2467,7,2398,7,2312,7,2306,7,2397,7,2386,7,2630,7,2713,7,2770,7,2733,7,2447,6,2416,7,2488,6,2463,7,2445,6,2427,7,2492,6,2409,7,2615,7,2525,7,2489,7,2697,6,2641,5,2629,6,2604,6,2650,6,2663,7,2635,6,2628,7,3109,7,3060,6,2804,7,3188,7,2731,7,2923,6,2711,6,2853,7,2870,6,2752,6,2894,7,2764,7,2722,7,2895,7,2751,7,2729,7,2727,6
,3:36:00,37,2423,6,2334,6,2475,7,2407,7,2319,6,2301,6,2389,7,2380,6,2621,7,2714,6,2789,6,2743,6,2447,6,2403,6,2499,7,2455,6,2445,7,2438,6,2503,7,2404,7,2627,7,2512,7,2481,5,2687,6,2634,6,2633,6,2603,6,2644,7,2658,7,2635,6,2642,7,3114,7,3052,6,2794,6,3200,7,2742,7,2935,5,2707,6,2862,6,2879,7,2757,7,2883,6,2754,6,2735,7,2892,7,2764,7,2740,7,2737,6
,3:40:00,37,2406,7,2336,6,2469,6,2403,7,2319,6,2292,6,2392,7,2380,6,2629,6,2719,7,2767,7,2741,6,2441,6,2405,6,2494,6,2456,6,2428,6,2425,7,2493,6,2400,6,2611,7,2526,7,2475,6,2676,7,2631,6,2630,6,2605,6,2655,7,2658,7,2638,6,2632,6,3094,7,3047,7,2802,6,3185,7,2728,6,2936,6,2719,6,2842,6,2879,6,2745,6,2894,6,2746,7,2723,6,2879,6,2761,7,2740,6,2725,7
,3:44:00,37,2411,6,2341,6,2466,6,2410,6,2309,6,2301,6,2384,7,2376,6,2628,7,2717,6,2784,6,2738,6,2440,6,2408,6,2497,7,2463,7,2441,6,2419,7,2495,7,2409,7,2617,7,2513,7,2480,7,2702,7,2628,6,2628,6,2593,6,2653,6,2661,7,2637,6,2628,6,3096,7,3054,6,2792,6,3193,6,2744,6,2921,6,2709,6,2859,7,2871,6,2754,7,2887,6,2758,7,2721,7,2903,7,2763,7,2740,7,2725,6
,3:48:00,37,2403,6,2329,6,2472,6,2402,6,2308,7,2296,7,2395,7,2375,6,2626,7,2710,7,2775,6,2747,6,2440,6,2408,7,2490,7,2465,7,2436,7,2423,6,2489,6,2408,7,2613,6,2509,6,2494,7,2688,6,2638,6,2629,6,2593,6,2652,6,2665,6,2639,6,2640,7,3091,7,3049,6,2805,7,3184,7,2742,7,2930,7,2714,6,2841,7,2872,7,2756,7,2877,6,2758,6,2720,7,2897,7,2765,6,2738,6,2728,7
,3:52:00,37.1,2410,6,2333,6,2466,6,2393,6,2300,6,2298,7,2391,7,2371,6,2616,8,2717,7,2774,7,2739,6,2439,6,2400,7,2495,7,2461,6,2436,6,2422,6,2490,7,2391,6,2624,7,2509,7,2490,6,2681,7,2635,6,2625,6,2594,6,2643,7,2655,6,2629,7,2622,7,3097,7,3056,7,2795,7,3189,6,2738,7,2913,7,2711,7,2847,6,2875,6,2742,6,2878,6,2759,7,2717,6,2903,6,2740,7,2734,7,2729,6
,3:56:00,37,2412,6,2336,6,2473,7,2399,5,2307,6,2299,6,2387,6,2381,6,2621,6,2722,7,2779,6,2748,6,2439,6,2397,6,2489,6,2455,6,2431,6,2425,6,2494,7,2405,7,2618,7,2514,6,2500,7,2684,7,2643,6,2619,6,2600,7,2646,6,2652,6,2629,7,2623,7,3096,6,3041,7,2791,6,3193,6,2734,6,2930,6,2716,6,2864,7,2873,6,2756,7,2879,7,2762,7,2727,6,2903,6,2758,7,2750,7,2732,6
,4:00:00,37,2411,6,2331,6,2479,6,2395,6,2315,7,2303,6,2404,7,2375,7,2623,7,2720,6,2786,7,2744,7,2449,6,2403,6,2503,6,2461,7,2446,7,2425,6,2492,7,2402,7,2632,7,2516,7,2492,7,2675,6,2636,6,2632,6,2595,6,2637,7,2664,7,2642,7,2626,6,3098,7,3055,7,2804,7,3199,6,2746,6,2932,7,2709,7,2848,6,2876,6,2753,6,2882,6,2760,7,2733,7,2901,7,2758,7,2737,7,2731,7
,4:04:00,37,2421,6,2330,7,2475,6,2416,6,2318,7,2299,7,2407,6,2382,7,2629,7,2717,6,2774,6,2750,7,2445,5,2406,6,2497,7,2458,7,2442,6,2427,7,2491,6,2404,8,2624,7,2518,6,2489,7,2687,7,2644,7,2621,6,2595,6,2652,6,2666,7,2630,7,2630,6,3105,7,3051,6,2794,7,3191,7,2747,7,2940,6,2715,6,2856,6,2886,7,2762,7,2885,7,2760,7,2728,6,2904,7,2762,7,2732,6,2735,7
,4:08:00,37,2414,6,2335,6,2469,6,2407,6,2311,7,2293,7,2403,6,2385,7,2623,7,2723,7,2781,7,2757,7,2442,6,2401,7,2495,7,2461,6,2446,6,2422,7,2496,6,2406,8,2633,7,2517,7,2489,7,2684,6,2634,6,2639,7,2594,6,2643,7,2667,6,2635,6,2635,7,3096,7,3056,7,2792,7,3200,7,2745,6,2930,6,2704,7,2852,6,2872,6,2763,7,2892,7,2764,7,2728,6,2908,6,2754,7,2748,6,2733,7
,4:12:00,37,2416,6,2344,7,2475,7,2403,6,2323,7,2302,6,2393,7,2374,6,2635,7,2707,5,2788,6,2750,7,2445,6,2417,6,2503,6,2457,6,2445,6,2430,7,2505,6,2400,7,2622,6,2516,7,2494,7,2683,6,2637,7,2630,6,2599,6,2648,6,2646,7,2633,7,2629,7,3099,7,3054,7,2792,6,3198,7,2733,6,2933,5,2715,6,2860,7,2878,6,2754,7,2894,6,2759,6,2726,7,2901,6,2760,7,2752,7,2729,7
,4:16:00,37,2410,6,2337,6,2479,6,2406,6,2303,7,2302,7,2396,7,2390,7,2637,7,2721,7,2792,6,2747,6,2451,7,2400,6,2499,6,2457,6,2440,6,2433,6,2495,7,2401,7,2626,6,2516,6,2485,6,2675,6,2639,6,2624,6,2596,6,2639,6,2663,5,2625,7,2633,7,3103,6,3044,7,2794,6,3208,7,2735,7,2942,6,2714,6,2861,6,2871,7,2770,6,2887,7,2757,7,2727,7,2902,7,2763,6,2748,7,2737,6
,4:20:00,37.1,2414,6,2340,6,2473,6,2409,6,2312,7,2291,6,2390,7,2359,7,2633,7,2720,6,2777,6,2750,7,2442,6,2402,6,2494,6,2461,7,2430,6,2429,7,2498,7,2392,6,2627,7,2507,6,2485,6,2683,7,2630,6,2626,7,2592,6,2658,6,2663,6,2623,7,2633,6,3094,7,3053,7,2796,6,3201,7,2745,6,2935,7,2709,6,2852,7,2871,6,2753,7,2880,6,2760,7,2731,6,2905,7,2765,7,2742,7,2720,7
,4:24:00,37,2400,5,2334,6,2476,7,2400,7,2300,6,2294,6,2401,7,2367,7,2619,6,2711,7,2774,6,2749,6,2441,6,2396,6,2488,6,2457,6,2431,6,2416,7,2495,7,2391,7,2618,7,2516,6,2498,6,2677,7,2624,6,2616,6,2598,6,2640,6,2657,6,2622,7,2621,6,3105,7,3047,7,2787,7,3197,7,2732,6,2927,6,2712,6,2855,7,2875,6,2757,6,2887,7,2760,6,2720,7,2902,7,2765,6,2743,7,2732,7
,4:28:00,37,2398,6,2331,6,2474,6,2407,6,2300,7,2284,7,2395,7,2374,7,2625,7,2720,6,2788,6,2757,7,2430,6,2403,6,2487,6,2452,6,2431,7,2421,7,2503,7,2397,7,2623,7,2508,7,2482,6,2683,6,2632,6,2621,6,2596,6,2636,6,2646,6,2620,6,2633,6,3108,6,3048,7,2804,6,3185,7,2734,6,2933,7,2717,7,2847,6,2873,7,2746,6,2879,6,2753,7,2737,7,2907,7,2755,7,2737,6,2740,7
,4:32:00,37,2411,6,2337,6,2483,6,2414,6,2317,7,2295,7,2389,6,2374,6,2635,6,2723,6,2794,6,2757,7,2446,6,2402,6,2494,6,2455,6,2439,6,2430,7,2502,7,2403,7,2626,7,2513,7,2486,7,2691,6,2631,6,2619,6,2597,7,2647,6,2655,6,2636,7,2624,7,3097,6,3062,6,2795,7,3212,6,2742,6,2931,6,2712,6,2861,6,2879,6,2768,6,2888,6,2778,7,2732,7,2913,7,2767,7,2756,6,2720,7
,4:36:00,37,2413,5,2338,6,2483,6,2421,7,2307,6,2289,7,2397,6,2375,7,2634,7,2730,7,2788,7,2748,6,2437,6,2401,6,2498,6,2459,7,2437,6,2429,7,2493,6,2394,7,2629,7,2513,7,2487,6,2672,7,2630,6,2630,6,2600,7,2651,6,2661,6,2626,6,2625,7,3093,7,3051,7,2792,6,3192,7,2739,7,2933,7,2705,7,2854,6,2879,6,2760,7,2884,6,2758,7,2737,7,2916,7,2770,6,2740,7,2736,7
,4:40:00,37,2405,7,2335,6,2486,6,2415,6,2315,7,2298,6,2394,7,2374,7,2628,6,2724,7,2782,7,2758,7,2450,7,2398,6,2500,7,2452,7,2433,6,2424,7,2498,7,2405,7,2635,7,2524,6,2500,7,2685,7,2632,6,2630,7,2606,6,2645,6,2661,7,2626,6,2624,7,3106,7,3064,7,2808,7,3210,6,2744,6,2934,7,2706,7,2864,7,2881,6,2759,6,2885,7,2767,6,2726,6,2912,7,2771,7,2756,8,2736,6
,4:44:00,37.1,2406,6,2337,6,2486,7,2410,6,2315,6,2294,7,2396,6,2371,7,2630,7,2740,7,2785,7,2763,6,2441,6,2409,6,2497,7,2451,6,2437,7,2428,7,2494,6,2398,7,2625,7,2512,7,2494,7,2681,7,2634,6,2626,6,2596,6,2645,6,2666,7,2623,7,2628,7,3104,7,3061,7,2791,7,3214,7,2734,7,2944,7,2710,6,2858,7,2889,6,2755,7,2883,6,2770,7,2737,7,2904,6,2766,6,2749,7,2750,7
,4:48:00,37,2412,6,2336,7,2485,7,2418,7,2309,7,2293,7,2391,6,2385,7,2626,7,2726,7,2789,7,2752,6,2449,6,2397,7,2492,6,2457,7,2439,6,2431,7,2486,7,2404,6,2631,6,2522,6,2488,6,2674,7,2636,7,2625,7,2600,7,2646,7,2666,6,2632,7,2624,7,3096,7,3039,7,2805,7,3202,7,2739,6,2929,6,2716,6,2867,6,2883,7,2768,6,2888,7,2756,7,2734,6,2898,7,2763,7,2740,7,2727,7
,4:52:00,37,2412,6,2339,6,2485,6,2407,6,2311,7,2296,7,2398,7,2387,7,2622,7,2718,6,2778,7,2769,6,2436,7,2396,6,2490,7,2455,6,2430,6,2426,7,2491,7,2397,7,2627,7,2515,6,2493,6,2687,6,2635,6,2628,6,2583,6,2639,7,2654,6,2613,7,2629,7,3098,7,3063,6,2789,6,3201,6,2751,7,2942,6,2716,7,2853,6,2876,6,2757,6,2885,7,2766,7,2724,7,2909,7,2760,6,2755,7,2746,7
,4:56:00,37,2404,6,2339,6,2483,6,2402,6,2308,7,2282,6,2394,6,2376,7,2630,6,2726,6,2791,6,2757,6,2438,6,2397,7,2493,6,2439,7,2435,6,2426,6,2497,7,2401,7,2621,7,2521,7,2494,6,2684,6,2638,6,2621,6,2599,6,2653,6,2653,6,2620,7,2611,7,3096,7,3051,6,2803,6,3195,7,2741,6,2943,6,2707,6,2861,7,2887,7,2770,7,2877,7,2762,7,2735,7,2906,7,2766,7,2741,6,2731,7
,5:00:00,37,2415,6,2333,6,2487,6,2416,6,2307,6,2283,7,2382,6,2378,6,2625,6,2732,7,2791,6,2761,7,2445,6,2405,6,2497,6,2451,7,2436,7,2424,6,2500,7,2399,6,2627,6,2512,6,2492,6,2676,7,2628,7,2633,6,2594,7,2643,6,2652,6,2612,7,2624,6,3105,7,3057,7,2793,6,3205,6,2748,7,2926,6,2708,7,2865,7,2887,7,2753,7,2886,7,2758,6,2735,7,2919,7,2757,7,2758,7,2739,7
,5:04:00,37,2409,6,2350,6,2491,6,2413,7,2307,7,2299,6,2387,6,2375,7,2623,7,2729,6,2795,6,2760,6,2436,6,2394,6,2503,7,2456,7,2438,6,2436,7,2486,7,2401,7,2636,7,2511,7,2497,7,2675,7,2638,6,2631,6,2596,6,2654,7,2658,6,2622,6,2619,7,3104,7,3058,6,2796,7,3208,7,2743,7,2941,6,2712,6,2865,6,2886,6,2769,7,2882,7,2764,7,2733,6,2917,7,2754,6,2753,7,2736,7
,5:08:00,37,2410,6,2341,6,2488,7,2409,6,2304,7,2298,7,2397,6,2382,7,2630,7,2737,7,2785,7,2769,7,2446,6,2396,7,2493,6,2460,6,2436,7,2435,6,2490,7,2398,6,2619,7,2515,7,2479,7,2681,7,2633,6,2624,6,2598,7,2647,6,2661,7,2627,6,2622,7,3100,6,3045,7,2792,7,3197,6,2755,6,2953,6,2708,6,2871,6,2888,6,2763,6,2881,6,2763,7,2739,7,2911,6,2768,7,2744,7,2746,6
,5:12:00,37,2405,6,2339,6,2484,6,2413,6,2309,6,2299,7,2397,7,2376,7,2625,7,2727,6,2787,6,2760,6,2424,6,2399,7,2498,6,2457,7,2438,6,2429,7,2499,7,2394,7,2644,7,2517,6,2497,7,2678,7,2635,6,2627,6,2597,6,2643,7,2658,6,2617,6,2634,6,3094,7,3047,6,2801,7,3202,6,2749,6,2940,6,2707,5,2864,7,2883,6,2766,7,2884,6,2758,7,2720,7,2927,7,2761,7,2755,7,2737,6
,5:16:00,37,2401,6,2342,6,2477,7,2411,6,2304,7,2286,6,2401,6,2379,6,2643,7,2725,6,2787,6,2768,6,2440,6,2397,6,2498,6,2455,6,2427,6,2436,7,2493,7,2393,6,2636,7,2514,7,2490,7,2682,7,2642,7,2624,6,2595,7,2632,7,2653,6,2625,6,2625,6,3095,7,3057,7,2800,6,3205,7,2741,7,2939,6,2719,6,2867,6,2887,7,2778,6,2878,7,2761,7,2731,7,2925,6,2764,7,2759,7,2741,7
,5:20:00,37,2402,6,2341,6,2489,7,2423,6,2304,6,2286,6,2405,7,2377,7,2629,7,2731,7,2792,6,2768,6,2444,6,2397,6,2497,6,2465,6,2434,6,2429,7,2492,6,2412,6,2640,7,2514,7,2495,6,2681,6,2629,6,2627,6,2605,6,2634,6,2663,6,2622,7,2622,7,3094,7,3068,7,2801,7,3203,7,2750,7,2946,6,2704,6,2868,6,2879,7,2770,6,2888,7,2770,7,2740,6,2911,6,2757,7,2755,6,2736,6
,5:24:00,37.1,2407,6,2330,6,2481,6,2423,7,2304,6,2286,6,2399,7,2371,6,2623,6,2724,6,2783,7,2759,6,2439,6,2393,6,2490,6,2454,7,2439,7,2435,7,2496,6,2401,7,2638,7,2508,7,2493,7,2680,7,2629,6,2625,6,2601,6,2653,6,2648,7,2619,7,2635,6,3106,7,3063,7,2804,7,3215,6,2750,6,2943,6,2704,7,2862,6,2889,7,2772,7,2880,7,2768,6,2738,7,2910,7,2758,7,2761,7,2743,6
,5:28:00,37.1,2408,5,2332,5,2481,6,2421,7,2292,7,2287,7,2382,7,2376,7,2624,7,2735,6,2788,6,2765,6,2447,6,2391,7,2499,6,2443,6,2424,7,2436,7,2500,6,2394,7,2634,7,2516,7,2499,6,2670,6,2623,6,2632,6,2597,6,2635,6,2655,6,2618,6,2612,7,3093,7,3055,6,2795,7,3204,6,2761,6,2956,6,2714,6,2863,6,2866,7,2770,6,2885,6,2760,7,2730,6,2917,7,2764,7,2766,7,2745,7
,5:32:00,37,2404,6,2346,6,2481,6,2422,6,2302,6,2281,6,2390,6,2372,7,2625,6,2727,7,2789,6,2770,7,2429,6,2392,6,2496,8,2454,6,2436,7,2425,7,2496,7,2400,6,2628,7,2519,7,2489,6,2678,7,2640,6,2630,6,2591,7,2639,6,2662,7,2619,6,2619,6,3111,6,3049,6,2796,7,3209,7,2738,6,2943,6,2723,6,2861,7,2878,6,2768,6,2879,7,2761,7,2731,6,2921,7,2761,6,2755,7,2736,6
,5:36:00,37,2400,7,2343,6,2485,6,2422,6,2304,7,2291,7,2400,7,2375,6,2625,7,2733,6,2782,7,2760,7,2439,6,2399,7,2494,7,2456,6,2430,6,2433,7,2495,7,2396,6,2636,7,2517,7,2495,6,2674,7,2629,6,2627,6,2597,6,2652,7,2665,7,2630,6,2620,6,3103,6,3054,7,2800,7,3218,7,2744,7,2942,7,2719,6,2857,7,2885,7,2761,7,2883,6,2761,7,2737,7,2920,6,2769,6,2746,7,2747,7
,5:40:00,37.1,2410,6,2343,7,2483,6,2413,7,2312,7,2295,6,2391,6,2374,7,2618,7,2730,7,2786,6,2783,7,2433,6,2398,6,2498,6,2454,6,2438,6,2430,6,2502,7,2393,7,2635,7,2517,7,2509,7,2683,7,2643,7,2630,6,2604,7,2654,6,2658,7,2620,6,2614,7,3098,6,3056,6,2813,7,3206,6,2751,7,2946,6,2720,6,2871,7,2886,7,2767,7,2883,7,2765,7,2739,7,2922,7,2767,7,2752,7,2736,6
,5:44:00,37,2411,6,2339,7,2483,6,2421,6,2302,6,2291,6,2383,7,2383,6,2626,6,2729,7,2802,7,2770,7,2438,7,2396,6,2502,7,2462,6,2431,7,2433,7,2485,6,2396,7,2648,6,2515,7,2497,7,2670,7,2637,6,2635,6,2600,7,2637,6,2659,7,2620,7,2631,6,3100,7,3060,7,2807,7,3206,7,2762,6,2941,6,2715,6,2869,6,2895,7,2775,7,2876,7,2767,7,2743,7,2915,7,2769,7,2757,7,2751,7
,5:48:00,37,2408,6,2342,6,2489,6,2420,6,2311,7,2289,7,2392,7,2380,7,2628,7,2745,6,2785,6,2779,6,2442,6,2396,6,2488,6,2456,7,2440,6,2447,7,2494,6,2405,7,2631,6,2522,7,2502,7,2678,6,2642,6,2624,6,2595,6,2649,6,2649,6,2628,7,2622,7,3097,7,3057,6,2809,7,3209,7,2752,7,2942,6,2717,6,2872,6,2894,7,2771,7,2874,6,2754,7,2746,7,2922,7,2775,6,2764,7,2733,7
,5:52:00,37.1,2407,6,2341,6,2488,6,2428,6,2313,6,2289,7,2393,6,2373,7,2634,6,2737,6,2790,6,2775,7,2441,6,2397,7,2497,6,2462,6,2430,6,2439,6,2502,6,2398,6,2635,7,2508,7,2495,6,2671,6,2639,5,2635,6,2600,6,2636,6,2659,6,2621,7,2618,8,3109,7,3058,6,2799,7,3205,6,2754,7,2941,6,2715,6,2864,7,2890,6,2775,6,2886,7,2760,7,2739,7,2915,7,2770,7,2763,7,2738,7
,5:56:00,37,2408,6,2345,6,2493,6,2422,6,2303,6,2295,6,2400,6,2372,7,2639,7,2731,7,2793,6,2776,6,2446,7,2404,6,2503,6,2449,6,2437,6,2438,6,2486,7,2401,6,2643,6,2506,6,2498,6,2675,6,2636,6,2637,7,2600,6,2642,6,2647,6,2616,7,2619,7,3100,7,3057,7,2805,7,3213,7,2740,7,2942,7,2713,7,2864,6,2890,6,2769,7,2876,6,2761,6,2749,7,2916,6,2763,7,2761,7,2743,6
,6:00:00,37,2408,6,2346,6,2487,6,2418,6,2309,6,2294,6,2400,6,2362,6,2635,7,2746,7,2800,7,2778,7,2433,6,2403,6,2498,6,2459,6,2437,7,2437,6,2499,6,2392,6,2645,6,2522,6,2504,6,2685,7,2654,6,2640,6,2608,6,2645,6,2656,6,2617,7,2628,6,3103,7,3066,7,2818,6,3204,6,2762,7,2954,6,2712,7,2873,6,2892,6,2769,7,2877,6,2764,7,2740,7,2926,6,2754,6,2757,7,2734,8
,6:04:00,37,2414,6,2337,7,2501,6,2429,6,2311,6,2292,7,2397,6,2371,7,2639,6,2732,6,2774,7,2778,6,2442,7,2400,6,2498,7,2456,7,2435,7,2436,6,2492,7,2395,7,2639,7,2520,6,2510,7,2675,6,2634,7,2629,6,2601,7,2648,6,2664,6,2624,6,2623,6,3106,7,3060,7,2823,6,3220,6,2743,6,2954,6,2718,6,2870,7,2884,7,2775,7,2882,7,2757,7,2739,7,2920,6,2773,7,2781,7,2751,7
,6:08:00,37,2415,6,2341,6,2486,6,2426,6,2309,6,2294,6,2400,7,2374,7,2642,7,2736,6,2800,7,2790,7,2438,6,2404,6,2495,7,2465,7,2437,7,2443,6,2497,6,2403,6,2632,7,2518,6,2509,7,2674,6,2638,7,2635,6,2610,6,2643,6,2657,6,2618,6,2627,7,3097,7,3066,7,2809,7,3211,7,2753,6,2947,6,2723,6,2874,7,2898,7,2775,6,2879,7,2766,7,2749,6,2917,7,2768,7,2768,7,2744,7
,6:12:00,37.1,2413,6,2342,6,2486,6,2422,7,2303,7,2291,7,2400,7,2376,7,2643,6,2738,7,2798,7,2783,7,2432,6,2407,6,2507,6,2452,6,2442,7,2443,6,2512,6,2396,7,2636,7,2516,7,2503,6,2676,7,2645,6,2641,6,2606,7,2649,6,2668,7,2633,7,2624,6,3113,6,3069,7,2806,7,3215,6,2760,6,2950,6,2718,7,2870,7,2897,7,2783,7,2873,7,2771,7,2737,6,2922,6,2783,7,2767,6,2750,8
,6:16:00,37,2421,7,2340,6,2491,6,2424,7,2309,7,2291,6,2402,6,2385,7,2634,7,2741,7,2795,6,2783,6,2444,6,2399,7,2504,6,2464,6,2435,7,2428,6,2490,6,2411,6,2629,6,2526,7,2515,7,2677,6,2640,6,2640,6,2611,7,2648,7,2666,6,2622,7,2637,6,3098,7,3071,7,2806,7,3222,7,2759,7,2949,6,2729,7,2869,6,2895,7,2788,6,2887,7,2762,7,2735,6,2924,6,2773,7,2779,7,2749,7
,6:20:00,37,2414,6,2340,6,2484,6,2428,7,2302,6,2285,7,2389,7,2378,7,2640,7,2738,7,2793,6,2784,6,2435,6,2399,6,2507,6,2459,6,2439,7,2440,6,2499,7,2388,6,2643,7,2525,7,2493,6,2678,7,2638,6,2632,7,2605,6,2649,7,2663,7,2621,6,2612,7,3110,7,3072,7,2820,6,3220,7,2757,6,2945,5,2727,6,2875,6,2909,7,2781,6,2891,7,2773,7,2746,7,2924,7,2777,7,2761,7,2744,6
,6:24:00,37,2419,6,2342,5,2502,7,2425,6,2305,7,2290,6,2395,7,2371,7,2650,7,2744,7,2801,7,2774,6,2434,6,2409,7,2502,6,2459,6,2440,7,2440,7,2494,7,2403,7,2643,6,2523,6,2513,6,2669,7,2654,6,2632,7,2609,6,2654,7,2664,7,2613,7,2631,7,3119,7,3070,6,2812,7,3214,6,2758,6,2957,6,2714,6,2878,7,2909,7,2781,7,2884,7,2774,7,2748,7,2940,7,2774,7,2763,6,2751,7
,6:28:00,37,2409,7,2345,6,2501,6,2434,7,2301,6,2288,7,2402,6,2373,7,2620,7,2744,6,2781,7,2783,6,2440,6,2402,6,2502,6,2468,6,2435,7,2437,6,2503,6,2407,6,2655,6,2521,7,2504,6,2678,7,2635,6,2631,6,2600,7,2639,6,2649,7,2624,6,2618,6,3122,7,3066,6,2808,7,3224,6,2754,6,2952,6,2727,6,2869,7,2890,7,2780,6,2887,7,2760,7,2734,6,2932,7,2770,7,2772,7,2748,7
,6:32:00,37,2411,6,2342,6,2500,7,2434,7,2312,6,2296,6,2403,6,2376,6,2636,6,2749,6,2801,7,2781,7,2425,6,2401,6,2496,7,2448,6,2443,6,2439,7,2492,5,2401,7,2635,7,2528,6,2497,7,2669,7,2641,6,2631,7,2615,7,2645,6,2650,6,2617,7,2630,6,3107,7,3070,6,2809,7,3207,7,2769,6,2947,6,2717,6,2870,6,2894,7,2776,6,2881,7,2776,6,2745,7,2935,7,2769,6,2762,6,2755,7
,6:36:00,37,2408,6,2345,6,2493,6,2427,6,2301,7,2291,7,2393,6,2372,7,2639,7,2741,7,2799,7,2796,6,2433,6,2398,6,2502,6,2464,6,2437,6,2437,6,2496,6,2392,6,2637,7,2524,7,2505,6,2664,7,2647,6,2635,6,2601,7,2649,6,2661,6,2621,7,2625,7,3102,7,3059,6,2806,7,3225,7,2760,6,2949,6,2719,7,2864,6,2889,6,2786,7,2886,7,2775,7,2745,6,2927,7,2786,7,2772,7,2749,7
,6:40:00,37,2402,6,2352,6,2493,6,2428,6,2309,7,2295,7,2408,7,2376,7,2641,7,2734,7,2789,7,2795,6,2445,6,2403,6,2503,7,2469,6,2446,7,2450,7,2493,7,2406,7,2653,7,2532,7,2515,7,2665,7,2644,6,2642,6,2618,7,2658,7,2657,7,2611,7,2630,7,3113,6,3072,7,2816,7,3217,6,2755,6,2962,7,2727,6,2872,6,2910,6,2782,7,2885,6,2774,7,2750,6,2941,7,2779,7,2785,7,2753,7
,6:44:00,37,2416,6,2344,7,2510,6,2426,6,2309,7,2291,6,2396,7,2381,7,2640,7,2756,6,2806,6,2799,6,2440,7,2399,6,2508,6,2453,7,2442,6,2452,6,2489,6,2408,7,2646,6,2524,6,2507,6,2673,6,2643,6,2630,6,2608,6,2655,6,2660,6,2628,7,2620,7,3102,7,3062,6,2815,6,3222,7,2761,6,2958,6,2725,6,2881,6,2911,6,2778,6,2889,6,2782,7,2759,6,2939,7,2780,7,2780,7,2766,7
,6:48:00,37,2414,6,2345,6,2498,7,2433,6,2295,7,2303,7,2400,6,2378,7,2632,6,2744,7,2808,6,2790,7,2438,6,2398,6,2502,7,2455,6,2441,7,2448,6,2498,7,2403,7,2634,7,2521,7,2509,6,2678,7,2641,6,2637,7,2607,6,2656,7,2663,7,2621,7,2627,7,3109,7,3065,7,2824,6,3219,7,2760,6,2950,6,2729,6,2884,7,2909,6,2776,6,2892,6,2767,7,2750,6,2933,7,2780,7,2777,7,2748,7
,6:52:00,37,2423,6,2357,6,2500,7,2437,6,2310,6,2299,6,2408,7,2373,6,2646,7,2751,7,2805,6,2790,6,2453,6,2409,6,2508,6,2461,6,2444,6,2443,6,2498,6,2398,6,2645,6,2530,7,2515,7,2677,8,2645,6,2646,7,2613,6,2661,6,2656,7,2629,6,2619,7,3114,7,3073,7,2837,7,3233,7,2764,7,2959,5,2719,6,2877,7,2903,7,2780,7,2885,7,2773,7,2746,7,2949,7,2787,7,2783,6,2751,6
,6:56:00,37,2412,6,2347,6,2496,6,2430,6,2310,6,2295,7,2407,7,2385,7,2638,6,2746,7,2803,6,2795,6,2439,6,2405,6,2501,6,2448,7,2453,6,2456,6,2504,6,2393,7,2652,7,2532,6,2519,7,2681,7,2646,6,2628,6,2609,7,2657,6,2658,6,2630,7,2625,7,3108,7,3077,7,2817,7,3232,7,2757,6,2957,7,2708,6,2880,7,2918,6,2773,7,2884,7,2763,6,2759,6,2938,7,2780,6,2781,7,2756,8
,7:00:00,37.1,2415,6,2343,6,2502,6,2438,6,2318,7,2291,7,2402,6,2382,7,2643,7,2745,7,2809,6,2799,7,2442,6,2407,6,2510,6,2454,6,2435,6,2447,6,2498,7,2399,7,2656,6,2521,7,2506,7,2686,6,2634,6,2634,6,2600,6,2644,6,2658,6,2622,7,2626,7,3105,6,3073,7,2823,7,3215,6,2751,6,2955,6,2725,6,2871,6,2914,6,2779,7,2896,6,2775,7,2750,6,2939,7,2789,7,2777,7,2759,7
,7:04:00,37,2410,6,2343,6,2508,7,2435,6,2296,6,2290,7,2403,6,2373,7,2631,6,2742,7,2805,7,2801,7,2436,5,2400,7,2495,6,2450,7,2433,6,2437,6,2498,6,2399,7,2645,6,2521,7,2512,7,2673,7,2644,6,2631,6,2601,7,2655,6,2653,6,2612,7,2615,7,3097,6,3074,6,2818,6,3230,6,2768,6,2954,6,2727,6,2875,7,2899,7,2794,7,2878,6,2774,7,2749,6,2930,6,2796,6,2783,7,2750,6
,7:08:00,37.1,2410,6,2345,6,2493,7,2433,6,2306,6,2302,6,2404,7,2369,6,2639,7,2737,7,2802,7,2793,7,2446,6,2405,7,2512,6,2456,6,2434,7,2445,6,2497,7,2395,6,2636,6,2517,7,2505,7,2674,7,2634,6,2644,7,2601,6,2653,7,2661,7,2617,6,2623,6,3089,7,3077,6,2821,6,3224,6,2755,6,2947,6,2719,6,2881,6,2900,7,2781,7,2887,7,2764,7,2749,7,2924,6,2778,6,2784,6,2756,7
,7:12:00,37,2413,6,2349,6,2507,6,2430,6,2313,7,2295,7,2412,7,2384,7,2642,7,2738,7,2806,7,2794,6,2445,6,2400,6,2502,6,2464,7,2435,6,2449,5,2501,7,2405,7,2655,6,2527,7,2505,7,2679,7,2646,6,2632,6,2617,7,2657,6,2653,7,2625,7,2630,7,3116,6,3071,7,2813,6,3212,6,2764,6,2954,7,2719,7,2878,6,2901,6,2788,6,2895,7,2775,7,2753,7,2947,7,2773,7,2784,7,2762,7
,7:16:00,37,2411,6,2346,6,2507,6,2442,6,2301,6,2294,6,2405,6,2388,6,2635,7,2739,6,2801,7,2787,6,2438,6,2407,6,2498,6,2451,6,2437,7,2442,7,2493,7,2399,7,2646,6,2529,6,2513,6,2665,7,2633,7,2629,7,2613,6,2649,7,2662,6,2627,7,2611,7,3104,7,3073,6,2826,7,3213,7,2758,7,2944,6,2720,7,2881,7,2896,7,2782,7,2886,6,2767,7,2756,7,2938,7,2776,7,2779,6,2746,7
,7:20:00,37,2415,6,2355,6,2510,7,2450,6,2308,7,2284,7,2408,6,2378,7,2636,7,2750,7,2808,7,2807,7,2443,6,2386,6,2501,7,2458,7,2445,7,2456,7,2498,7,2398,7,2652,7,2535,6,2511,7,2673,7,2638,6,2641,6,2617,6,2652,6,2665,6,2630,7,2628,7,3108,7,3077,7,2815,7,3226,6,2761,6,2958,6,2734,5,2877,6,2918,6,2778,7,2894,7,2785,6,2758,7,2930,7,2793,6,2773,6,2752,6
,7:24:00,37,2414,6,2350,6,2498,6,2447,7,2315,7,2298,7,2420,6,2369,6,2637,7,2756,7,2811,6,2794,6,2441,6,2399,6,2503,6,2453,6,2446,6,2438,6,2503,6,2402,7,2652,6,2523,7,2524,7,2671,6,2638,6,2639,7,2605,7,2653,6,2659,6,2612,6,2627,7,3099,7,3068,7,2816,8,3221,6,2771,7,2966,6,2743,7,2876,6,2918,6,2793,6,2889,6,2780,7,2751,7,2946,7,2788,7,2775,7,2749,7
,7:28:00,37,2408,6,2358,6,2503,6,2448,6,2309,6,2294,7,2409,7,2386,6,2649,7,2754,7,2816,7,2809,6,2442,6,2400,7,2510,6,2466,6,2446,7,2447,6,2497,7,2394,7,2661,6,2524,7,2529,7,2667,8,2634,6,2645,6,2613,7,2653,6,2653,7,2629,6,2625,7,3116,7,3076,7,2824,6,3229,7,2770,6,2961,6,2727,6,2883,7,2914,6,2792,6,2891,6,2766,6,2756,7,2939,7,2780,7,2784,7,2753,7
,7:32:00,37,2422,6,2344,5,2503,6,2444,7,2312,6,2292,7,2404,7,2376,6,2639,7,2753,7,2803,7,2802,5,2441,6,2407,6,2518,6,2467,7,2443,6,2451,7,2496,7,2393,7,2658,7,2536,6,2521,7,2666,7,2641,6,2632,6,2605,6,2664,6,2672,6,2642,7,2621,6,3117,7,3070,7,2827,6,3236,6,2772,6,2974,7,2732,7,2877,7,2910,6,2784,6,2896,7,2778,6,2755,7,2941,7,2792,6,2778,7,2760,7
,7:36:00,37,2405,7,2348,6,2496,6,2442,6,2309,7,2281,7,2404,7,2381,7,2632,7,2746,7,2808,6,2802,7,2444,6,2392,6,2516,6,2448,6,2444,6,2451,7,2498,6,2410,6,2652,6,2516,7,2513,7,2666,7,2646,7,2636,6,2596,7,2659,6,2655,6,2608,6,2623,6,3108,7,3071,7,2824,6,3219,7,2769,6,2968,7,2720,7,2875,7,2909,6,2788,6,2883,7,2771,6,2750,7,2923,6,2778,7,2781,7,2759,6
,7:40:00,36.9,2412,5,2348,6,2508,6,2441,7,2300,7,2297,6,2400,7,2379,7,2644,7,2741,7,2799,6,2801,6,2435,6,2407,6,2503,6,2464,6,2436,7,2445,7,2490,6,2404,7,2653,7,2523,7,2511,7,2666,7,2639,6,2651,6,2607,6,2648,6,2653,7,2634,7,2622,7,3095,7,3078,7,2824,6,3212,6,2762,7,2956,6,2729,7,2881,6,2901,7,2778,6,2878,7,2776,7,2743,6,2950,7,2780,6,2782,7,2755,7
,7:44:00,37,2403,6,2354,7,2500,7,2441,6,2300,6,2301,6,2400,7,2386,6,2649,7,2746,7,2813,6,2817,7,2442,6,2400,6,2504,7,2457,6,2439,6,2446,7,2496,6,2400,6,2652,7,2531,7,2511,7,2669,6,2635,5,2628,6,2600,6,2660,7,2668,7,2623,6,2616,7,3091,6,3068,7,2823,7,3222,6,2764,7,2959,6,2718,6,2872,6,2914,7,2786,7,2893,7,2776,6,2744,7,2940,6,2787,7,2781,7,2764,6
,7:48:00,37,2419,6,2345,6,2501,6,2445,7,2311,6,2291,6,2402,6,2377,7,2652,8,2747,6,2809,6,2804,6,2438,7,2408,6,2503,6,2455,7,2446,6,2454,6,2495,7,2403,7,2660,6,2529,7,2514,7,2679,7,2646,6,2652,6,2604,7,2650,7,2661,6,2621,7,2628,7,3100,7,3088,7,2826,6,3224,6,2769,7,2960,6,2733,7,2883,6,2920,6,2796,6,2888,7,2771,7,2753,7,2941,7,2787,6,2782,7,2763,7
,7:52:00,37,2425,6,2346,6,2502,6,2455,6,2310,7,2289,7,2404,6,2380,7,2651,7,2751,7,2827,6,2805,6,2441,6,2403,6,2503,6,2459,6,2442,6,2441,6,2510,6,2401,7,2668,7,2532,6,2520,6,2675,6,2647,6,2653,6,2610,6,2662,7,2654,7,2616,7,2628,7,3114,7,3078,6,2829,7,3236,7,2771,7,2957,7,2738,6,2874,7,2920,6,2796,7,2885,7,2776,6,2762,7,2946,7,2778,6,2785,7,2758,6
,7:56:00,37.1,2416,7,2348,6,2507,7,2445,7,2302,7,2296,6,2402,7,2387,6,2648,6,2770,7,2815,7,2806,6,2444,6,2407,7,2500,6,2463,7,2449,6,2454,7,2501,7,2403,7,2658,7,2530,6,2520,6,2676,7,2652,7,2647,6,2625,7,2658,6,2659,6,2620,6,2624,7,3107,7,3078,7,2835,7,3225,7,2768,6,2968,6,2731,6,2879,6,2915,6,2790,8,2889,7,2778,7,2756,7,2952,7,2781,6,2783,7,2752,7
,8:00:00,37.1,2414,6,2353,6,2508,6,2446,6,2307,6,2290,6,2414,6,2375,7,2650,6,2742,7,2818,7,2799,6,2447,6,2404,6,2509,6,2461,6,2444,6,2452,6,2499,7,2408,6,2660,6,2527,6,2513,6,2661,6,2642,6,2635,6,2620,6,2654,6,2661,7,2625,7,2624,6,3110,7,3083,7,2826,6,3223,7,2766,6,2972,6,2724,6,2872,6,2917,7,2795,7,2878,7,2772,7,2754,7,2943,6,2787,7,2787,6,2753,6
,8:04:00,37,2411,6,2365,6,2513,6,2463,7,2304,7,2302,6,2406,7,2383,7,2639,7,2751,7,2815,6,2812,6,2440,6,2399,7,2506,6,2463,6,2443,6,2455,6,2491,7,2399,7,2654,6,2523,7,2523,6,2673,7,2646,5,2649,7,2619,6,2660,7,2663,7,2623,7,2630,7,3105,6,3073,7,2818,6,3217,6,2772,7,2961,6,2724,6,2894,7,2921,6,2790,7,2885,7,2766,7,2758,6,2937,7,2794,7,2784,7,2759,7
,8:08:00,37,2412,7,2360,6,2517,6,2458,7,2304,6,2295,7,2406,6,2388,6,2639,7,2771,7,2827,7,2811,6,2449,6,2407,7,2501,6,2461,7,2439,7,2456,6,2489,6,2396,7,2656,6,2530,7,2527,6,2672,7,2649,6,2644,6,2627,6,2656,6,2656,7,2629,6,2630,6,3115,6,3085,6,2831,6,3228,7,2778,6,2965,7,2734,6,2885,7,2916,6,2796,7,2899,7,2773,7,2752,6,2952,6,2781,6,2784,7,2760,7
,8:12:00,36.9,2423,6,2355,6,2502,7,2449,6,2303,7,2300,7,2415,6,2385,7,2642,7,2753,7,2820,6,2801,6,2448,6,2394,7,2510,6,2453,6,2439,7,2457,7,2489,7,2398,7,2658,7,2521,7,2510,6,2677,6,2645,6,2641,7,2611,7,2654,6,2662,6,2624,6,2616,7,3109,7,3078,7,2835,7,3214,6,2774,7,2978,6,2738,6,2876,6,2927,7,2793,7,2887,7,2772,6,2751,7,2935,7,2778,7,2784,7,2757,7
,8:16:00,37.1,2417,6,2363,7,2513,6,2449,7,2319,7,2297,7,2415,7,2378,7,2646,7,2759,7,2819,7,2826,6,2445,6,2400,7,2502,6,2472,7,2445,6,2449,6,2505,7,2401,7,2662,7,2547,6,2514,6,2671,6,2648,6,2640,6,2608,7,2652,6,2670,6,2635,7,2623,7,3111,7,3094,7,2833,7,3217,7,2766,7,2964,7,2730,6,2883,7,2917,7,2797,6,2885,7,2773,6,2763,7,2942,6,2793,6,2781,7,2770,7
,8:20:00,37,2420,6,2359,6,2512,6,2469,6,2311,6,2299,6,2415,7,2388,7,2665,7,2769,6,2829,6,2816,6,2441,6,2407,6,2510,7,2465,6,2443,7,2456,7,2496,6,2405,7,2673,7,2531,6,2513,7,2672,7,2644,7,2642,6,2617,7,2659,6,2664,6,2626,6,2622,7,3116,6,3085,6,2832,6,3213,7,2780,7,2970,6,2733,6,2882,7,2926,6,2791,6,2898,6,2773,7,2769,7,2948,7,2784,7,2793,7,2766,7
,8:24:00,37,2417,5,2359,6,2513,7,2445,7,2308,7,2299,6,2417,6,2383,7,2655,7,2759,7,2826,7,2816,7,2442,6,2411,7,2517,7,2454,6,2440,7,2451,6,2497,7,2395,7,2665,7,2540,7,2516,7,2669,7,2646,6,2648,7,2616,6,2658,7,2676,6,2627,7,2629,7,3119,7,3086,6,2836,6,3219,7,2775,7,2975,6,2735,6,2864,6,2926,7,2796,7,2884,7,2781,6,2766,6,2947,6,2798,7,2794,7,2775,6
,8:28:00,37,2419,6,2360,6,2520,6,2447,6,2310,7,2299,7,2418,6,2390,7,2651,7,2758,6,2817,6,2820,6,2448,6,2406,7,2514,6,2468,7,2455,7,2470,7,2508,7,2414,7,2668,7,2540,7,2521,6,2678,6,2644,6,2643,6,2627,6,2661,7,2667,6,2630,7,2620,6,3115,6,3092,7,2826,7,3248,7,2778,6,2963,6,2742,6,2899,6,2931,6,2804,6,2900,7,2785,7,2766,7,2936,7,2800,6,2805,7,2778,7
,8:32:00,37,2418,6,2368,6,2515,6,2469,6,2311,7,2307,7,2425,7,2387,7,2647,7,2774,6,2822,6,2828,6,2449,6,2412,6,2513,6,2469,6,2441,7,2461,6,2509,7,2411,7,2654,6,2529,7,2525,7,2679,6,2660,6,2649,6,2618,6,2670,6,2668,6,2623,6,2623,6,3121,7,3092,7,2842,7,3236,7,2773,6,2979,5,2743,6,2896,7,2923,7,2792,6,2884,7,2786,7,2771,6,2960,7,2786,7,2800,7,2771,7
,8:36:00,37,2432,6,2355,6,2515,6,2451,6,2310,6,2295,6,2416,7,2386,7,2658,7,2767,6,2829,6,2825,7,2437,6,2402,6,2510,7,2474,6,2449,6,2464,6,2500,6,2403,7,2664,6,2533,7,2517,7,2684,7,2652,6,2641,6,2623,7,2660,6,2662,6,2628,6,2617,6,3114,7,3084,7,2826,7,3218,6,2788,7,2974,5,2749,6,2895,7,2934,7,2784,6,2889,7,2782,7,2753,7,2949,7,2795,7,2792,6,2769,7
,8:40:00,37,2419,6,2360,7,2523,6,2464,6,2309,7,2298,6,2416,7,2380,7,2649,6,2778,7,2822,6,2812,6,2440,6,2405,6,2508,6,2461,7,2443,7,2462,6,2486,6,2414,7,2670,7,2540,7,2529,6,2677,6,2646,6,2646,7,2614,6,2647,7,2658,6,2622,7,2615,7,3115,7,3076,7,2837,7,3228,6,2781,7,2972,6,2735,7,2882,6,2927,6,2796,6,2883,7,2772,7,2758,7,2950,7,2798,7,2795,7,2757,7
,8:44:00,37,2414,6,2355,6,2510,7,2450,6,2315,7,2296,6,2409,6,2386,6,2632,7,2753,7,2826,6,2824,7,2441,5,2402,6,2508,7,2465,7,2449,7,2450,7,2496,6,2409,6,2665,7,2530,7,2525,6,2679,7,2646,6,2652,6,2606,6,2666,6,2657,6,2622,6,2625,6,3103,7,3083,6,2838,7,3219,6,2776,6,2967,6,2724,6,2880,7,2931,7,2810,6,2876,6,2780,6,2774,7,2951,6,2786,7,2797,6,2758,6
,8:48:00,37,2414,6,2367,6,2507,6,2466,7,2307,6,2295,7,2413,7,2380,7,2645,7,2756,7,2825,6,2819,6,2442,6,2397,6,2511,7,2457,7,2450,7,2470,6,2499,7,2404,7,2656,7,2540,7,2517,6,2680,6,2640,7,2651,6,2608,6,2650,6,2660,7,2617,7,2614,6,3108,6,3085,7,2824,6,3217,7,2771,6,2966,6,2736,6,2877,6,2914,7,2795,6,2886,7,2781,7,2758,7,2959,7,2798,5,2793,7,2773,6
,8:52:00,37,2416,6,2359,6,2528,7,2457,7,2311,7,2310,7,2414,6,2379,7,2645,6,2768,7,2818,6,2823,6,2436,6,2405,6,2511,6,2463,7,2439,7,2459,7,2500,6,2402,6,2665,7,2541,7,2535,6,2682,7,2652,5,2641,7,2618,6,2659,7,2653,6,2631,7,2625,6,3121,7,3092,7,2839,7,3231,6,2770,7,2974,6,2732,6,2897,7,2922,7,2794,7,2886,7,2775,7,2766,7,2958,7,2807,6,2794,6,2779,7
,8:56:00,37,2421,6,2368,6,2524,7,2469,7,2305,7,2302,6,2422,7,2393,6,2652,7,2773,7,2841,7,2825,6,2447,6,2408,6,2514,7,2458,6,2450,6,2472,7,2495,6,2407,6,2668,7,2532,7,2540,7,2682,7,2665,6,2662,6,2612,7,2653,7,2675,7,2632,7,2631,7,3117,7,3093,7,2835,7,3233,6,2790,7,2976,6,2741,5,2884,6,2933,7,2799,6,2895,7,2783,7,2769,7,2966,7,2802,7,2803,6,2770,7
,9:00:00,37,2421,6,2369,6,2522,6,2461,6,2311,6,2300,7,2427,7,2388,7,2658,6,2763,7,2829,7,2840,6,2454,6,2410,6,2521,7,2467,6,2447,6,2464,6,2507,6,2396,6,2678,7,2544,7,2533,7,2686,7,2652,6,2662,6,2610,7,2653,6,2666,7,2635,6,2635,6,3134,7,3092,7,2832,6,3234,6,2788,6,2974,6,2739,7,2897,7,2934,6,2793,6,2884,7,2790,7,2776,7,2948,6,2789,6,2796,7,2776,7
,9:04:00,37.1,2423,6,2361,7,2513,6,2467,7,2315,7,2297,6,2432,7,2388,7,2654,7,2770,7,2821,6,2824,7,2448,7,2405,6,2510,6,2466,7,2457,7,2475,6,2505,7,2404,7,2672,7,2537,7,2532,6,2678,6,2643,6,2652,7,2613,7,2660,7,2662,6,2632,6,2619,7,3112,7,3089,7,2842,7,3223,7,2792,6,2972,6,2741,7,2900,6,2941,6,2800,6,2890,6,2786,6,2779,6,2967,8,2806,6,2801,7,2776,6
,9:08:00,37,2421,6,2360,7,2519,6,2470,7,2308,6,2303,6,2420,7,2385,6,2651,6,2771,7,2842,6,2836,6,2454,6,2400,6,2513,7,2468,6,2448,7,2460,7,2498,7,2410,7,2671,7,2534,6,2542,6,2678,7,2655,6,2650,6,2629,6,2666,6,2666,6,2632,7,2638,6,3125,7,3096,7,2844,7,3235,7,2782,7,2980,6,2734,6,2885,6,2943,6,2790,7,2893,6,2790,6,2763,7,2951,7,2809,7,2804,7,2782,6
,9:12:00,37,2424,6,2366,6,2532,6,2467,6,2310,6,2294,6,2419,7,2386,6,2662,7,2769,6,2836,7,2831,6,2451,6,2402,7,2516,7,2473,7,2456,6,2474,6,2507,7,2402,7,2666,7,2536,7,2535,7,2684,7,2654,6,2650,6,2628,6,2657,7,2655,6,2631,7,2633,7,3112,7,3094,6,2831,7,3234,6,2786,7,2975,6,2729,6,2881,7,2938,7,2799,6,2891,7,2787,7,2768,7,2964,7,2795,6,2806,7,2770,6
,9:16:00,37,2417,6,2353,6,2517,7,2486,6,2309,7,2299,6,2422,6,2386,7,2659,7,2780,6,2838,6,2837,6,2452,6,2410,6,2518,7,2459,6,2464,7,2470,7,2511,7,2416,7,2673,7,2542,7,2541,6,2684,6,2649,6,2658,7,2615,6,2672,6,2659,6,2623,6,2633,7,3121,7,3100,7,2835,7,3231,7,2783,6,2988,6,2730,6,2874,7,2939,7,2791,7,2890,6,2786,7,2785,7,2966,7,2806,7,2809,7,2770,7
,9:20:00,37,2420,6,2369,6,2521,6,2475,6,2320,7,2304,7,2425,7,2382,7,2667,7,2773,7,2836,7,2837,7,2449,6,2410,6,2519,7,2472,7,2464,6,2470,6,2510,6,2408,7,2668,6,2540,7,2555,7,2696,7,2648,6,2657,6,2623,7,2658,6,2664,6,2637,6,2625,7,3128,6,3103,7,2840,6,3228,6,2792,6,2985,7,2740,6,2881,7,2936,6,2802,7,2888,7,2790,7,2762,7,2960,7,2797,6,2812,7,2781,7
,9:24:00,37,2427,6,2366,6,2532,6,2475,7,2314,6,2298,7,2427,7,2388,7,2662,7,2781,6,2839,7,2848,7,2445,6,2407,6,2514,6,2467,6,2447,6,2479,7,2518,7,2406,7,2667,8,2542,7,2532,7,2690,6,2656,5,2658,6,2625,7,2660,6,2673,7,2624,7,2616,6,3119,7,3101,7,2853,6,3232,6,2801,6,2970,7,2742,7,2891,7,2930,6,2809,6,2894,7,2774,6,2773,7,2959,7,2815,7,2815,8,2781,7
,9:28:00,37.1,2420,6,2369,6,2523,6,2459,7,2316,7,2292,7,2429,7,2391,6,2655,6,2783,6,2838,7,2842,6,2448,6,2414,6,2511,6,2483,6,2450,7,2464,6,2505,7,2412,6,2680,7,2551,7,2536,6,2692,7,2652,6,2654,6,2635,6,2662,6,2672,6,2628,7,2621,6,3111,7,3103,6,2855,7,3239,7,2791,8,2979,6,2744,6,2894,7,2940,6,2806,6,2892,7,2793,6,2768,7,2958,7,2813,7,2803,6,2771,6
,9:32:00,37,2431,6,2361,6,2520,6,2468,6,2310,7,2301,7,2421,6,2390,6,2668,6,2784,7,2836,7,2840,7,2448,6,2404,6,2517,7,2469,6,2455,6,2470,7,2512,6,2406,7,2691,7,2539,6,2549,7,2696,6,2648,6,2667,7,2618,6,2659,6,2662,6,2621,6,2623,7,3136,7,3097,6,2850,7,3225,7,2790,7,2970,6,2742,6,2895,6,2946,6,2802,6,2901,7,2781,7,2783,7,2966,7,2792,7,2814,7,2788,7
,9:36:00,37.1,2427,5,2374,6,2526,6,2469,6,2313,7,2302,7,2424,7,2381,7,2663,7,2778,7,2840,7,2840,7,2440,6,2404,6,2518,7,2471,7,2458,6,2475,6,2516,7,2422,7,2664,7,2541,8,2546,7,2690,6,2659,6,2658,6,2624,7,2659,6,2669,6,2635,6,2631,7,3108,7,3110,7,2846,7,3238,6,2792,7,2986,6,2741,7,2892,7,2944,6,2822,7,2891,6,2792,6,2773,7,2957,7,2806,7,2808,7,2774,6
,9:40:00,37,2429,6,2378,6,2532,6,2471,7,2320,6,2303,6,2435,7,2392,7,2668,7,2792,7,2830,7,2849,7,2458,6,2410,6,2523,6,2479,6,2463,7,2467,7,2510,6,2412,6,2672,7,2544,7,2546,7,2687,6,2654,7,2670,6,2628,6,2674,6,2671,6,2636,6,2639,7,3122,6,3117,7,2855,7,3247,6,2799,7,2982,6,2749,6,2898,6,2952,7,2791,7,2898,6,2793,6,2773,6,2966,7,2805,6,2806,7,2787,7
,9:44:00,37,2438,6,2363,6,2520,7,2482,7,2312,7,2301,7,2424,7,2388,7,2656,7,2789,7,2837,6,2851,7,2452,6,2405,6,2516,6,2476,7,2453,7,2477,7,2500,6,2418,7,2679,7,2544,7,2542,6,2695,7,2654,6,2661,6,2617,6,2661,6,2666,7,2624,6,2630,7,3115,7,3092,7,2852,7,3249,7,2791,7,2988,6,2741,7,2890,6,2941,7,2817,6,2891,6,2795,7,2784,7,2958,7,2806,7,2803,6,2778,7
,9:48:00,37,2432,6,2364,6,2525,6,2480,6,2304,7,2306,7,2427,7,2387,6,2656,6,2785,7,2845,6,2846,6,2452,6,2405,6,2513,6,2471,6,2448,6,2470,7,2507,6,2410,7,2682,7,2539,6,2542,6,2689,6,2653,6,2650,6,2625,6,2661,6,2661,6,2625,6,2629,6,3127,7,3092,7,2851,7,3234,7,2795,7,2980,6,2744,7,2884,7,2945,6,2799,7,2891,7,2790,7,2772,7,2959,7,2800,7,2809,7,2786,7
,9:52:00,37,2420,6,2362,6,2516,6,2480,7,2305,7,2307,7,2417,7,2399,7,2658,7,2783,7,2847,7,2842,7,2459,6,2409,7,2513,7,2461,6,2453,6,2478,7,2497,6,2402,6,2680,6,2547,7,2538,7,2689,7,2645,7,2653,6,2609,7,2663,6,2658,7,2631,6,2630,7,3101,7,3101,7,2848,6,3226,7,2788,7,2976,6,2742,6,2881,6,2941,7,2809,7,2897,6,2783,6,2767,7,2967,6,2795,7,2799,6,2778,6
,9:56:00,37,2425,6,2369,6,2522,7,2480,6,2309,7,2298,6,2431,7,2384,7,2656,7,2790,7,2848,7,2853,7,2458,6,2407,6,2512,7,2481,6,2454,7,2479,6,2518,6,2404,7,2684,7,2546,7,2548,7,2693,6,2662,6,2646,6,2620,6,2650,7,2667,6,2631,7,2621,6,3118,7,3102,7,2848,7,3235,6,2796,6,2984,6,2748,7,2883,7,2949,7,2815,6,2894,6,2795,7,2776,7,2965,7,2811,6,2807,7,2782,7
,10:00:00,37,2428,6,2376,6,2526,6,2482,7,2312,7,2312,7,2426,7,2386,7,2664,7,2789,7,2849,7,2863,7,2441,6,2415,6,2516,7,2473,6,2454,6,2481,6,2510,6,2414,7,2678,7,2543,7,2537,7,2704,7,2661,6,2652,6,2617,6,2668,6,2667,7,2633,6,2618,7,3128,7,3109,7,2855,7,3237,7,2790,6,2984,6,2748,6,2900,6,2941,6,2834,7,2910,7,2795,7,2781,6,2959,7,2809,7,2808,6,2782,6
,10:04:00,37,2433,6,2372,6,2543,6,2491,7,2312,6,2305,7,2436,7,2396,7,2656,7,2788,7,2860,7,2856,7,2453,7,2401,6,2521,7,2479,6,2459,6,2474,6,2511,7,2408,6,2685,7,2556,6,2559,6,2709,7,2664,6,2655,6,2634,6,2662,7,2672,7,2629,6,2633,6,3127,7,3116,6,2869,7,3242,6,2790,7,2986,6,2749,7,2897,6,2950,7,2817,7,2902,7,2799,7,2780,7,2968,7,2816,7,2816,7,2790,7
,10:08:00,37,2431,7,2374,6,2538,7,2479,6,2315,6,2310,6,2436,6,2381,7,2662,7,2807,7,2856,7,2853,6,2453,6,2406,6,2528,6,2485,6,2456,6,2474,7,2511,7,2396,6,2696,7,2542,7,2550,7,2682,7,2667,6,2663,6,2629,7,2665,6,2672,6,2639,7,2623,6,3121,7,3101,7,2868,7,3226,6,2796,6,2991,6,2754,7,2887,6,2959,6,2805,7,2900,7,2788,6,2779,6,2966,7,2818,7,2814,7,2789,7
,10:12:00,37,2429,6,2376,6,2532,7,2493,7,2309,7,2305,7,2428,7,2393,7,2663,6,2792,6,2842,6,2855,6,2459,7,2403,6,2528,5,2484,6,2463,5,2477,6,2503,6,2405,7,2689,7,2551,7,2546,6,2711,7,2648,7,2661,6,2621,6,2667,6,2683,6,2628,6,2624,6,3132,6,3103,7,2856,7,3239,7,2805,7,2987,6,2754,7,2886,6,2965,6,2821,7,2907,7,2786,7,2779,6,2952,7,2810,7,2825,7,2795,7
,10:16:00,37,2425,6,2376,6,2532,7,2491,6,2314,6,2304,7,2434,7,2383,7,2672,6,2801,7,2866,7,2861,7,2457,6,2408,6,2520,6,2482,6,2450,6,2474,6,2511,6,2407,7,2693,6,2543,7,2549,7,2698,6,2660,6,2661,6,2621,6,2674,7,2674,6,2636,6,2626,6,3121,7,3113,6,2862,6,3235,6,2799,7,2991,6,2754,6,2902,6,2953,6,2814,7,2890,6,2787,7,2780,7,2966,7,2824,6,2815,7,2795,7
,10:20:00,37,2436,7,2377,6,2533,6,2491,6,2315,7,2312,6,2430,6,2391,7,2674,7,2801,7,2853,7,2866,6,2454,6,2418,6,2517,6,2481,7,2449,6,2473,7,2512,6,2415,7,2687,7,2555,7,2539,7,2704,6,2670,6,2659,6,2638,6,2669,6,2674,7,2624,7,2637,7,3128,7,3107,7,2863,7,3230,6,2795,7,2984,6,2756,6,2902,6,2958,6,2820,6,2904,7,2790,7,2778,7,2957,7,2817,7,2819,7,2797,6
,10:24:00,37,2437,6,2380,6,2531,6,2488,6,2315,6,2314,6,2437,7,2387,7,2670,7,2789,7,2861,6,2867,6,2456,6,2418,6,2523,6,2485,6,2447,7,2478,7,2519,6,2408,6,2705,6,2547,7,2548,7,2712,7,2663,6,2659,7,2632,7,2673,7,2671,6,2635,7,2610,6,3131,7,3113,7,2863,6,3236,7,2797,6,2993,6,2752,6,2891,7,2954,6,2825,6,2895,7,2794,6,2775,6,2962,6,2813,7,2823,6,2799,6
,10:28:00,37,2436,6,2379,6,2534,7,2496,7,2320,6,2308,6,2444,6,2399,7,2669,6,2803,6,2863,7,2863,7,2445,6,2408,6,2532,6,2483,7,2455,6,2481,7,2499,7,2406,7,2688,6,2547,7,2551,6,2709,7,2661,6,2671,7,2625,6,2662,6,2672,7,2638,7,2631,7,3127,7,3104,7,2859,7,3246,7,2803,7,2987,5,2757,6,2877,6,2966,6,2812,6,2901,7,2802,6,2794,6,2964,6,2809,6,2823,6,2792,6
,10:32:00,37,2431,6,2376,6,2524,7,2482,7,2312,7,2304,7,2430,7,2393,7,2668,7,2804,6,2865,6,2863,6,2454,6,2409,7,2523,6,2478,6,2467,7,2482,7,2511,6,2413,7,2697,7,2552,7,2560,6,2703,6,2653,7,2668,7,2632,7,2664,6,2670,6,2635,7,2626,6,3127,6,3108,6,2872,7,3249,6,2801,6,2986,5,2742,6,2889,6,2964,7,2809,6,2895,6,2798,6,2783,6,2976,7,2815,7,2822,7,2790,7
,10:36:00,37,2433,6,2384,6,2527,6,2485,6,2305,7,2307,6,2442,7,2396,7,2678,6,2807,6,2862,6,2876,6,2458,6,2411,6,2519,6,2483,7,2462,7,2475,7,2517,7,2419,6,2702,7,2551,6,2562,7,2705,6,2662,6,2669,6,2631,6,2660,7,2682,6,2634,6,2629,7,3128,6,3123,7,2865,6,3254,7,2808,6,2987,6,2751,6,2903,7,2961,6,2819,6,2902,7,2797,6,2783,6,2972,6,2822,6,2820,6,2796,7
,10:40:00,37,2433,6,2377,7,2540,6,2508,7,2318,6,2309,6,2447,6,2403,7,2667,7,2806,7,2848,7,2895,7,2453,7,2423,6,2542,6,2487,6,2463,7,2473,7,2519,6,2415,6,2710,7,2560,7,2565,7,2719,7,2661,6,2675,7,2622,6,2666,7,2674,6,2640,5,2639,6,3119,7,3125,6,2862,7,3237,7,2806,6,3004,7,2765,6,2894,6,2964,7,2820,6,2899,6,2803,7,2790,6,2971,7,2823,7,2832,7,2800,6
,10:44:00,37,2441,6,2388,6,2544,6,2490,6,2310,7,2308,7,2453,7,2401,7,2682,7,2820,7,2869,7,2883,6,2464,6,2418,6,2529,6,2494,5,2466,7,2487,7,2525,6,2414,7,2702,8,2563,7,2546,6,2709,7,2662,7,2670,6,2628,6,2671,7,2675,7,2651,7,2641,6,3132,6,3126,7,2871,6,3249,7,2808,6,3002,6,2759,6,2898,6,2964,7,2826,6,2906,7,2801,6,2798,7,2961,7,2823,6,2819,7,2805,6
,10:48:00,37,2430,6,2383,7,2533,7,2497,6,2317,7,2306,6,2446,7,2386,6,2672,7,2816,8,2866,6,2885,6,2460,6,2417,6,2530,7,2476,6,2460,6,2481,6,2516,6,2417,6,2702,7,2550,7,2552,7,2720,7,2664,6,2664,7,2630,6,2668,7,2673,7,2628,7,2639,7,3122,7,3127,7,2867,7,3243,7,2807,6,2991,6,2761,6,2898,7,2962,7,2820,6,2890,7,2794,6,2785,6,2972,6,2827,7,2824,7,2797,7
,10:52:00,37,2426,6,2381,6,2533,6,2501,6,2306,6,2308,7,2437,7,2392,6,2672,6,2806,6,2873,6,2868,6,2456,5,2409,6,2531,6,2469,6,2456,5,2483,6,2513,7,2406,7,2702,7,2558,6,2549,7,2714,7,2659,6,2664,6,2635,6,2668,5,2664,7,2646,7,2628,7,3121,7,3120,7,2873,6,3229,6,2817,6,2978,6,2762,7,2896,6,2967,7,2810,7,2891,6,2795,6,2791,7,2961,7,2818,6,2819,7,2797,6
,10:56:00,37,2433,6,2382,6,2535,7,2495,7,2312,6,2305,6,2443,6,2384,7,2669,7,2815,7,2857,7,2884,6,2461,6,2407,6,2515,6,2478,7,2458,7,2468,6,2510,6,2394,7,2696,7,2548,7,2557,7,2726,6,2658,7,2663,6,2630,6,2654,6,2665,6,2627,6,2620,6,3113,7,3103,7,2864,7,3228,6,2804,6,2982,6,2751,7,2894,6,2966,7,2815,6,2894,6,2789,7,2778,6,2978,7,2823,7,2810,7,2798,7
,11:00:00,37.1,2440,6,2374,6,2529,7,2481,6,2317,6,2312,7,2443,6,2389,7,2671,7,2814,6,2874,6,2879,6,2453,6,2408,6,2524,6,2481,6,2463,6,2485,7,2517,7,2415,6,2707,6,2554,7,2548,7,2704,6,2657,6,2660,6,2625,7,2660,7,2667,6,2634,7,2632,7,3128,7,3117,7,2871,7,3246,7,2797,6,2987,6,2752,6,2897,6,2963,7,2831,6,2903,7,2790,7,2785,7,2984,7,2832,7,2823,6,2787,7
,11:04:00,37,2440,6,2394,6,2543,6,2501,7,2321,6,2311,7,2440,7,2395,7,2679,7,2820,6,2879,6,2879,6,2455,6,2418,6,2528,6,2481,7,2458,6,2489,6,2520,6,2416,7,2713,7,2557,7,2551,7,2714,6,2657,6,2672,7,2637,7,2666,7,2671,6,2642,6,2638,7,3121,7,3139,7,2878,7,3236,7,2805,6,2993,6,2761,6,2893,6,2967,7,2812,6,2897,7,2786,6,2790,7,2982,7,2836,7,2818,7,2803,7
,11:08:00,37,2440,6,2396,6,2538,6,2507,7,2320,7,2300,7,2446,7,2405,7,2679,7,2826,7,2878,6,2881,6,2459,6,2414,6,2530,7,2475,6,2462,6,2483,6,2510,6,2409,7,2701,7,2557,7,2560,6,2731,6,2664,6,2678,6,2634,7,2670,7,2672,6,2630,6,2630,6,3124,7,3128,6,2872,7,3240,7,2823,7,2992,6,2768,7,2903,6,2971,6,2813,7,2913,6,2792,6,2791,7,2983,7,2824,7,2825,7,2802,6
,11:12:00,37,2442,6,2399,6,2544,7,2504,6,2323,7,2310,7,2454,7,2397,7,2691,7,2819,7,2872,7,2877,7,2466,6,2415,6,2539,6,2483,7,2459,7,2489,7,2530,7,2421,7,2727,7,2567,7,2554,7,2724,7,2662,6,2674,7,2620,7,2668,6,2674,6,2635,7,2634,6,3124,7,3140,6,2866,7,3252,6,2817,7,2996,6,2763,7,2899,6,2982,7,2824,6,2901,7,2802,7,2795,6,2981,7,2824,7,2832,7,2796,7
,11:16:00,37,2440,6,2388,6,2540,6,2490,7,2313,6,2300,6,2450,6,2396,6,2685,6,2816,7,2877,7,2881,7,2471,6,2411,6,2524,7,2481,7,2457,7,2490,7,2517,7,2414,7,2713,7,2559,7,2558,7,2726,6,2661,6,2665,7,2632,7,2667,6,2672,7,2622,6,2624,7,3132,6,3131,6,2872,7,3236,7,2811,6,2990,6,2762,6,2898,7,2976,6,2820,6,2909,7,2799,7,2782,7,2980,7,2822,7,2820,6,2809,7
,11:20:00,37,2439,6,2393,6,2543,7,2503,6,2325,7,2309,7,2453,7,2398,7,2677,7,2833,6,2890,6,2887,6,2462,6,2420,7,2538,6,2491,6,2458,7,2493,7,2515,6,2414,7,2712,7,2553,7,2554,7,2730,7,2663,7,2675,7,2638,6,2676,6,2668,6,2643,6,2633,7,3125,7,3140,7,2865,6,3243,6,2812,7,2996,7,2761,7,2897,6,2987,6,2837,6,2909,7,2806,6,2783,7,2973,7,2823,6,2830,7,2795,7
,11:24:00,37,2455,6,2389,7,2540,6,2488,6,2326,7,2298,7,2447,6,2393,7,2694,6,2825,7,2890,8,2892,6,2464,6,2409,6,2537,6,2488,6,2460,7,2497,6,2526,6,2418,7,2713,7,2551,7,2564,7,2732,6,2667,6,2678,6,2633,6,2678,6,2680,7,2643,6,2630,7,3131,7,3129,7,2885,7,3246,6,2829,7,3001,6,2767,6,2903,6,2978,6,2829,7,2903,7,2802,7,2785,6,2978,7,2831,7,2827,7,2812,6
,11:28:00,37,2439,6,2384,7,2550,7,2511,7,2321,6,2316,7,2445,6,2395,6,2675,7,2833,7,2862,7,2886,6,2451,6,2414,6,2537,7,2491,7,2463,6,2489,6,2514,7,2407,7,2712,6,2559,6,2560,5,2729,7,2663,6,2663,6,2640,6,2675,6,2670,6,2627,7,2628,6,3140,7,3137,7,2879,6,3252,7,2810,6,2986,6,2767,7,2904,6,2977,6,2817,6,2912,6,2804,7,2786,6,2972,6,2821,7,2832,6,2810,6
,11:32:00,37,2446,6,2394,7,2536,7,2512,6,2327,6,2306,6,2456,7,2405,6,2690,7,2833,7,2894,6,2908,6,2466,7,2415,6,2527,6,2487,6,2468,6,2496,6,2524,7,2426,6,2717,7,2578,7,2565,7,2735,7,2658,6,2667,6,2646,7,2678,6,2692,6,2634,6,2634,6,3129,7,3151,7,2888,6,3241,6,2815,7,3002,6,2759,7,2900,6,2977,7,2841,6,2906,6,2811,6,2797,6,2985,6,2835,7,2832,7,2801,7
,11:36:00,37,2444,5,2390,6,2549,6,2506,7,2320,7,2305,6,2440,6,2389,7,2686,7,2814,7,2881,7,2902,6,2463,6,2414,6,2527,7,2491,6,2467,8,2494,7,2516,6,2408,7,2716,7,2560,6,2558,6,2740,7,2660,6,2666,7,2634,7,2670,6,2661,6,2628,7,2624,6,3136,7,3136,7,2879,6,3236,7,2827,6,2999,6,2767,6,2895,6,2975,7,2827,7,2914,7,2796,7,2794,7,2973,6,2826,7,2828,7,2811,7
,11:40:00,37,2448,7,2398,6,2542,6,2506,7,2326,7,2309,7,2461,7,2401,6,2696,6,2828,7,2889,6,2889,7,2463,6,2409,6,2542,7,2488,7,2476,7,2492,6,2511,7,2423,7,2717,7,2565,7,2565,7,2739,6,2662,6,2678,6,2639,6,2679,7,2671,7,2634,6,2640,6,3137,7,3127,6,2884,7,3242,6,2829,7,3003,6,2758,6,2906,7,2986,6,2831,7,2908,6,2804,7,2800,7,2980,7,2825,7,2834,7,2809,7
,11:44:00,37,2456,6,2405,7,2546,7,2511,6,2314,7,2301,7,2450,7,2396,7,2680,7,2843,6,2880,8,2904,6,2466,6,2412,6,2535,6,2489,7,2459,6,2485,7,2527,6,2416,7,2724,7,2567,6,2567,6,2740,6,2663,6,2683,6,2635,6,2670,6,2666,6,2641,6,2635,7,3137,7,3141,6,2893,6,3257,7,2824,6,2998,6,2759,6,2893,6,2972,6,2821,7,2907,7,2807,7,2804,7,2978,7,2841,6,2834,7,2796,6
,11:48:00,37,2463,6,2404,6,2532,6,2511,7,2326,7,2311,7,2453,7,2398,7,2688,7,2856,7,2900,7,2899,6,2458,6,2409,6,2539,6,2491,6,2471,6,2506,6,2518,6,2423,6,2723,7,2565,6,2557,6,2756,7,2664,7,2670,6,2632,6,2673,7,2687,7,2634,7,2638,6,3138,7,3143,6,2884,6,3242,6,2834,7,2995,7,2777,6,2889,7,2994,7,2824,6,2904,6,2806,7,2794,7,2988,7,2833,7,2824,6,2819,7
,11:52:00,37,2465,7,2406,6,2565,6,2523,6,2342,6,2318,6,2469,6,2405,7,2707,7,2823,7,2892,6,2908,7,2463,7,2429,7,2541,7,2493,7,2471,6,2492,7,2519,7,2418,6,2722,7,2572,7,2573,6,2761,6,2674,6,2684,6,2649,7,2682,6,2675,7,2641,6,2633,6,3139,6,3135,6,2894,6,3248,6,2831,7,3005,6,2770,6,2895,6,2982,6,2841,6,2917,7,2812,7,2799,6,2992,6,2824,7,2837,6,2806,6
,11:56:00,37.1,2452,6,2408,6,2542,6,2517,7,2325,7,2307,7,2453,7,2389,7,2699,7,2848,6,2903,7,2904,6,2469,6,2421,6,2539,6,2499,7,2463,6,2491,6,2521,7,2413,6,2720,7,2566,7,2575,7,2747,6,2683,6,2676,7,2636,6,2677,6,2685,7,2639,7,2624,7,3138,6,3135,7,2891,7,3241,6,2819,6,3003,6,2768,7,2891,7,2980,6,2834,6,2893,6,2800,6,2795,7,2980,7,2833,7,2833,7,2806,7
,12:00:00,37,2451,6,2393,6,2533,6,2526,6,2313,6,2310,6,2460,6,2402,7,2685,7,2836,6,2891,6,2904,6,2457,6,2411,6,2542,7,2491,7,2461,6,2489,7,2520,7,2413,6,2724,7,2549,6,2568,7,2743,6,2659,6,2669,6,2625,6,2668,7,2672,7,2632,6,2627,6,3116,7,3124,8,2893,7,3248,6,2817,7,2991,6,2757,6,2894,7,2984,6,2835,6,2898,7,2805,7,2792,7,2992,7,2819,7,2826,7,2812,7
,12:04:00,37,2454,6,2405,6,2555,6,2507,7,2313,6,2301,7,2460,6,2397,7,2699,7,2836,6,2879,6,2916,6,2462,6,2407,5,2542,6,2478,6,2469,7,2498,7,2507,6,2422,6,2720,7,2565,7,2563,6,2750,6,2668,6,2678,7,2635,7,2677,6,2673,6,2635,7,2621,6,3128,7,3132,7,2889,7,3229,6,2824,6,2993,6,2766,6,2896,6,2980,6,2836,7,2901,7,2799,7,2790,7,2983,6,2822,7,2831,6,2810,7
,12:08:00,37,2463,6,2401,6,2549,6,2526,7,2329,7,2312,7,2460,6,2400,6,2694,7,2855,6,2897,6,2917,6,2461,6,2420,6,2540,6,2500,6,2472,6,2497,7,2532,7,2426,7,2722,7,2570,7,2576,7,2762,7,2667,6,2675,6,2635,7,2677,6,2674,6,2640,7,2633,6,3143,7,3142,7,2894,7,3242,6,2853,7,3004,6,2767,7,2902,6,2983,6,2842,6,2908,7,2808,6,2801,7,2993,8,2829,7,2832,7,2818,6
,12:12:00,36.9,2453,6,2410,6,2554,6,2523,7,2320,7,2319,7,2469,7,2400,7,2696,6,2841,6,2891,6,2907,6,2475,6,2428,6,2545,6,2505,6,2473,7,2500,7,2534,6,2415,7,2728,6,2569,7,2586,7,2771,6,2677,6,2689,7,2643,7,2675,6,2676,7,2644,6,2637,7,3145,7,3144,7,2893,6,3240,7,2830,6,3005,6,2770,6,2900,7,2988,6,2848,7,2917,7,2816,7,2798,7,2988,7,2832,6,2834,7,2817,7
,12:16:00,37.1,2465,6,2409,6,2551,6,2522,6,2331,7,2308,6,2473,7,2404,6,2702,6,2851,6,2913,7,2918,6,2458,6,2423,7,2537,6,2504,6,2478,6,2504,6,2529,6,2420,6,2736,7,2561,7,2581,7,2781,7,2672,7,2688,7,2641,6,2671,7,2677,7,2635,6,2628,7,3145,7,3141,7,2907,7,3243,6,2826,7,2999,7,2770,6,2902,7,2994,6,2841,7,2912,6,2799,7,2799,7,2983,7,2832,6,2852,7,2809,7
,12:20:00,37,2456,6,2419,6,2552,6,2523,6,2322,7,2327,7,2468,6,2397,7,2705,7,2853,7,2900,6,2925,6,2476,6,2422,6,2544,6,2505,6,2475,6,2503,7,2538,7,2415,7,2738,7,2566,7,2577,7,2777,7,2668,7,2688,6,2644,6,2689,6,2681,7,2645,6,2645,6,3141,7,3157,7,2900,7,3258,6,2817,7,3001,6,2768,7,2912,6,2991,7,2846,7,2918,7,2815,6,2800,6,2988,6,2842,7,2827,7,2820,8
,12:24:00,37,2463,6,2406,7,2554,6,2515,6,2321,6,2307,7,2468,7,2400,6,2703,7,2853,6,2907,7,2920,6,2470,6,2416,6,2540,6,2498,6,2475,6,2495,6,2532,6,2420,6,2726,7,2572,7,2589,6,2774,6,2661,6,2687,6,2648,7,2675,6,2679,6,2643,7,2631,7,3124,7,3150,7,2898,7,3250,7,2836,7,2997,5,2773,6,2908,7,2991,7,2837,7,2896,7,2813,6,2803,7,2978,7,2847,6,2833,7,2816,7
,12:28:00,37,2455,6,2410,6,2552,6,2521,7,2323,6,2326,7,2483,6,2399,6,2703,6,2855,6,2904,6,2927,6,2463,7,2418,6,2546,5,2503,6,2475,6,2503,7,2525,6,2422,6,2745,7,2579,7,2581,7,2771,6,2677,6,2672,6,2638,7,2683,7,2684,6,2633,6,2631,6,3149,7,3147,7,2900,6,3259,6,2833,6,3005,6,2774,7,2902,6,2995,7,2841,7,2915,6,2810,7,2810,7,2995,6,2849,7,2841,7,2811,6
,12:32:00,37,2453,6,2406,6,2547,6,2517,6,2316,7,2321,6,2472,7,2400,6,2706,7,2866,7,2903,6,2927,6,2461,6,2418,7,2540,6,2516,6,2478,7,2498,6,2529,6,2418,7,2731,7,2560,6,2571,7,2781,6,2680,6,2683,6,2637,6,2679,7,2678,6,2642,7,2630,6,3139,7,3157,6,2896,7,3243,7,2827,7,3009,6,2770,6,2915,6,2983,7,2844,7,2919,6,2807,7,2799,6,2977,7,2848,6,2836,7,2816,7
,12:36:00,37,2477,7,2408,6,2554,6,2529,6,2329,7,2321,7,2465,7,2406,7,2703,7,2851,6,2906,6,2929,6,2472,6,2417,6,2549,7,2499,7,2468,6,2505,7,2526,6,2421,6,2746,7,2577,6,2581,6,2788,6,2676,6,2687,6,2632,6,2677,6,2686,7,2630,6,2635,7,3144,7,3150,6,2892,6,3246,6,2832,6,3004,6,2782,6,2911,6,2997,7,2849,6,2916,7,2817,6,2803,7,2995,7,2839,6,2845,7,2818,7
,12:40:00,37,2472,6,2414,6,2553,6,2538,6,2333,6,2312,6,2476,6,2410,6,2695,7,2856,7,2899,7,2940,7,2467,6,2422,6,2547,7,2510,6,2479,7,2515,6,2524,6,2430,7,2744,7,2578,7,2579,7,2783,6,2674,7,2703,6,2639,6,2685,7,2682,6,2642,6,2632,6,3133,7,3163,6,2898,7,3247,7,2841,6,3003,7,2785,6,2905,7,2991,6,2849,6,2906,6,2813,7,2800,7,2999,6,2841,7,2842,7,2814,6
,12:44:00,37,2468,6,2420,6,2556,6,2530,6,2331,6,2315,6,2478,7,2402,7,2711,8,2869,7,2907,6,2939,6,2480,6,2418,6,2551,7,2502,7,2471,7,2496,6,2528,6,2428,7,2739,7,2579,6,2582,7,2795,6,2684,7,2695,6,2637,6,2683,6,2691,6,2650,7,2635,7,3136,7,3168,7,2903,6,3242,7,2816,7,3023,6,2780,7,2908,7,3004,6,2838,6,2909,7,2816,7,2801,7,2989,7,2839,7,2847,6,2833,7
,12:48:00,37,2462,6,2421,6,2552,7,2528,6,2322,7,2324,7,2479,6,2405,7,2716,7,2871,6,2917,7,2950,6,2466,6,2424,6,2549,6,2513,7,2481,7,2503,7,2542,7,2434,7,2738,6,2592,7,2584,6,2790,7,2675,6,2691,5,2636,6,2683,7,2688,7,2643,6,2628,7,3143,7,3171,6,2902,7,3264,7,2835,6,3010,7,2777,6,2904,7,2999,7,2850,7,2918,6,2819,7,2800,7,2993,6,2843,6,2845,8,2839,7
,12:52:00,37,2477,6,2418,6,2546,7,2538,7,2338,7,2326,6,2474,7,2410,6,2706,7,2881,6,2925,6,2933,7,2477,6,2418,6,2549,6,2505,7,2475,6,2505,6,2531,6,2430,7,2751,6,2573,7,2591,6,2793,7,2676,6,2682,7,2638,7,2682,7,2688,6,2648,7,2638,7,3138,7,3159,7,2906,7,3254,6,2852,6,3000,6,2782,7,2902,6,3006,7,2848,7,2911,7,2821,7,2803,7,2997,6,2844,7,2850,7,2819,6
,12:56:00,37,2476,6,2420,6,2552,6,2546,6,2332,6,2316,7,2480,6,2411,7,2729,7,2880,6,2924,7,2936,6,2479,7,2419,6,2552,7,2505,7,2474,7,2514,7,2528,7,2427,6,2757,7,2576,6,2592,7,2799,7,2683,6,2695,6,2646,7,2683,7,2679,6,2640,7,2630,6,3138,7,3157,6,2910,7,3256,6,2842,6,3019,6,2782,6,2905,6,3008,6,2845,6,2910,7,2822,7,2806,6,2985,7,2842,7,2843,7,2825,6
,13:00:00,37,2474,6,2431,6,2554,7,2529,6,2327,6,2320,6,2479,7,2407,7,2704,7,2886,6,2918,6,2950,6,2470,6,2421,6,2548,7,2503,6,2461,7,2510,7,2533,7,2431,6,2750,7,2571,7,2587,6,2803,7,2687,6,2687,7,2637,6,2685,6,2678,6,2637,7,2630,7,3131,7,3154,7,2906,7,3252,6,2837,7,3002,6,2770,6,2898,6,3010,6,2854,6,2914,6,2817,7,2822,7,2991,7,2842,7,2840,7,2824,7
,13:04:00,37,2475,6,2425,7,2553,7,2544,7,2330,6,2309,7,2487,7,2403,6,2718,7,2876,7,2915,7,2945,7,2472,6,2436,6,2558,6,2506,6,2476,6,2505,6,2538,6,2429,6,2750,6,2577,7,2579,7,2805,7,2689,6,2689,7,2642,6,2684,6,2680,6,2643,7,2634,7,3139,8,3165,6,2905,7,3257,6,2837,7,3006,6,2769,7,2904,6,2995,7,2847,6,2910,7,2809,6,2796,6,3004,7,2848,7,2836,6,2824,6
,13:08:00,36.9,2483,6,2427,6,2563,6,2536,6,2319,6,2316,7,2492,6,2399,7,2721,7,2875,6,2932,5,2957,6,2474,6,2436,7,2561,7,2506,6,2477,6,2506,7,2535,6,2430,7,2757,7,2582,7,2591,6,2801,7,2677,6,2693,7,2650,6,2684,7,2694,7,2641,6,2634,8,3134,6,3164,7,2912,7,3259,7,2844,6,3000,5,2776,6,2904,5,2999,7,2845,6,2917,7,2821,6,2807,7,2996,7,2848,8,2842,7,2844,6
,13:12:00,37,2477,6,2430,6,2570,7,2555,6,2328,6,2321,7,2482,7,2415,6,2724,6,2886,7,2933,6,2954,7,2475,6,2424,7,2560,6,2515,6,2481,7,2503,7,2544,7,2430,6,2750,7,2585,7,2598,8,2809,7,2684,7,2697,6,2645,6,2693,6,2688,7,2646,6,2638,7,3142,7,3162,7,2913,7,3258,6,2844,7,3009,6,2783,7,2915,7,3013,7,2852,6,2916,7,2825,7,2809,6,2996,7,2853,7,2856,6,2834,7
,13:16:00,37,2480,7,2433,6,2559,6,2545,6,2328,6,2315,6,2505,7,2408,7,2721,6,2891,6,2936,6,2953,6,2474,6,2434,6,2565,6,2513,6,2467,6,2514,7,2545,7,2436,7,2751,7,2580,7,2585,6,2819,6,2685,6,2696,7,2657,6,2684,6,2673,7,2645,6,2645,6,3141,7,3183,6,2919,7,3268,6,2846,7,3022,6,2789,7,2910,8,3007,6,2854,7,2920,7,2821,7,2805,6,3010,7,2852,7,2861,7,2829,7
,13:20:00,37,2484,5,2434,7,2566,6,2552,6,2340,7,2324,7,2491,6,2409,7,2730,7,2885,7,2937,7,2955,7,2477,7,2434,6,2567,5,2510,7,2479,6,2507,7,2530,7,2437,7,2747,6,2578,7,2594,6,2827,6,2686,7,2691,6,2663,7,2683,7,2690,6,2652,6,2637,6,3142,7,3169,7,2909,6,3255,7,2849,7,3016,6,2789,6,2918,6,3020,6,2848,7,2918,6,2822,6,2816,7,3000,7,2843,6,2861,7,2848,7
,13:24:00,37,2489,6,2430,6,2566,6,2544,6,2330,7,2312,7,2500,6,2409,6,2721,7,2906,7,2938,6,2966,7,2477,6,2420,6,2582,7,2515,6,2477,6,2508,7,2532,6,2430,6,2749,7,2583,7,2597,7,2825,6,2692,6,2693,7,2655,7,2681,7,2701,6,2653,7,2636,6,3133,7,3180,6,2919,7,3252,7,2850,7,3014,6,2783,6,2920,7,3004,7,2857,7,2928,7,2822,7,2828,6,2988,7,2859,6,2848,6,2820,7
,13:28:00,37,2479,7,2434,6,2564,6,2548,6,2335,7,2324,7,2497,7,2406,7,2720,6,2891,7,2936,6,2972,6,2474,5,2435,6,2568,6,2521,6,2482,6,2517,7,2543,6,2427,7,2770,6,2583,7,2599,6,2826,6,2690,6,2696,6,2648,7,2689,6,2678,7,2652,6,2644,6,3144,6,3170,7,2921,7,3245,7,2838,7,3004,6,2782,7,2917,6,3012,7,2869,6,2931,6,2814,7,2820,7,3002,7,2855,7,2842,7,2842,6
,13:32:00,37.1,2484,7,2435,6,2562,6,2556,7,2329,6,2324,6,2497,7,2421,7,2724,7,2897,7,2950,7,2972,6,2479,6,2426,6,2570,6,2506,7,2482,7,2512,7,2550,7,2440,7,2759,7,2593,6,2601,7,2833,7,2684,5,2699,6,2654,7,2689,6,2699,6,2649,6,2638,7,3138,7,3176,6,2925,7,3252,7,2853,6,3007,6,2779,6,2918,7,3013,7,2861,6,2922,6,2831,7,2809,6,3009,7,2855,6,2854,7,2845,7
,13:36:00,37,2473,6,2446,6,2571,6,2558,7,2339,7,2326,7,2501,7,2405,7,2738,7,2905,7,2940,6,2969,6,2479,7,2431,6,2568,6,2523,7,2489,7,2517,6,2550,6,2431,7,2757,7,2588,7,2606,6,2844,7,2693,6,2696,6,2637,6,2687,6,2693,6,2647,6,2634,6,3137,7,3171,7,2925,6,3248,7,2848,6,3009,7,2789,6,2910,6,3014,7,2855,6,2920,6,2819,6,2813,7,3018,7,2866,7,2865,7,2833,6
,13:40:00,37,2485,6,2437,6,2576,6,2546,6,2336,7,2322,7,2510,7,2411,6,2739,7,2905,6,2940,6,2971,7,2475,6,2428,7,2571,7,2516,6,2488,6,2513,7,2551,6,2433,7,2775,6,2604,7,2595,7,2841,7,2686,6,2696,6,2646,6,2692,7,2690,6,2646,6,2634,6,3144,8,3181,6,2921,6,3243,6,2845,6,3021,7,2790,6,2918,6,3014,6,2864,6,2915,6,2821,7,2814,6,3001,7,2857,6,2840,7,2832,7
,13:44:00,37,2494,6,2435,6,2574,7,2568,5,2332,6,2326,6,2498,7,2407,6,2735,7,2917,7,2949,7,2974,6,2468,6,2439,7,2575,7,2518,6,2473,6,2509,7,2552,7,2439,7,2775,7,2590,7,2608,7,2849,7,2689,6,2703,6,2651,7,2691,7,2700,7,2646,6,2639,6,3144,6,3186,7,2911,7,3250,7,2852,6,3019,6,2792,6,2905,7,3027,7,2867,6,2917,6,2833,7,2825,6,3006,7,2855,7,2865,7,2832,7
,13:48:00,37,2492,6,2438,5,2577,6,2559,6,2331,6,2323,7,2505,7,2411,7,2740,7,2919,7,2949,6,2982,7,2490,6,2434,6,2572,7,2521,6,2481,7,2522,7,2549,7,2439,7,2775,7,2597,7,2600,6,2852,7,2691,6,2692,6,2657,6,2685,7,2683,7,2645,7,2639,7,3149,6,3191,6,2924,6,3264,7,2855,7,3019,6,2792,6,2918,6,3013,6,2851,6,2920,6,2830,6,2826,7,3008,7,2852,7,2859,7,2844,7
,13:52:00,37,2481,6,2441,7,2575,6,2561,7,2327,7,2318,6,2503,7,2409,7,2737,7,2913,6,2947,7,2988,7,2484,6,2426,7,2583,6,2529,6,2486,6,2520,6,2544,6,2427,7,2776,7,2591,6,2596,6,2845,7,2693,7,2700,6,2651,7,2693,6,2687,6,2650,7,2640,6,3151,6,3180,7,2920,6,3260,5,2857,6,3023,5,2789,7,2909,6,3019,7,2853,7,2922,8,2827,6,2820,7,3007,7,2853,7,2854,6,2835,7
,13:56:00,37,2492,5,2443,6,2574,7,2558,6,2332,6,2321,6,2518,7,2408,7,2739,7,2915,6,2950,7,2983,7,2475,6,2429,6,2575,6,2518,6,2492,7,2518,6,2549,7,2441,6,2766,7,2591,6,2593,6,2860,6,2693,6,2715,6,2649,6,2686,6,2696,7,2644,7,2645,7,3152,6,3198,7,2927,6,3265,6,2852,7,3017,6,2789,6,2911,6,3007,6,2854,7,2927,7,2836,7,2820,6,3010,7,2852,7,2861,7,2843,7
,14:00:00,37,2503,6,2431,6,2568,6,2567,6,2334,6,2322,6,2521,7,2414,7,2749,6,2928,6,2955,6,2991,6,2486,7,2434,6,2576,6,2525,7,2494,6,2526,6,2556,7,2438,7,2773,6,2605,6,2612,7,2878,6,2692,6,2708,6,2652,7,2680,6,2690,6,2656,7,2641,6,3155,7,3180,7,2928,7,3248,7,2859,5,3020,7,2790,7,2920,7,3025,7,2867,7,2927,7,2837,6,2828,7,3018,7,2865,7,2863,7,2849,7
,14:04:00,37,2506,6,2450,6,2570,6,2567,5,2333,6,2328,7,2512,7,2414,7,2733,7,2923,7,2955,6,3001,6,2486,6,2438,6,2590,6,2525,6,2488,7,2527,7,2551,7,2439,7,2775,7,2592,7,2607,6,2866,6,2688,6,2711,7,2655,6,2696,6,2694,6,2654,6,2633,6,3148,7,3187,7,2928,7,3267,7,2855,6,3034,6,2797,6,2918,6,3018,7,2870,7,2921,6,2833,7,2821,7,3011,7,2858,7,2863,7,2847,7
,14:08:00,37,2494,6,2447,6,2575,7,2574,6,2335,6,2321,6,2512,7,2416,6,2744,6,2933,7,2959,7,2992,6,2482,6,2432,6,2587,7,2531,6,2484,7,2530,6,2555,7,2439,7,2773,7,2595,7,2620,6,2872,7,2700,6,2705,6,2649,7,2687,7,2684,6,2649,6,2633,7,3146,7,3185,8,2938,6,3251,7,2855,7,3025,7,2794,7,2906,7,3030,7,2864,6,2927,7,2835,7,2818,7,3007,7,2854,6,2853,7,2833,7
,14:12:00,37,2511,6,2447,6,2573,6,2560,6,2341,6,2320,7,2511,6,2415,7,2751,6,2924,6,2956,6,3001,6,2481,7,2440,6,2583,6,2526,6,2491,6,2526,6,2549,7,2435,6,2775,7,2593,6,2613,6,2865,7,2688,5,2708,7,2664,6,2691,7,2688,7,2637,6,2640,7,3140,7,3180,6,2922,6,3253,7,2860,7,3018,6,2793,7,2914,5,3023,6,2862,6,2929,6,2834,7,2820,7,3015,8,2855,7,2858,7,2847,7
,14:16:00,37,2505,5,2448,6,2566,6,2576,6,2325,6,2326,6,2527,7,2410,7,2754,7,2940,7,2957,6,3000,6,2494,6,2430,6,2591,6,2526,6,2489,6,2525,7,2559,6,2438,7,2781,7,2591,7,2604,7,2887,7,2691,7,2714,7,2654,6,2689,7,2691,7,2648,7,2636,6,3136,8,3195,7,2940,6,3256,7,2863,7,3018,7,2796,6,2917,7,3025,7,2875,6,2913,7,2832,7,2825,7,3018,6,2860,7,2862,7,2843,7
,14:20:00,37.1,2508,6,2457,6,2581,6,2582,6,2341,6,2326,6,2533,7,2412,7,2753,6,2936,6,2966,7,2995,6,2488,6,2432,6,2597,6,2533,6,2489,7,2527,6,2551,7,2441,6,2800,6,2596,6,2619,6,2894,6,2699,6,2701,7,2656,6,2704,6,2693,6,2652,6,2645,6,3160,7,3203,6,2936,7,3264,6,2857,6,3026,5,2797,6,2915,7,3029,6,2869,7,2928,6,2838,7,2834,6,3012,7,2873,7,2862,6,2859,6
,14:24:00,37,2503,6,2455,6,2571,7,2581,6,2339,6,2322,7,2528,7,2422,6,2762,6,2938,7,2970,6,3007,7,2490,6,2432,6,2599,7,2534,6,2494,6,2522,6,2550,7,2444,8,2783,7,2611,6,2619,6,2897,7,2697,7,2711,7,2647,7,2692,6,2693,6,2648,6,2645,7,3145,7,3195,7,2935,6,3264,6,2853,6,3030,6,2802,7,2929,6,3021,7,2867,7,2924,6,2832,7,2829,7,3023,7,2870,6,2863,6,2846,7
,14:28:00,37,2507,6,2451,6,2581,7,2579,6,2335,7,2324,7,2527,7,2412,7,2753,7,2950,7,2962,7,3011,7,2484,6,2428,7,2594,6,2542,6,2481,7,2517,6,2563,7,2444,6,2783,7,2593,7,2614,6,2884,7,2709,6,2712,6,2654,7,2695,6,2692,6,2644,6,2644,7,3146,7,3195,7,2917,7,3258,7,2864,7,3022,6,2796,6,2912,6,3036,7,2867,6,2920,6,2841,7,2825,7,3012,6,2863,7,2856,7,2845,6
,14:32:00,37.1,2510,6,2453,6,2577,7,2582,6,2327,7,2335,6,2526,7,2416,6,2758,7,2947,7,2970,7,3016,5,2481,6,2439,6,2594,6,2537,6,2484,7,2519,6,2562,6,2442,7,2787,7,2597,7,2613,6,2896,7,2709,6,2717,6,2654,6,2690,6,2691,6,2654,6,2640,6,3145,7,3194,7,2943,7,3266,7,2869,6,3027,6,2799,6,2919,6,3031,6,2880,7,2920,7,2843,7,2840,7,3020,7,2866,7,2855,7,2854,6
,14:36:00,37,2512,6,2446,6,2575,7,2582,6,2336,6,2323,6,2529,6,2417,6,2757,7,2960,7,2979,6,3020,6,2482,6,2435,6,2585,6,2536,6,2490,7,2529,6,2555,6,2437,7,2789,7,2605,7,2609,7,2918,7,2700,6,2713,6,2649,6,2686,7,2693,7,2640,7,2635,6,3152,7,3197,7,2937,7,3260,6,2871,6,3019,5,2797,6,2918,7,3041,6,2868,6,2920,7,2832,8,2832,7,3015,7,2867,7,2858,6,2850,7
,14:40:00,37,2506,6,2456,6,2572,7,2590,6,2343,6,2335,6,2533,7,2427,7,2762,7,2958,7,2976,7,3012,6,2492,6,2432,6,2593,6,2538,6,2486,6,2535,7,2560,7,2450,7,2799,6,2601,6,2628,7,2908,6,2705,5,2715,6,2650,6,2698,7,2687,6,2660,7,2653,7,3155,7,3199,7,2937,7,3261,6,2872,7,3024,6,2807,7,2915,6,3042,6,2876,7,2925,7,2839,6,2829,6,3022,7,2868,7,2857,7,2856,7
,14:44:00,37,2507,6,2467,7,2572,6,2584,6,2328,6,2329,6,2529,6,2421,7,2760,7,2945,7,2971,6,3021,6,2485,6,2431,6,2603,6,2543,6,2497,6,2530,6,2566,7,2442,7,2792,7,2594,7,2614,7,2919,6,2691,5,2705,7,2663,6,2691,6,2685,6,2651,6,2640,7,3153,7,3205,7,2950,7,3252,7,2885,7,3019,6,2798,6,2909,6,3023,7,2868,7,2928,7,2838,6,2832,7,3021,7,2869,6,2858,6,2857,7
,14:48:00,37,2519,6,2471,6,2588,6,2586,7,2341,7,2331,6,2548,7,2420,6,2756,7,2972,6,2981,7,3029,7,2490,5,2438,6,2603,6,2545,7,2490,6,2535,6,2571,6,2445,7,2798,7,2610,7,2610,7,2922,6,2702,6,2724,7,2656,6,2697,6,2702,6,2652,7,2647,7,3145,6,3213,6,2941,7,3263,6,2869,6,3023,6,2796,6,2925,7,3048,7,2875,7,2927,6,2839,8,2827,7,3030,7,2871,7,2860,7,2860,6
,14:52:00,37,2526,6,2470,6,2581,6,2599,6,2338,6,2332,7,2540,6,2417,7,2772,7,2958,7,2984,7,3036,6,2484,6,2426,7,2602,6,2545,6,2500,6,2534,6,2570,6,2434,7,2787,6,2602,7,2621,7,2926,7,2708,5,2717,7,2663,6,2700,6,2686,7,2653,6,2650,6,3153,6,3197,7,2945,7,3267,6,2864,7,3027,7,2802,7,2917,6,3041,7,2875,6,2923,6,2836,7,2834,7,3017,8,2875,7,2861,7,2852,6
,14:56:00,37.1,2522,6,2467,6,2594,7,2595,7,2346,6,2333,7,2544,6,2426,6,2772,7,2975,7,2981,6,3035,6,2494,6,2440,5,2616,6,2553,6,2504,6,2537,6,2571,7,2442,7,2805,7,2607,7,2617,6,2941,6,2696,6,2717,7,2663,6,2704,7,2692,7,2655,6,2648,7,3158,6,3193,6,2955,6,3270,6,2879,6,3030,5,2803,6,2924,6,3047,7,2873,7,2936,7,2840,6,2839,6,3021,7,2876,7,2875,7,2861,6
,15:00:00,37,2522,6,2464,6,2589,7,2602,7,2343,7,2328,6,2545,6,2416,6,2761,7,2982,6,2982,6,3046,6,2492,6,2440,6,2612,7,2550,7,2497,7,2520,6,2566,6,2442,6,2799,6,2598,6,2620,7,2940,6,2709,6,2716,6,2663,6,2695,7,2700,7,2658,6,2649,6,3152,6,3206,7,2947,7,3268,6,2878,7,3038,7,2801,6,2931,6,3042,6,2875,7,2940,6,2850,6,2839,7,3018,6,2875,7,2865,6,2855,7
,,,,,,,,,,,,,,,,,,,,,,,,,,,,,,,,,,,,,,,,,,,,,,,,,,,,,,,,,,,,,,,,,,,,,,,,,,,,,,,,,,,,,,,,,,,,,,,,,,
"485,528",,,,,,,,,,,,,,,,,,,,,,,,,,,,,,,,,,,,,,,,,,,,,,,,,,,,,,,,,,,,,,,,,,,,,,,,,,,,,,,,,,,,,,,,,,,,,,,,,,
,,,,,,,,,,,,,,,,,,,,,,,,,,,,,,,,,,,,,,,,,,,,,,,,,,,,,,,,,,,,,,,,,,,,,,,,,,,,,,,,,,,,,,,,,,,,,,,,,,
,Time,"T° 485,528",E1,E2,E3,E4,E5,E6,E7,E8,E9,E10,E11,E12,E13,E14,E15,E16,E17,E18,E19,E20,E21,E22,E23,E24,F1,F2,F3,F4,F5,F6,F7,F8,F9,F10,F11,F12,F13,F14,F15,F16,F17,F18,F19,F20,F21,F22,F23,F24,G1,G2,G3,G4,G5,G6,G7,G8,G9,G10,G11,G12,G13,G14,G15,G16,G17,G18,G19,G20,G21,G22,G23,G24,H1,H2,H3,H4,H5,H6,H7,H8,H9,H10,H11,H12,H13,H14,H15,H16,H17,H18,H19,H20,H21,H22,H23,H24
,0:00:00,37,2433,6,2321,7,2537,7,2590,7,2469,7,2913,7,2692,7,2898,7,2730,7,2736,7,2442,7,2472,7,2500,6,2509,6,2448,7,2663,7,2664,7,2562,7,2646,7,2509,8,2518,7,2503,8,2661,7,2400,2616,2582,7,2461,6,2384,6,2642,7,2513,7,2425,6,2546,7,2281,7,2462,7,2600,7,2385,7,2307,2473,2485,6,2485,7,2516,7,2528,7,2556,7,2354,7,2517,7,2412,7,2616,7,2497,7,2356,7,2503,2479
,0:04:00,37,2494,7,2351,6,2591,6,2641,7,2505,7,2969,7,2732,7,2944,7,2770,6,2781,7,2469,7,2522,7,2564,6,2549,6,2473,7,2718,6,2706,6,2621,7,2691,7,2559,7,2570,6,2557,7,2711,7,2450,2659,2643,6,2503,7,2447,6,2735,7,2545,6,2470,6,2589,6,2328,8,2524,7,2707,7,2460,7,2342,2510,2553,7,2535,6,2550,6,2573,7,2601,7,2422,7,2559,7,2434,7,2674,7,2530,7,2412,7,2569,2519
,0:08:00,37,2509,7,2387,6,2603,7,2657,6,2537,6,2973,7,2751,7,2961,7,2782,7,2819,7,2502,7,2536,7,2564,7,2559,7,2498,6,2756,7,2726,7,2645,7,2712,7,2579,7,2607,7,2596,7,2728,8,2473,2668,2648,6,2519,6,2491,7,2802,7,2558,7,2494,7,2596,7,2363,7,2535,7,2821,7,2556,7,2367,2515,2557,6,2546,7,2566,6,2599,7,2604,7,2467,6,2570,7,2447,7,2684,7,2536,7,2424,6,2603,2534
,0:12:00,37,2526,6,2408,6,2626,7,2673,6,2544,7,2969,7,2769,7,2975,7,2810,7,2825,6,2524,7,2550,7,2589,6,2587,6,2524,7,2787,7,2740,7,2684,7,2742,7,2587,7,2629,7,2625,7,2766,7,2493,2663,2649,6,2525,7,2525,6,2892,6,2563,6,2516,6,2600,7,2386,7,2558,8,2944,6,2658,7,2380,2525,2555,7,2549,6,2580,7,2612,7,2627,7,2497,7,2584,7,2463,7,2683,6,2549,7,2463,7,2636,2541
,0:16:00,37,2549,6,2416,6,2619,6,2687,6,2541,7,2972,6,2790,6,2981,7,2833,7,2841,7,2533,6,2552,6,2589,6,2575,7,2543,7,2806,7,2747,7,2686,7,2753,6,2578,6,2648,7,2622,7,2761,7,2490,2662,2655,6,2535,6,2544,6,2995,6,2563,7,2518,7,2592,7,2402,7,2557,7,3074,6,2759,7,2407,2527,2565,6,2555,6,2575,6,2596,7,2622,7,2513,6,2594,7,2473,7,2687,7,2548,6,2490,7,2684,2539
,0:20:00,37,2556,6,2422,7,2623,6,2674,7,2551,6,2972,6,2781,7,3001,7,2854,7,2868,7,2537,7,2546,6,2584,6,2580,7,2544,6,2805,7,2746,6,2698,7,2747,6,2597,7,2682,7,2637,7,2760,7,2504,2656,2646,7,2535,7,2561,6,3098,7,2562,7,2526,6,2605,7,2413,7,2574,6,3182,7,2856,7,2408,2514,2556,6,2560,7,2567,6,2598,6,2625,6,2536,6,2591,7,2478,8,2681,7,2567,6,2528,7,2713,2550
,0:24:00,37,2570,6,2433,6,2631,7,2681,7,2542,6,2972,7,2793,7,3022,7,2868,7,2874,7,2565,6,2550,6,2588,6,2582,6,2547,7,2808,7,2764,7,2713,7,2753,6,2604,6,2690,7,2629,7,2757,7,2503,2660,2657,7,2543,6,2577,7,3188,7,2562,7,2522,6,2601,7,2423,6,2573,7,3289,7,2950,7,2429,2519,2560,7,2553,6,2577,6,2597,7,2627,6,2534,7,2593,7,2479,7,2679,7,2572,6,2561,6,2755,2547
,0:28:00,37,2576,6,2441,6,2641,7,2673,7,2551,7,2989,6,2803,7,3027,7,2885,7,2890,7,2571,7,2555,7,2583,6,2595,7,2552,7,2824,6,2758,6,2707,6,2743,7,2601,6,2713,7,2629,7,2772,7,2529,2665,2653,7,2548,6,2586,7,3298,7,2550,7,2530,7,2589,6,2422,7,2573,7,3396,7,3040,7,2442,2518,2567,7,2560,6,2575,6,2596,6,2623,7,2556,7,2604,7,2482,7,2674,7,2570,7,2585,7,2798,2547
,0:32:00,37,2579,6,2436,6,2652,7,2680,6,2561,6,2997,6,2800,7,3025,7,2885,7,2901,7,2592,7,2564,7,2591,7,2595,6,2561,7,2828,6,2770,7,2705,7,2745,6,2597,6,2737,7,2638,7,2761,7,2518,2661,2653,6,2549,7,2596,7,3386,6,2561,6,2534,6,2597,6,2424,6,2567,6,3502,8,3127,7,2428,2519,2561,6,2557,7,2572,7,2589,7,2632,6,2557,7,2604,6,2484,7,2664,7,2582,6,2624,7,2834,2548
,0:36:00,37,2576,6,2449,6,2651,7,2677,6,2560,7,3009,6,2812,7,3043,7,2907,7,2914,6,2621,7,2556,7,2592,6,2604,6,2561,6,2822,6,2778,7,2720,6,2753,6,2600,6,2762,7,2648,6,2765,7,2517,2661,2664,7,2553,7,2608,6,3475,7,2552,6,2547,7,2607,6,2429,7,2573,7,3601,7,3204,6,2448,2507,2563,6,2561,6,2574,6,2592,6,2617,6,2566,7,2607,6,2494,7,2677,6,2583,7,2659,6,2884,2545
,0:40:00,37,2580,6,2436,6,2653,7,2672,6,2566,7,3012,6,2816,6,3061,7,2911,7,2916,6,2632,7,2560,7,2591,6,2603,6,2568,6,2838,7,2768,7,2709,7,2743,6,2603,7,2781,6,2651,7,2759,7,2531,2651,2643,6,2557,6,2609,6,3556,6,2555,7,2551,6,2603,7,2423,7,2581,7,3664,7,3282,6,2448,2527,2567,7,2552,6,2580,6,2599,6,2630,7,2561,6,2607,7,2498,7,2678,7,2587,7,2689,7,2896,2559
,0:44:00,37,2576,7,2454,6,2665,6,2688,7,2578,6,3018,7,2818,7,3055,7,2920,7,2899,6,2648,7,2556,6,2598,6,2610,6,2565,6,2830,6,2783,6,2716,7,2736,6,2601,6,2820,7,2651,7,2758,7,2541,2672,2647,6,2559,6,2615,6,3631,7,2576,7,2547,6,2600,6,2423,7,2585,7,3731,7,3343,7,2446,2522,2576,6,2548,6,2575,7,2596,6,2616,6,2578,6,2613,7,2497,7,2670,7,2588,7,2724,7,2936,2549
,0:48:00,37,2588,6,2449,6,2669,7,2688,6,2579,6,3025,6,2821,7,3071,7,2921,7,2920,7,2658,8,2562,6,2600,6,2609,6,2577,6,2837,6,2772,6,2723,6,2756,7,2602,7,2856,7,2654,6,2766,7,2533,2660,2644,6,2558,7,2610,7,3680,7,2568,6,2564,7,2609,6,2428,7,2587,7,3811,7,3413,6,2453,2529,2554,6,2559,6,2569,7,2597,6,2624,7,2581,7,2609,7,2503,7,2679,7,2591,6,2760,7,2975,2551
,0:52:00,37,2589,7,2460,6,2664,7,2678,7,2583,7,3019,7,2820,7,3062,7,2920,7,2907,7,2664,7,2563,7,2605,6,2621,7,2584,6,2843,7,2794,6,2724,6,2747,6,2599,7,2864,8,2658,7,2775,7,2538,2651,2639,6,2560,6,2621,7,3742,7,2561,6,2571,7,2600,6,2434,7,2575,8,3844,7,3471,7,2456,2519,2572,6,2565,6,2580,6,2596,7,2649,6,2577,6,2614,7,2501,8,2668,7,2592,7,2790,7,3016,2552
,0:56:00,37,2594,6,2447,7,2665,7,2671,6,2568,6,3027,7,2817,7,3064,7,2920,7,2918,7,2692,7,2569,7,2603,6,2628,7,2599,6,2845,7,2790,6,2714,7,2738,7,2610,7,2900,7,2644,6,2764,7,2535,2668,2644,7,2561,6,2632,7,3784,7,2556,6,2576,6,2598,6,2431,7,2581,7,3890,6,3501,7,2461,2522,2558,7,2564,6,2573,7,2586,7,2629,6,2570,6,2610,7,2507,7,2676,7,2588,6,2820,7,3038,2551
,1:00:00,37.1,2586,6,2455,6,2677,7,2681,7,2584,6,3047,6,2818,6,3066,7,2923,6,2917,7,2697,7,2565,7,2610,6,2622,6,2599,7,2843,6,2778,6,2723,7,2743,6,2607,7,2940,7,2647,7,2748,7,2534,2661,2645,6,2545,6,2632,6,3828,6,2557,7,2592,6,2586,6,2425,7,2588,7,3924,7,3547,7,2445,2514,2553,6,2565,6,2570,6,2601,7,2630,7,2576,7,2597,7,2510,7,2662,7,2606,7,2854,7,3082,2554
,1:04:00,37,2590,6,2460,7,2672,7,2673,6,2585,7,3039,6,2822,7,3081,7,2925,6,2912,7,2710,7,2565,6,2592,6,2632,6,2603,6,2841,6,2787,7,2724,6,2746,7,2617,7,2956,7,2657,6,2764,6,2539,2646,2643,6,2563,6,2628,6,3864,7,2557,7,2594,6,2598,6,2423,7,2582,7,3969,7,3602,7,2460,2528,2565,7,2565,6,2577,7,2589,6,2636,6,2581,7,2612,7,2493,6,2677,6,2599,7,2881,6,3103,2556
,1:08:00,37,2581,6,2454,6,2674,6,2685,6,2571,6,3038,6,2831,6,3087,7,2935,7,2925,7,2732,7,2558,7,2604,6,2623,6,2611,7,2837,6,2787,6,2728,7,2745,6,2612,7,2992,6,2660,7,2779,7,2542,2661,2642,6,2554,6,2642,6,3913,6,2554,6,2616,6,2592,7,2429,7,2581,7,3991,7,3637,7,2455,2518,2567,6,2565,6,2583,7,2588,7,2629,7,2583,6,2607,7,2502,7,2671,7,2599,7,2912,6,3140,2560
,1:12:00,37,2602,7,2460,6,2677,7,2690,7,2582,6,3041,6,2822,7,3085,7,2930,6,2925,7,2742,7,2576,7,2606,7,2634,6,2609,6,2847,7,2778,7,2730,6,2730,7,2619,7,3018,7,2650,6,2779,7,2546,2671,2642,7,2567,6,2626,6,3930,6,2562,7,2616,7,2598,6,2434,7,2585,6,3998,8,3667,6,2455,2521,2560,6,2566,6,2559,7,2589,7,2633,6,2577,7,2611,7,2498,7,2671,7,2598,7,2946,6,3166,2556
,1:16:00,37,2591,6,2447,6,2670,6,2686,6,2588,6,3049,6,2808,7,3087,7,2942,8,2932,7,2755,6,2563,6,2618,6,2638,7,2618,7,2855,7,2793,6,2726,6,2748,7,2615,7,3046,7,2658,6,2785,7,2545,2662,2639,6,2558,6,2644,6,3951,6,2551,6,2627,6,2608,6,2425,6,2590,7,4031,6,3703,7,2452,2516,2561,6,2570,6,2573,6,2589,7,2628,7,2583,7,2602,6,2503,7,2667,7,2605,6,2973,7,3180,2557
,1:20:00,37,2583,6,2455,6,2665,6,2684,6,2579,6,3054,6,2822,7,3084,6,2928,7,2919,7,2767,7,2553,7,2614,7,2635,6,2618,7,2858,7,2787,7,2719,7,2744,7,2626,7,3070,7,2649,7,2779,7,2533,2653,2649,6,2546,6,2646,6,3983,7,2542,7,2643,6,2586,7,2418,7,2590,7,4023,7,3714,7,2469,2518,2557,6,2561,7,2580,6,2585,7,2637,6,2582,6,2610,7,2496,6,2679,7,2611,7,2999,7,3205,2552
,1:24:00,37,2584,6,2455,6,2662,7,2682,7,2583,6,3040,7,2820,6,3091,6,2928,7,2931,6,2778,7,2567,7,2615,6,2638,7,2630,6,2839,6,2791,7,2714,7,2737,7,2616,6,3093,6,2655,6,2782,7,2542,2651,2640,6,2550,6,2637,7,4000,6,2548,7,2662,7,2585,6,2427,7,2589,7,4043,6,3746,7,2464,2514,2558,6,2562,6,2573,7,2577,6,2629,7,2576,7,2609,7,2500,7,2661,7,2604,6,3040,6,3242,2550
,1:28:00,37,2590,6,2466,6,2680,7,2675,7,2582,6,3045,7,2802,6,3089,7,2937,6,2935,6,2799,7,2572,7,2612,6,2638,6,2626,6,2859,7,2786,7,2729,6,2731,6,2618,7,3131,8,2653,7,2776,7,2537,2645,2628,6,2557,6,2630,6,4012,7,2551,6,2666,7,2588,6,2432,7,2592,7,4065,6,3763,7,2467,2530,2557,6,2563,7,2575,7,2588,7,2623,7,2579,6,2613,7,2498,7,2664,6,2604,7,3065,7,3275,2549
,1:32:00,37,2589,6,2457,6,2676,6,2675,7,2580,6,3056,7,2823,7,3094,6,2963,7,2926,7,2813,6,2563,7,2620,6,2646,6,2633,6,2863,6,2804,7,2719,7,2729,6,2631,7,3148,7,2654,6,2786,7,2553,2663,2636,6,2560,6,2641,7,4040,6,2556,6,2672,6,2587,6,2433,7,2594,6,4070,7,3778,7,2464,2524,2560,6,2556,6,2572,6,2596,6,2635,7,2583,7,2625,6,2499,6,2671,7,2613,6,3081,7,3307,2552
,1:36:00,37,2597,6,2452,6,2668,7,2682,7,2579,7,3058,7,2813,7,3096,7,2945,7,2940,6,2827,7,2551,6,2606,7,2653,6,2637,6,2858,7,2785,7,2733,6,2727,7,2631,7,3178,7,2665,7,2787,6,2522,2662,2633,7,2557,6,2637,7,4044,7,2547,6,2694,6,2591,6,2419,6,2595,7,4074,7,3785,6,2473,2523,2550,6,2567,7,2571,6,2584,7,2636,7,2582,6,2609,7,2502,6,2671,7,2616,7,3115,6,3316,2548
,1:40:00,37,2588,7,2456,6,2672,7,2685,7,2590,6,3060,6,2816,6,3094,6,2951,6,2939,6,2848,7,2559,7,2619,6,2644,7,2642,6,2855,7,2784,7,2722,7,2737,6,2632,7,3214,7,2662,7,2776,7,2546,2655,2646,7,2554,6,2653,6,4068,7,2548,6,2703,6,2589,7,2432,6,2596,7,4095,6,3797,7,2456,2513,2553,6,2567,6,2580,6,2594,6,2639,6,2584,6,2614,7,2486,6,2672,7,2612,5,3127,6,3342,2544
,1:44:00,37,2595,6,2460,6,2674,7,2678,7,2580,7,3050,6,2811,6,3097,7,2948,7,2936,6,2848,7,2569,7,2619,6,2645,6,2646,6,2865,7,2788,7,2719,7,2729,6,2632,7,3235,7,2659,6,2784,6,2533,2667,2635,7,2549,6,2659,6,4063,6,2550,7,2699,7,2575,7,2426,7,2596,7,4086,7,3805,7,2471,2520,2557,7,2568,6,2570,7,2578,6,2629,7,2589,7,2610,6,2504,7,2662,7,2605,6,3162,7,3366,2550
,1:48:00,37.1,2589,6,2454,6,2677,7,2686,7,2578,6,3066,6,2818,7,3094,7,2949,7,2943,6,2868,7,2572,7,2613,6,2652,7,2659,6,2860,6,2791,7,2723,7,2728,7,2637,6,3253,7,2655,7,2784,6,2543,2650,2643,6,2557,7,2642,7,4067,7,2544,6,2718,7,2592,6,2422,7,2592,7,4099,6,3829,7,2479,2512,2559,6,2566,7,2575,6,2587,7,2628,6,2578,7,2608,6,2499,7,2668,7,2620,6,3187,6,3381,2554
,1:52:00,37,2588,6,2457,6,2671,7,2674,6,2574,6,3064,6,2798,7,3088,6,2941,7,2939,6,2885,7,2567,7,2618,6,2653,6,2656,6,2871,6,2786,7,2716,7,2740,6,2636,6,3275,7,2662,7,2787,7,2545,2646,2638,5,2570,6,2638,6,4068,6,2543,6,2736,6,2582,7,2418,7,2593,7,4100,6,3841,7,2471,2520,2563,7,2567,6,2577,6,2582,7,2625,7,2592,6,2612,7,2506,7,2665,7,2618,7,3219,7,3413,2566
,1:56:00,37,2599,7,2466,6,2679,7,2679,7,2590,6,3063,7,2814,7,3096,7,2949,6,2942,7,2883,7,2576,6,2625,6,2658,6,2680,6,2874,7,2805,7,2727,6,2733,7,2644,6,3309,7,2672,7,2793,6,2547,2654,2647,6,2555,6,2655,7,4079,7,2538,6,2746,6,2592,6,2421,7,2597,7,4111,7,3837,6,2474,2521,2556,6,2561,7,2581,7,2590,7,2623,7,2591,6,2617,7,2506,7,2658,7,2619,7,3225,7,3428,2562
,2:00:00,37,2579,6,2462,6,2681,6,2684,7,2583,7,3076,7,2800,7,3098,7,2963,7,2947,7,2920,7,2573,6,2625,6,2673,6,2668,7,2867,6,2800,6,2730,6,2743,7,2645,6,3323,7,2667,7,2794,7,2546,2659,2640,6,2558,6,2654,7,4090,6,2547,7,2755,7,2590,7,2424,7,2596,7,4107,7,3851,6,2478,2530,2558,7,2562,6,2576,6,2590,7,2626,7,2584,7,2618,7,2492,7,2667,7,2626,6,3275,7,3447,2550
,2:04:00,37,2587,7,2465,6,2677,6,2682,6,2588,7,3065,7,2813,7,3108,7,2961,7,2946,7,2923,7,2568,6,2613,7,2665,6,2677,6,2864,7,2787,6,2730,7,2735,7,2653,7,3345,7,2653,6,2801,7,2536,2659,2642,6,2556,6,2656,7,4090,7,2550,6,2770,6,2581,6,2425,7,2598,7,4123,7,3845,7,2460,2529,2558,6,2566,6,2564,6,2581,6,2616,6,2579,7,2606,7,2496,7,2655,6,2628,6,3273,6,3471,2547
,2:08:00,37.1,2593,6,2460,7,2674,7,2674,7,2589,7,3058,6,2808,7,3096,7,2955,7,2942,6,2927,7,2562,6,2624,6,2661,7,2683,6,2873,7,2795,6,2711,6,2722,6,2640,7,3357,7,2647,6,2784,7,2535,2658,2631,6,2557,6,2654,6,4087,7,2547,6,2769,7,2583,6,2416,7,2584,6,4107,7,3853,7,2474,2521,2549,7,2553,7,2572,6,2582,6,2623,6,2583,6,2608,7,2489,6,2660,6,2619,7,3294,6,3478,2558
,2:12:00,37,2582,7,2456,7,2665,7,2677,7,2579,6,3078,6,2806,7,3093,7,2947,6,2948,6,2939,7,2560,7,2620,7,2667,6,2672,7,2860,7,2792,6,2717,7,2733,7,2645,6,3354,7,2647,7,2792,6,2536,2653,2633,7,2557,6,2642,6,4091,6,2538,7,2777,7,2569,6,2427,6,2593,7,4111,7,3859,6,2466,2516,2546,7,2548,6,2556,7,2589,6,2622,6,2581,7,2609,7,2484,7,2659,6,2633,7,3316,7,3504,2548
,2:16:00,37,2580,6,2436,7,2672,6,2671,6,2576,6,3069,6,2810,6,3088,7,2955,6,2938,6,2943,6,2560,7,2629,6,2677,6,2681,6,2866,6,2792,6,2716,7,2723,7,2654,7,3392,7,2649,6,2784,7,2548,2659,2639,6,2548,5,2638,7,4092,7,2535,6,2788,6,2578,6,2411,6,2594,7,4111,7,3865,7,2473,2507,2556,6,2561,6,2564,6,2583,6,2617,7,2572,7,2605,7,2484,7,2663,6,2619,7,3333,7,3527,2558
,2:20:00,37,2590,6,2455,6,2675,6,2670,7,2580,7,3072,6,2803,6,3100,7,2952,6,2965,6,2968,7,2560,6,2622,6,2667,6,2697,6,2869,6,2791,7,2718,6,2740,6,2657,6,3430,7,2654,7,2811,6,2546,2645,2638,7,2551,6,2649,7,4109,6,2533,7,2803,7,2583,7,2427,7,2594,7,4108,7,3873,7,2475,2517,2556,7,2561,6,2572,7,2583,6,2629,7,2590,6,2616,7,2485,7,2667,7,2627,6,3356,6,3537,2555
,2:24:00,37,2594,6,2451,6,2677,6,2670,6,2590,6,3075,7,2809,7,3099,7,2945,7,2945,7,2991,7,2567,6,2624,6,2680,6,2707,6,2874,7,2801,7,2724,7,2729,6,2660,7,3452,7,2658,7,2810,7,2542,2657,2634,6,2558,7,2655,6,4100,7,2541,6,2819,6,2583,6,2421,7,2600,6,4133,7,3883,6,2468,2517,2549,6,2575,6,2570,7,2589,6,2632,7,2596,7,2605,6,2498,7,2660,6,2637,6,3382,7,3554,2552
,2:28:00,37,2598,6,2469,6,2689,6,2685,7,2599,7,3086,6,2808,7,3099,7,2956,7,2965,7,3006,7,2565,7,2629,6,2685,6,2709,6,2888,6,2804,7,2723,6,2739,6,2659,6,3471,7,2657,7,2799,7,2541,2659,2642,6,2566,6,2643,6,4111,6,2549,6,2837,7,2577,6,2419,7,2591,7,4117,7,3883,7,2475,2526,2567,6,2564,6,2572,7,2591,7,2630,7,2600,7,2620,7,2489,7,2673,6,2652,7,3417,7,3579,2563
,2:32:00,37,2594,5,2461,6,2678,7,2674,7,2586,6,3080,6,2817,7,3118,7,2955,7,2954,6,2992,7,2565,7,2631,7,2677,6,2709,6,2882,7,2794,7,2715,6,2733,7,2665,7,3482,7,2656,7,2802,6,2547,2652,2630,6,2556,7,2645,6,4118,6,2535,7,2845,7,2580,7,2425,7,2604,7,4111,7,3898,6,2483,2527,2553,6,2560,6,2573,7,2590,7,2635,6,2589,6,2626,7,2496,6,2665,6,2644,6,3412,7,3593,2552
,2:36:00,37,2589,6,2466,6,2674,7,2665,7,2587,7,3067,6,2804,6,3096,7,2955,7,2952,7,3018,6,2575,7,2623,7,2696,6,2717,6,2876,6,2794,7,2721,7,2740,7,2665,6,3488,8,2655,7,2814,7,2545,2663,2646,6,2557,6,2650,6,4107,7,2539,6,2856,7,2578,6,2414,7,2591,7,4134,7,3896,7,2483,2517,2544,6,2566,6,2569,7,2594,7,2629,6,2599,6,2613,7,2478,7,2661,7,2649,7,3434,7,3618,2551
,2:40:00,37,2601,6,2447,6,2666,6,2679,6,2595,6,3082,6,2799,6,3102,7,2953,7,2956,6,3042,6,2569,7,2630,6,2699,6,2720,7,2873,6,2794,6,2718,7,2739,6,2658,7,3516,7,2657,7,2814,7,2543,2653,2641,7,2553,6,2643,6,4101,6,2538,7,2859,6,2584,6,2416,6,2611,6,4119,6,3892,7,2462,2534,2547,6,2560,6,2569,6,2594,7,2618,6,2593,6,2609,6,2485,7,2659,6,2647,7,3442,6,3605,2553
,2:44:00,37,2601,6,2470,6,2674,7,2666,6,2601,6,3072,6,2809,7,3101,7,2966,6,2968,7,3045,7,2563,6,2647,6,2691,6,2722,6,2880,7,2802,6,2719,6,2744,7,2671,7,3534,7,2666,7,2808,7,2540,2662,2627,6,2556,6,2644,6,4095,6,2538,6,2868,6,2581,6,2417,6,2603,7,4123,7,3899,7,2483,2523,2547,7,2569,6,2564,6,2580,7,2628,6,2586,7,2609,7,2489,7,2656,7,2643,6,3472,7,3621,2556
,2:48:00,37.1,2598,7,2459,6,2677,7,2680,6,2587,7,3088,6,2816,6,3119,7,2966,7,2963,6,3061,7,2570,6,2641,6,2699,7,2725,6,2879,6,2805,6,2717,6,2754,6,2659,7,3558,7,2667,7,2819,7,2526,2658,2640,6,2558,6,2644,6,4111,6,2548,6,2887,6,2590,6,2419,7,2610,6,4122,7,3906,6,2466,2517,2558,6,2556,6,2567,6,2584,6,2630,7,2595,6,2605,7,2485,6,2663,7,2644,6,3490,6,3645,2569
,2:52:00,37,2600,6,2469,5,2683,7,2661,7,2587,6,3090,6,2810,7,3105,6,2962,6,2955,6,3079,7,2571,6,2631,6,2693,6,2735,6,2883,6,2792,7,2719,7,2734,6,2669,7,3576,7,2658,7,2821,7,2543,2659,2645,6,2556,6,2644,6,4112,6,2543,7,2888,6,2580,6,2419,6,2600,7,4120,7,3902,7,2484,2516,2554,6,2569,6,2575,7,2579,6,2629,6,2594,7,2619,7,2491,6,2661,7,2646,6,3492,7,3661,2552
,2:56:00,37,2602,6,2466,6,2678,7,2674,6,2596,7,3087,7,2801,6,3103,6,2978,7,2971,7,3084,6,2570,8,2638,7,2707,6,2741,6,2876,5,2790,7,2715,6,2729,6,2679,6,3581,6,2661,6,2820,7,2546,2656,2648,6,2556,6,2650,6,4126,7,2545,6,2906,6,2577,7,2417,7,2612,7,4123,7,3902,8,2483,2521,2548,6,2558,6,2569,7,2583,6,2622,6,2599,7,2616,7,2487,7,2660,7,2664,7,3521,7,3680,2570
,3:00:00,37,2594,6,2458,6,2679,6,2671,7,2585,7,3094,6,2813,6,3109,8,2958,7,2968,7,3099,6,2569,6,2641,6,2696,6,2752,6,2877,7,2797,6,2714,6,2746,6,2674,7,3606,7,2665,7,2815,6,2544,2649,2647,6,2557,6,2651,6,4109,6,2536,6,2907,6,2580,6,2416,6,2603,7,4137,6,3901,7,2489,2525,2553,7,2564,7,2568,6,2583,7,2626,7,2589,6,2614,7,2493,7,2659,7,2655,6,3528,7,3677,2561
,3:04:00,37,2602,6,2453,6,2679,6,2677,6,2597,6,3090,7,2805,6,3119,6,2967,6,2959,7,3118,7,2562,6,2654,7,2705,6,2758,6,2880,7,2791,6,2717,7,2736,7,2684,6,3611,7,2666,7,2823,7,2553,2663,2637,5,2563,6,2663,7,4114,6,2542,6,2923,6,2584,6,2420,7,2611,6,4132,6,3916,6,2487,2517,2552,6,2559,6,2562,7,2591,6,2623,7,2601,6,2611,7,2488,7,2664,7,2656,7,3533,7,3698,2572
,3:08:00,37,2601,6,2456,6,2679,7,2678,6,2602,6,3099,7,2801,6,3115,7,2983,7,2976,7,3128,7,2566,7,2642,6,2719,6,2753,7,2888,6,2806,7,2718,7,2742,6,2676,6,3625,7,2673,7,2821,7,2552,2665,2644,7,2558,7,2647,6,4122,6,2550,6,2933,6,2574,7,2422,7,2608,7,4138,7,3913,6,2485,2515,2549,6,2565,6,2575,6,2573,7,2627,6,2590,6,2616,7,2482,6,2663,7,2659,7,3553,7,3710,2560
,3:12:00,37,2595,6,2449,6,2670,6,2670,7,2583,7,3086,6,2813,7,3125,7,2971,6,2964,6,3129,7,2573,6,2655,6,2710,7,2761,6,2890,7,2801,7,2710,6,2729,6,2692,6,3634,7,2676,7,2825,7,2538,2658,2642,6,2566,6,2647,6,4118,7,2542,6,2938,6,2580,6,2412,6,2607,6,4125,7,3915,7,2493,2517,2552,6,2559,6,2560,6,2581,7,2631,6,2592,6,2613,7,2476,6,2668,6,2654,6,3559,7,3731,2550
,3:16:00,37,2595,6,2460,6,2667,6,2672,6,2605,7,3093,7,2795,7,3114,7,2967,7,2970,7,3137,7,2567,7,2641,6,2712,6,2764,6,2880,7,2804,6,2718,7,2736,6,2686,7,3650,7,2662,7,2826,7,2535,2643,2643,6,2548,6,2650,6,4126,7,2539,6,2961,6,2582,6,2418,6,2610,7,4124,6,3910,6,2484,2516,2547,6,2565,6,2561,7,2583,6,2638,6,2580,7,2605,7,2477,7,2668,6,2658,7,3584,7,3732,2557
,3:20:00,37,2604,6,2451,6,2673,6,2664,7,2585,6,3082,7,2790,7,3099,6,2969,6,2961,7,3156,7,2557,6,2647,7,2709,6,2763,6,2880,6,2798,7,2706,6,2731,6,2675,7,3678,7,2661,6,2825,7,2531,2660,2639,6,2550,5,2651,7,4093,7,2527,5,2959,7,2574,6,2411,7,2596,7,4129,6,3896,6,2488,2519,2544,6,2561,6,2563,7,2574,6,2634,6,2579,7,2600,7,2483,6,2657,6,2655,7,3583,7,3738,2553
,3:24:00,37,2599,6,2461,6,2676,7,2666,7,2594,6,3083,7,2796,6,3111,7,2976,7,2966,7,3162,7,2565,7,2645,6,2716,6,2776,6,2898,7,2804,6,2708,7,2739,6,2693,7,3692,7,2664,7,2831,7,2541,2660,2644,6,2564,7,2649,6,4112,6,2527,6,2976,6,2568,6,2412,7,2605,7,4133,6,3913,6,2480,2527,2549,6,2559,6,2564,7,2581,7,2624,7,2593,7,2613,7,2477,7,2649,7,2660,6,3595,7,3747,2558
,3:28:00,37,2596,6,2458,7,2682,6,2671,6,2599,6,3102,6,2803,7,3113,7,2969,7,2968,7,3185,6,2580,7,2653,6,2735,6,2778,6,2887,6,2789,7,2718,7,2737,6,2693,7,3695,7,2665,7,2838,7,2539,2657,2656,6,2556,6,2651,7,4122,6,2549,6,2993,7,2584,7,2403,7,2606,7,4129,6,3919,7,2480,2525,2549,6,2562,6,2570,7,2570,7,2632,6,2599,7,2615,7,2472,7,2655,7,2671,6,3618,6,3771,2563
,3:32:00,37.1,2602,6,2459,7,2679,7,2671,6,2594,7,3103,6,2813,6,3120,7,2976,8,2971,7,3185,6,2575,7,2658,7,2725,6,2780,7,2905,6,2810,7,2724,7,2741,7,2699,6,3701,7,2677,6,2836,7,2553,2662,2638,6,2554,6,2656,6,4123,6,2536,6,3002,6,2582,6,2424,7,2623,7,4130,6,3923,6,2490,2522,2543,6,2559,7,2578,6,2592,7,2631,6,2594,7,2615,7,2483,7,2661,7,2671,6,3619,7,3775,2567
,3:36:00,37,2609,5,2466,6,2678,7,2672,7,2594,6,3099,7,2804,7,3116,7,2993,7,2982,7,3207,7,2568,6,2646,6,2733,6,2796,6,2898,6,2810,6,2725,6,2737,6,2707,7,3723,7,2681,7,2842,7,2553,2667,2639,6,2562,6,2654,7,4116,7,2537,6,2996,7,2592,7,2413,7,2629,7,4128,7,3922,7,2494,2528,2549,6,2566,6,2573,7,2580,6,2622,7,2590,6,2608,7,2480,7,2668,6,2679,6,3637,7,3781,2564
,3:40:00,37,2602,7,2455,7,2681,6,2666,6,2595,6,3100,6,2791,7,3115,7,2974,6,2966,7,3205,7,2579,7,2646,6,2739,6,2796,7,2892,6,2805,7,2712,7,2744,6,2703,6,3713,6,2663,6,2846,7,2547,2664,2640,6,2564,6,2646,6,4137,6,2545,6,3003,7,2572,6,2415,6,2628,7,4130,7,3926,7,2480,2504,2547,7,2569,6,2561,6,2578,7,2629,6,2603,6,2603,7,2483,7,2660,6,2682,7,3647,7,3797,2557
,3:44:00,37,2604,6,2461,7,2687,7,2668,7,2601,7,3099,7,2803,7,3120,6,2969,7,2964,7,3228,7,2564,7,2653,6,2724,6,2800,6,2890,6,2800,6,2702,7,2738,7,2704,7,3746,7,2673,7,2845,7,2546,2654,2642,6,2562,6,2642,6,4115,7,2540,6,3027,6,2569,6,2407,6,2624,7,4139,6,3924,7,2494,2527,2540,6,2561,6,2564,6,2576,7,2629,7,2597,6,2610,7,2483,7,2655,7,2680,7,3653,7,3809,2558
,3:48:00,37,2596,6,2462,6,2670,6,2672,6,2598,6,3102,6,2798,6,3115,7,2989,7,2974,7,3224,7,2572,6,2658,6,2738,6,2811,7,2891,6,2810,6,2726,7,2740,7,2704,6,3745,7,2670,7,2842,6,2556,2667,2646,6,2555,7,2646,6,4124,6,2545,6,3023,7,2590,5,2423,7,2611,7,4124,7,3916,7,2492,2527,2551,6,2570,6,2564,7,2577,6,2629,6,2592,7,2613,7,2472,7,2660,6,2682,6,3656,6,3810,2574
,3:52:00,37.1,2608,6,2458,6,2679,6,2666,7,2604,7,3097,7,2796,7,3103,7,2972,7,2970,7,3233,7,2573,6,2664,6,2737,6,2809,6,2900,6,2806,7,2713,6,2737,6,2692,7,3752,7,2670,7,2839,7,2543,2646,2633,6,2553,6,2648,6,4119,6,2537,6,3037,7,2575,6,2420,6,2611,6,4124,7,3926,7,2491,2520,2539,6,2553,6,2560,6,2576,6,2619,6,2592,6,2608,7,2479,7,2656,7,2679,7,3671,6,3816,2549
,3:56:00,37,2605,6,2463,7,2683,6,2678,7,2602,6,3106,7,2803,7,3114,6,2987,6,2970,7,3234,7,2568,6,2657,6,2743,6,2805,7,2892,6,2816,6,2719,6,2747,6,2712,7,3770,7,2677,7,2853,7,2549,2660,2638,6,2568,7,2648,6,4131,7,2547,6,3053,7,2575,7,2408,7,2613,7,4131,7,3925,6,2494,2521,2555,6,2561,6,2574,7,2582,6,2627,7,2606,7,2622,6,2489,7,2663,6,2699,6,3681,7,3824,2569
,4:00:00,37,2599,7,2458,6,2671,6,2672,6,2595,7,3118,7,2796,7,3121,7,2982,6,2989,6,3261,7,2564,6,2663,6,2743,7,2823,6,2895,7,2797,6,2720,7,2751,7,2716,6,3772,7,2663,7,2849,6,2541,2653,2636,7,2556,6,2658,7,4108,6,2539,7,3069,6,2586,7,2421,7,2613,7,4128,6,3924,6,2500,2526,2548,6,2570,6,2578,7,2586,7,2627,6,2601,7,2605,7,2485,6,2665,7,2698,7,3685,7,3850,2560
,4:04:00,37,2604,7,2458,6,2683,7,2678,6,2602,6,3102,7,2820,7,3125,6,2985,7,2978,6,3266,7,2577,7,2669,6,2754,6,2835,7,2897,6,2819,7,2717,7,2745,7,2713,7,3798,6,2664,6,2860,7,2550,2666,2635,6,2565,6,2651,6,4138,6,2544,6,3071,6,2589,6,2408,6,2615,6,4138,6,3915,6,2485,2528,2548,6,2565,6,2571,7,2588,6,2646,6,2596,6,2618,7,2482,7,2666,7,2699,7,3704,6,3851,2566
,4:08:00,37,2609,6,2454,6,2680,6,2666,6,2599,7,3102,7,2802,6,3117,7,2983,7,2982,7,3288,7,2580,6,2665,6,2750,6,2829,6,2910,6,2798,7,2718,6,2748,7,2709,7,3805,7,2673,7,2858,7,2550,2656,2650,7,2560,6,2650,7,4128,7,2554,6,3079,7,2574,6,2414,7,2625,7,4125,7,3937,7,2500,2529,2553,6,2570,7,2567,7,2576,7,2630,6,2603,7,2619,7,2479,7,2664,6,2706,7,3693,7,3853,2570
,4:12:00,37,2602,6,2462,7,2675,6,2690,7,2596,6,3114,7,2807,6,3116,7,2978,6,2971,7,3288,7,2579,7,2669,6,2756,6,2835,6,2893,6,2798,7,2713,6,2748,7,2723,7,3806,7,2683,7,2872,7,2555,2652,2645,6,2574,7,2645,7,4117,6,2549,6,3088,6,2573,6,2409,7,2624,7,4124,6,3936,6,2493,2538,2557,6,2562,6,2561,7,2583,7,2630,6,2600,6,2626,7,2481,7,2655,7,2693,6,3715,7,3871,2566
,4:16:00,37,2601,6,2463,6,2678,6,2669,6,2601,6,3124,6,2815,7,3119,7,2984,6,2972,7,3301,7,2576,7,2671,7,2761,6,2854,6,2903,7,2813,7,2719,7,2755,6,2725,7,3829,7,2666,7,2859,7,2547,2665,2653,6,2565,6,2655,6,4132,7,2547,7,3098,6,2578,6,2419,6,2628,7,4132,6,3919,6,2501,2531,2552,6,2559,6,2570,7,2579,7,2643,6,2602,6,2605,6,2480,7,2666,6,2698,7,3745,6,3868,2575
,4:20:00,37.1,2603,6,2461,7,2682,5,2670,6,2598,6,3109,7,2803,6,3110,7,2997,6,2977,7,3313,6,2576,6,2665,6,2767,7,2851,6,2895,6,2807,6,2713,7,2745,6,2722,7,3822,7,2675,6,2870,6,2554,2664,2650,7,2561,6,2650,6,4131,6,2548,7,3108,6,2583,6,2415,7,2634,7,4130,7,3920,6,2498,2528,2554,7,2556,6,2564,6,2579,7,2634,7,2601,6,2611,7,2481,7,2657,6,2709,7,3727,7,3869,2572
,4:24:00,37,2596,5,2460,7,2674,6,2665,7,2593,7,3099,6,2801,7,3113,6,2984,7,2980,7,3309,6,2580,7,2665,6,2767,6,2847,6,2898,6,2794,6,2718,6,2743,7,2728,7,3837,7,2665,7,2866,6,2548,2653,2645,7,2554,6,2652,6,4118,6,2541,6,3107,7,2573,7,2410,7,2624,6,4128,8,3914,6,2492,2521,2547,6,2559,6,2556,6,2579,6,2626,6,2603,6,2608,7,2478,7,2670,7,2711,7,3723,6,3875,2570
,4:28:00,37,2604,6,2463,6,2670,6,2680,6,2597,6,3112,6,2805,6,3097,6,2979,6,2980,7,3326,7,2570,7,2667,6,2755,7,2858,6,2901,7,2805,6,2728,6,2752,6,2730,6,3827,7,2667,6,2867,7,2548,2646,2646,6,2561,7,2650,7,4107,6,2542,6,3110,6,2571,7,2412,7,2623,7,4121,7,3913,6,2491,2520,2539,6,2559,6,2553,7,2571,6,2620,6,2600,7,2619,7,2476,7,2654,7,2709,6,3756,7,3891,2563
,4:32:00,37,2600,6,2462,6,2687,6,2679,6,2597,7,3101,6,2799,6,3107,7,2991,7,2985,6,3349,7,2575,6,2672,6,2774,6,2851,6,2905,7,2818,6,2725,6,2747,6,2738,7,3853,6,2670,7,2866,7,2547,2665,2659,6,2559,6,2662,7,4131,6,2546,7,3125,7,2584,6,2419,7,2627,7,4137,7,3935,6,2489,2526,2552,7,2578,6,2569,6,2582,6,2636,7,2610,7,2620,7,2476,7,2651,7,2705,7,3758,7,3898,2568
,4:36:00,37,2605,6,2469,7,2686,6,2676,6,2601,6,3112,6,2810,6,3122,7,2990,7,2987,7,3344,7,2568,7,2678,6,2766,7,2858,7,2898,6,2811,7,2715,7,2747,7,2735,7,3864,7,2662,6,2877,6,2553,2667,2651,6,2562,6,2651,6,4115,6,2548,7,3141,6,2586,6,2423,7,2630,7,4136,7,3922,7,2494,2532,2550,6,2570,6,2562,6,2573,6,2630,7,2611,7,2620,6,2478,7,2652,7,2706,6,3766,7,3898,2567
,4:40:00,37,2608,7,2477,6,2690,6,2677,7,2597,6,3115,7,2822,7,3118,7,2990,6,2983,6,3370,7,2577,7,2683,5,2789,6,2876,6,2915,6,2818,7,2716,7,2756,6,2736,6,3871,7,2676,7,2878,7,2556,2663,2659,6,2563,6,2655,6,4130,6,2554,7,3142,6,2586,7,2416,7,2635,7,4128,6,3927,6,2497,2520,2555,7,2567,6,2575,7,2578,7,2635,7,2607,6,2617,6,2485,7,2662,7,2722,6,3753,7,3916,2566
,4:44:00,37.1,2609,6,2460,6,2676,7,2660,6,2605,6,3121,7,2806,6,3102,7,2986,6,2980,7,3374,7,2571,7,2684,6,2790,6,2873,7,2906,7,2819,6,2713,6,2751,6,2741,7,3878,7,2678,7,2888,6,2558,2665,2651,6,2564,6,2659,7,4128,7,2554,7,3146,7,2582,7,2420,7,2630,7,4141,6,3939,7,2496,2531,2549,6,2562,6,2567,6,2581,7,2646,6,2603,7,2613,7,2476,7,2661,7,2714,7,3760,7,3924,2582
,4:48:00,37,2598,6,2453,6,2679,6,2677,6,2598,6,3111,7,2803,7,3122,7,2998,6,2985,7,3375,7,2569,7,2683,6,2782,6,2880,6,2898,6,2806,6,2715,7,2755,6,2739,7,3874,7,2676,7,2889,7,2551,2662,2652,6,2560,6,2648,6,4128,7,2544,6,3168,6,2576,6,2411,6,2631,7,4136,6,3922,6,2488,2519,2546,6,2564,7,2566,7,2578,7,2632,7,2602,6,2617,7,2482,7,2654,7,2716,6,3765,6,3915,2571
,4:52:00,37,2602,6,2458,6,2688,7,2675,6,2599,7,3116,7,2801,6,3121,6,2986,7,2981,7,3397,7,2574,7,2679,6,2783,6,2879,7,2911,7,2816,7,2723,6,2765,6,2755,6,3894,6,2671,7,2889,7,2559,2658,2657,6,2564,7,2647,6,4120,6,2546,7,3168,6,2592,6,2418,7,2627,6,4129,7,3937,7,2484,2517,2554,6,2570,6,2568,7,2584,7,2639,6,2612,7,2617,7,2486,7,2673,7,2725,6,3803,6,3921,2577
,4:56:00,37,2605,6,2461,6,2686,7,2666,6,2594,6,3105,7,2810,7,3101,7,2990,7,2986,7,3399,7,2573,6,2688,6,2776,6,2880,6,2916,7,2810,7,2708,6,2751,7,2751,6,3878,7,2674,7,2886,7,2542,2656,2652,6,2571,6,2648,6,4130,6,2544,6,3162,7,2579,6,2415,6,2641,7,4118,7,3937,7,2491,2513,2543,6,2564,6,2557,7,2579,6,2628,6,2610,6,2615,7,2477,7,2652,6,2722,7,3783,6,3934,2565
,5:00:00,37,2609,6,2473,7,2686,7,2667,7,2596,7,3125,7,2803,7,3114,7,2983,7,2984,6,3396,7,2576,6,2683,6,2778,6,2890,6,2902,7,2814,7,2718,7,2751,6,2753,7,3874,6,2683,7,2884,7,2548,2667,2651,6,2562,6,2656,6,4117,6,2534,7,3177,6,2579,7,2413,6,2640,7,4132,6,3924,7,2488,2529,2548,7,2563,7,2564,7,2578,7,2632,6,2605,7,2624,7,2473,7,2664,7,2728,6,3780,6,3941,2574
,5:04:00,37,2613,6,2476,6,2681,6,2686,7,2613,6,3118,6,2798,6,3124,7,2984,7,2987,6,3416,7,2582,7,2697,6,2789,6,2905,7,2897,6,2799,7,2711,7,2760,6,2741,7,3903,7,2676,7,2896,7,2555,2650,2656,6,2557,6,2642,7,4120,7,2546,7,3181,6,2581,6,2419,7,2629,7,4145,7,3917,7,2497,2534,2557,6,2573,6,2568,7,2587,7,2646,6,2603,6,2620,6,2487,7,2663,7,2732,6,3782,7,3945,2574
,5:08:00,37,2603,6,2469,6,2682,6,2692,7,2608,6,3106,7,2814,7,3103,7,2987,6,2977,7,3416,6,2573,7,2688,7,2801,6,2893,6,2899,6,2812,6,2714,7,2763,7,2741,6,3915,7,2676,7,2889,7,2551,2666,2653,6,2561,6,2653,6,4131,7,2545,6,3191,6,2577,6,2412,7,2629,7,4139,7,3941,7,2495,2526,2544,6,2572,7,2569,7,2583,6,2639,6,2602,7,2606,7,2471,7,2658,7,2734,6,3792,7,3956,2576
,5:12:00,37,2611,6,2467,6,2695,6,2675,6,2603,7,3122,6,2806,6,3115,7,2992,7,2991,7,3436,6,2581,6,2687,6,2802,6,2913,6,2914,7,2816,6,2703,7,2749,7,2754,7,3920,7,2678,6,2890,6,2558,2665,2662,7,2569,7,2644,7,4131,6,2555,6,3214,6,2584,6,2426,6,2636,7,4138,6,3934,6,2512,2519,2556,6,2569,6,2576,7,2579,7,2637,7,2605,6,2615,6,2492,6,2658,6,2722,7,3790,7,3948,2571
,5:16:00,37,2612,6,2473,6,2694,6,2674,7,2598,7,3121,7,2810,7,3119,7,2984,7,2982,7,3446,7,2578,7,2694,6,2798,6,2910,6,2903,6,2813,7,2717,6,2770,6,2771,7,3912,7,2683,6,2904,6,2560,2651,2647,6,2558,6,2644,6,4132,7,2549,6,3206,6,2589,6,2414,7,2645,7,4132,7,3925,6,2500,2517,2550,6,2564,6,2572,7,2578,7,2643,6,2613,6,2631,7,2484,7,2665,7,2734,7,3815,6,3950,2564
,5:20:00,37,2624,6,2470,6,2697,7,2687,6,2609,7,3121,7,2807,7,3105,6,2999,6,2990,6,3444,7,2583,6,2694,6,2810,6,2911,6,2930,7,2813,6,2710,6,2765,7,2753,7,3922,7,2684,7,2903,7,2548,2660,2649,6,2560,6,2651,6,4132,6,2553,6,3210,6,2575,7,2418,7,2644,7,4140,6,3920,7,2514,2524,2550,6,2567,6,2568,6,2586,7,2639,6,2611,6,2609,6,2480,6,2671,7,2738,7,3810,6,3951,2579
,5:24:00,37.1,2618,6,2457,5,2681,6,2669,6,2607,6,3124,6,2796,7,3118,7,2996,6,2987,7,3461,7,2580,7,2698,6,2796,5,2919,6,2906,7,2803,6,2715,6,2763,6,2766,7,3940,6,2686,7,2911,7,2545,2664,2661,6,2557,6,2658,6,4124,6,2548,6,3240,6,2581,6,2417,6,2634,7,4130,7,3926,7,2496,2522,2547,6,2564,6,2574,6,2576,7,2638,7,2607,7,2618,7,2479,7,2668,7,2738,7,3814,7,3961,2575
,5:28:00,37.1,2600,6,2453,6,2685,6,2672,7,2605,6,3108,6,2804,7,3107,6,2989,6,2992,7,3454,7,2580,7,2703,6,2805,6,2919,7,2908,7,2808,6,2714,7,2752,6,2770,6,3931,7,2673,6,2890,6,2548,2653,2651,6,2571,6,2644,6,4110,7,2562,5,3231,6,2583,6,2414,7,2641,6,4142,6,3943,6,2501,2521,2552,6,2573,6,2562,6,2566,6,2639,7,2615,6,2621,7,2480,6,2653,6,2745,7,3819,6,3979,2572
,5:32:00,37,2609,6,2473,7,2688,6,2673,6,2608,7,3119,6,2799,6,3117,7,2984,7,2991,7,3464,7,2577,7,2699,6,2814,6,2925,6,2919,6,2812,6,2710,7,2763,6,2769,6,3930,6,2686,7,2900,7,2558,2667,2662,6,2574,6,2654,6,4119,6,2534,7,3239,6,2575,6,2415,7,2647,7,4131,7,3928,6,2499,2532,2546,6,2569,6,2562,6,2575,6,2643,7,2620,7,2610,7,2487,7,2661,7,2739,7,3812,6,3967,2573
,5:36:00,37,2614,6,2471,6,2687,6,2683,7,2603,6,3120,6,2797,7,3140,7,3002,6,2982,7,3473,7,2576,7,2705,6,2811,6,2939,6,2905,7,2808,7,2725,6,2748,7,2783,6,3944,7,2684,7,2899,7,2546,2664,2657,6,2559,6,2654,7,4123,6,2547,6,3251,6,2582,7,2415,6,2653,7,4136,6,3932,7,2510,2527,2548,7,2574,6,2565,7,2584,6,2626,6,2600,6,2619,7,2483,6,2663,7,2732,6,3814,7,3974,2572
,5:40:00,37.1,2608,6,2466,6,2684,7,2676,6,2606,7,3132,6,2803,7,3112,7,2988,7,2985,7,3497,7,2588,7,2706,6,2810,6,2939,6,2908,6,2819,7,2729,8,2766,7,2782,6,3962,7,2682,7,2919,7,2558,2661,2661,6,2572,6,2644,6,4141,7,2558,5,3257,6,2581,6,2415,7,2650,6,4150,7,3939,7,2504,2522,2550,6,2563,7,2562,6,2582,6,2639,6,2616,7,2609,6,2490,7,2680,7,2756,6,3831,6,4000,2574
,5:44:00,37,2612,6,2466,6,2684,6,2681,6,2608,6,3132,7,2809,6,3105,7,2990,6,2998,6,3493,6,2586,6,2725,6,2837,6,2940,6,2919,6,2829,7,2718,7,2766,6,2776,7,3946,7,2689,7,2926,6,2568,2664,2671,6,2568,7,2646,7,4126,6,2566,6,3269,7,2583,6,2420,7,2648,7,4145,6,3940,6,2506,2538,2548,6,2572,7,2568,6,2582,6,2644,7,2607,6,2623,7,2489,7,2664,7,2745,7,3839,6,3988,2572
,5:48:00,37,2620,6,2470,6,2695,6,2687,6,2618,7,3118,7,2807,8,3110,7,3005,7,2998,7,3505,7,2579,6,2711,6,2833,6,2955,6,2919,7,2819,6,2716,7,2774,6,2778,7,3974,7,2684,6,2913,7,2549,2663,2664,6,2576,6,2649,6,4144,7,2554,7,3273,7,2586,7,2424,7,2643,7,4136,6,3934,6,2503,2534,2555,6,2562,6,2570,6,2575,6,2638,6,2618,6,2619,7,2479,6,2672,7,2761,7,3851,7,3995,2578
,5:52:00,37.1,2615,6,2472,6,2700,6,2678,7,2606,7,3133,6,2812,6,3113,7,2997,7,2988,6,3509,7,2580,6,2710,5,2817,6,2949,6,2915,6,2829,6,2715,7,2776,7,2775,7,3955,7,2682,6,2926,7,2565,2674,2660,7,2579,6,2650,6,4142,6,2558,7,3274,6,2584,7,2423,7,2658,6,4143,6,3943,7,2509,2534,2558,6,2570,6,2568,6,2591,7,2652,6,2619,7,2611,7,2480,7,2664,6,2756,7,3822,6,4003,2572
,5:56:00,37,2613,6,2465,6,2694,6,2679,6,2614,6,3131,7,2801,6,3121,7,3012,7,2987,6,3512,7,2601,7,2706,6,2833,6,2958,6,2923,7,2818,6,2719,6,2770,7,2798,7,3969,7,2697,6,2941,8,2559,2665,2665,6,2568,6,2660,7,4138,6,2552,6,3276,7,2589,7,2415,6,2645,7,4131,7,3926,7,2508,2533,2546,7,2575,6,2570,6,2580,6,2640,6,2615,6,2618,7,2477,7,2663,6,2767,6,3855,6,3994,2580
,6:00:00,37,2611,6,2473,6,2693,6,2678,6,2605,6,3133,7,2810,7,3105,7,3004,7,3005,6,3528,7,2583,7,2718,6,2843,5,2969,7,2920,7,2822,6,2714,7,2772,6,2790,7,3982,6,2690,7,2930,6,2562,2679,2669,6,2572,6,2655,6,4136,7,2548,6,3297,6,2580,6,2417,7,2658,7,4144,7,3954,7,2511,2539,2553,7,2560,6,2570,6,2584,6,2632,6,2621,7,2618,7,2484,7,2672,6,2763,7,3858,7,4000,2576
,6:04:00,37,2615,6,2471,6,2686,6,2678,7,2613,7,3127,6,2820,6,3123,6,3020,7,3011,7,3543,6,2588,6,2718,7,2845,7,2972,7,2915,6,2825,6,2729,7,2771,7,2798,7,3981,6,2696,6,2933,7,2570,2664,2662,6,2575,6,2658,6,4132,6,2557,6,3295,6,2588,7,2411,7,2661,7,4140,7,3933,7,2510,2534,2549,6,2570,6,2581,6,2574,6,2636,6,2616,6,2623,7,2487,7,2673,7,2767,6,3847,7,4005,2577
,6:08:00,37,2609,6,2476,7,2694,7,2678,6,2616,6,3123,6,2814,6,3109,7,3007,6,3006,7,3553,7,2592,6,2724,7,2845,7,2965,7,2917,6,2819,6,2723,6,2775,6,2795,7,3994,7,2689,6,2940,7,2565,2669,2678,6,2572,6,2653,6,4135,6,2547,7,3308,7,2582,6,2424,6,2649,6,4146,7,3950,6,2512,2529,2562,6,2579,6,2570,7,2580,7,2652,6,2619,6,2629,7,2487,7,2673,7,2771,6,3841,6,4018,2587
,6:12:00,37.1,2618,6,2473,6,2697,7,2676,6,2612,7,3121,7,2805,6,3115,7,3007,7,2991,7,3552,7,2594,7,2711,7,2853,6,2972,6,2923,7,2818,6,2726,6,2775,6,2799,7,3991,7,2702,7,2938,7,2555,2662,2667,7,2559,6,2668,7,4118,6,2558,6,3324,6,2599,6,2419,7,2659,7,4145,7,3943,6,2522,2525,2556,6,2576,6,2580,6,2578,7,2645,6,2614,6,2632,7,2483,7,2667,6,2773,7,3848,7,4014,2575
,6:16:00,37,2617,6,2481,7,2691,6,2681,7,2614,6,3131,6,2807,6,3127,7,3006,7,3005,6,3558,8,2585,7,2726,6,2854,6,2980,6,2923,7,2823,6,2724,7,2774,6,2789,6,3996,7,2684,7,2937,7,2561,2676,2660,6,2574,6,2661,7,4145,6,2551,7,3328,7,2580,7,2425,7,2668,7,4154,7,3950,6,2516,2526,2554,7,2569,6,2575,6,2590,7,2639,7,2626,6,2623,7,2492,7,2663,7,2780,7,3856,7,4020,2584
,6:20:00,37,2615,6,2472,6,2700,6,2692,6,2611,6,3147,7,2818,6,3121,6,3003,7,3002,7,3561,7,2591,7,2732,6,2867,6,2992,6,2921,6,2827,6,2721,7,2775,7,2792,7,3992,7,2685,7,2951,7,2561,2673,2665,6,2573,6,2654,7,4147,7,2567,6,3334,7,2578,6,2421,6,2668,7,4167,6,3950,7,2522,2527,2555,6,2564,6,2571,6,2589,6,2646,6,2624,6,2631,6,2485,7,2667,6,2787,7,3857,7,4025,2595
,6:24:00,37,2617,6,2484,6,2693,7,2693,7,2612,6,3125,6,2817,6,3116,7,3004,7,2998,6,3573,7,2595,7,2735,7,2858,6,2995,6,2921,7,2828,6,2739,6,2782,7,2810,7,4004,7,2695,7,2950,6,2565,2666,2677,6,2580,6,2665,7,4136,6,2570,7,3330,6,2587,6,2420,7,2669,7,4146,7,3955,7,2515,2542,2556,7,2582,6,2574,6,2589,6,2651,6,2620,6,2622,7,2491,7,2675,6,2783,6,3842,7,4030,2584
,6:28:00,37,2622,6,2470,6,2694,7,2686,7,2606,6,3135,7,2812,7,3122,7,3006,7,3003,6,3578,7,2589,7,2721,6,2871,6,2997,6,2922,6,2817,6,2725,7,2779,7,2808,7,4007,7,2692,7,2957,7,2558,2666,2678,7,2584,7,2655,6,4126,7,2554,6,3339,7,2595,7,2418,7,2665,6,4155,6,3944,7,2510,2538,2553,6,2577,6,2571,6,2588,6,2644,6,2613,6,2620,6,2477,7,2670,6,2781,7,3861,6,4026,2595
,6:32:00,37,2609,6,2471,6,2705,6,2676,6,2616,6,3137,6,2805,6,3120,6,2993,7,3001,6,3585,6,2591,7,2731,6,2853,6,3002,6,2920,6,2823,6,2726,6,2775,7,2806,6,3994,7,2700,7,2956,6,2569,2667,2665,6,2583,6,2652,7,4135,7,2563,6,3341,6,2591,7,2419,7,2666,7,4151,7,3952,7,2512,2531,2555,7,2576,6,2575,7,2578,7,2640,7,2623,7,2618,7,2489,6,2684,6,2793,7,3854,7,4024,2580
,6:36:00,37,2620,6,2476,6,2686,6,2688,7,2611,6,3146,6,2809,6,3120,7,3014,6,3005,7,3591,7,2584,7,2732,6,2868,6,3011,7,2921,6,2827,7,2720,7,2772,6,2810,7,4022,7,2693,7,2955,7,2557,2677,2668,6,2575,7,2656,6,4141,7,2544,7,3351,6,2592,7,2422,7,2660,6,4144,7,3946,7,2522,2532,2558,7,2579,6,2577,6,2588,7,2638,6,2623,6,2629,7,2491,7,2673,7,2791,6,3869,7,4031,2589
,6:40:00,37,2624,6,2473,6,2690,7,2685,7,2620,6,3128,7,2817,6,3120,7,2999,7,3008,7,3602,6,2590,6,2736,6,2872,6,3010,6,2922,6,2829,6,2732,6,2781,6,2827,6,4008,6,2694,6,2964,6,2564,2664,2675,7,2587,7,2663,6,4141,6,2564,7,3363,6,2597,6,2419,7,2653,7,4159,6,3946,7,2517,2541,2550,6,2586,7,2580,6,2586,6,2649,6,2625,6,2627,7,2493,7,2682,7,2793,6,3878,7,4031,2583
,6:44:00,37,2630,6,2479,6,2702,6,2687,6,2615,6,3131,6,2825,6,3118,7,3018,8,3007,7,3606,7,2590,6,2731,6,2868,6,3023,7,2926,6,2833,7,2727,6,2789,7,2824,7,4031,6,2701,6,2966,7,2563,2683,2678,6,2580,7,2650,7,4138,7,2552,6,3376,6,2601,6,2428,7,2665,7,4139,6,3950,6,2528,2532,2560,6,2580,6,2586,6,2591,7,2648,7,2624,6,2630,7,2485,7,2677,6,2801,7,3863,6,4074,2584
,6:48:00,37,2628,6,2493,6,2697,7,2698,6,2625,7,3141,6,2812,7,3121,7,3020,7,3005,7,3607,7,2595,7,2752,6,2876,6,3028,7,2935,6,2820,6,2730,6,2793,7,2840,6,4031,6,2686,7,2980,7,2558,2669,2678,6,2587,6,2658,6,4138,7,2570,7,3380,6,2589,6,2428,7,2673,7,4153,7,3955,7,2518,2544,2552,6,2579,6,2580,6,2603,6,2654,6,2622,6,2633,8,2498,7,2678,7,2790,7,3874,6,4037,2587
,6:52:00,37,2622,6,2488,6,2703,6,2687,6,2625,7,3135,6,2827,6,3139,7,3015,7,3009,8,3628,7,2591,7,2754,6,2886,6,3025,7,2933,7,2835,7,2730,7,2791,6,2830,6,4033,6,2698,7,2981,7,2570,2667,2679,7,2583,6,2658,6,4136,6,2571,7,3383,7,2597,6,2424,6,2667,7,4148,7,3946,7,2518,2549,2570,5,2575,7,2575,7,2584,6,2653,6,2615,6,2636,6,2488,6,2679,7,2801,7,3873,7,4043,2594
,6:56:00,37,2626,6,2488,6,2695,6,2691,7,2614,6,3136,7,2813,6,3113,7,3006,6,3004,7,3640,7,2587,7,2739,6,2882,6,3021,6,2931,6,2825,7,2730,6,2802,6,2835,7,4015,7,2688,7,2981,7,2568,2682,2681,6,2584,6,2655,6,4140,6,2564,7,3384,7,2594,6,2421,7,2672,7,4160,7,3948,7,2521,2530,2554,6,2576,6,2583,6,2587,7,2657,7,2621,6,2631,7,2490,7,2677,7,2808,7,3884,7,4055,2588
,7:00:00,37.1,2622,6,2476,6,2700,6,2685,7,2612,7,3136,6,2823,6,3123,7,3018,7,3019,7,3633,7,2602,6,2745,6,2870,6,3029,6,2923,6,2812,6,2723,7,2791,6,2826,7,4028,7,2691,7,2969,7,2558,2674,2665,6,2582,7,2664,6,4138,7,2577,7,3373,7,2603,6,2431,7,2669,7,4150,6,3966,7,2518,2544,2556,6,2578,7,2587,6,2584,5,2645,6,2620,6,2619,7,2494,7,2669,7,2816,7,3880,7,4040,2586
,7:04:00,37,2633,6,2474,7,2706,6,2696,7,2617,7,3131,7,2816,7,3123,7,3012,7,3009,7,3630,7,2601,7,2731,6,2887,6,3033,6,2927,6,2825,6,2721,7,2794,7,2833,6,4027,6,2697,7,2969,7,2571,2672,2682,6,2585,6,2658,7,4149,6,2570,6,3389,7,2588,7,2427,6,2665,7,4155,6,3939,7,2513,2533,2561,6,2575,6,2580,7,2596,6,2657,6,2626,7,2637,7,2482,7,2666,7,2805,7,3875,7,4037,2589
,7:08:00,37.1,2627,6,2484,6,2698,6,2684,6,2613,6,3142,6,2806,6,3115,7,3012,6,3005,7,3634,7,2599,6,2742,6,2893,6,3025,6,2932,6,2823,7,2728,7,2790,6,2831,7,4031,7,2688,7,2985,6,2564,2675,2679,6,2582,6,2661,6,4136,6,2554,6,3391,7,2587,7,2419,7,2679,7,4151,6,3967,6,2511,2538,2565,6,2583,7,2573,6,2583,7,2655,6,2626,7,2622,7,2482,7,2670,6,2798,7,3875,7,4055,2584
,7:12:00,37,2613,5,2475,7,2709,7,2684,7,2618,6,3131,6,2820,6,3132,7,3000,7,3012,7,3650,7,2581,6,2752,6,2900,7,3054,6,2934,7,2824,6,2727,7,2786,7,2837,6,4034,7,2685,7,2977,7,2567,2673,2694,7,2586,6,2656,6,4135,6,2562,7,3408,7,2597,6,2417,7,2674,7,4155,6,3945,6,2532,2538,2562,7,2589,6,2579,6,2591,6,2662,6,2627,7,2631,6,2484,7,2679,7,2813,7,3878,6,4059,2607
,7:16:00,37,2627,6,2483,6,2713,7,2677,6,2616,7,3136,6,2814,6,3124,7,3009,7,3002,7,3657,7,2581,7,2743,7,2897,6,3029,7,2935,7,2827,7,2733,7,2800,7,2846,7,4015,7,2699,6,2989,7,2569,2673,2682,6,2572,7,2664,6,4141,6,2558,7,3404,7,2593,6,2419,6,2680,7,4140,6,3956,7,2526,2538,2562,7,2576,6,2575,6,2595,6,2655,7,2619,7,2626,7,2497,7,2677,7,2815,7,3873,7,4050,2583
,7:20:00,37,2621,6,2480,6,2695,7,2692,7,2631,7,3131,6,2817,7,3118,7,3014,7,3016,7,3664,6,2599,6,2754,7,2906,6,3064,6,2938,7,2836,7,2727,6,2799,6,2840,6,4034,7,2713,6,2985,7,2570,2668,2683,6,2587,6,2659,6,4146,6,2568,7,3412,7,2583,7,2425,7,2675,7,4140,8,3951,6,2525,2538,2567,6,2590,6,2588,7,2581,7,2651,7,2626,7,2628,7,2488,6,2676,7,2810,7,3883,6,4051,2594
,7:24:00,37,2624,6,2488,6,2706,7,2693,7,2616,7,3145,6,2809,7,3120,7,3016,6,3010,6,3652,6,2604,7,2754,6,2905,6,3052,6,2926,6,2827,7,2740,6,2798,6,2850,7,4034,7,2702,7,2990,6,2572,2671,2676,7,2584,7,2659,6,4138,6,2573,6,3413,6,2595,6,2425,6,2682,6,4165,6,3952,7,2513,2535,2566,6,2586,6,2579,6,2588,7,2648,6,2627,7,2626,8,2480,7,2669,7,2820,7,3875,6,4054,2587
,7:28:00,37,2627,6,2482,7,2710,6,2688,6,2629,6,3141,7,2827,6,3125,7,3017,6,3013,6,3669,6,2592,7,2750,6,2901,6,3056,6,2939,6,2824,6,2735,6,2803,7,2848,6,4045,7,2698,7,2994,6,2569,2678,2684,6,2583,6,2658,7,4157,6,2579,6,3428,7,2598,7,2426,6,2674,7,4147,7,3960,7,2526,2535,2562,7,2583,6,2582,6,2587,6,2651,7,2624,7,2632,7,2487,7,2685,7,2818,6,3877,7,4058,2595
,7:32:00,37,2636,6,2474,7,2702,6,2696,6,2623,6,3146,6,2820,6,3118,7,3018,7,3009,7,3664,7,2589,6,2753,6,2908,6,3065,6,2946,7,2842,6,2731,7,2792,6,2849,7,4054,7,2703,7,3001,7,2560,2672,2686,6,2578,5,2664,7,4134,7,2573,6,3430,7,2603,6,2436,7,2670,7,4148,6,3976,6,2519,2539,2570,6,2575,6,2584,7,2584,6,2657,6,2634,7,2627,7,2507,7,2677,7,2819,7,3883,7,4060,2598
,7:36:00,37,2620,6,2483,6,2702,6,2693,7,2623,6,3140,7,2806,6,3123,7,3002,8,3007,7,3672,7,2595,6,2760,6,2891,7,3071,6,2932,6,2819,6,2732,6,2796,7,2859,7,4036,7,2693,7,3002,8,2562,2669,2684,7,2588,6,2663,6,4142,6,2558,6,3430,6,2595,6,2421,7,2671,7,4134,7,3955,7,2527,2536,2561,6,2582,7,2579,6,2592,6,2649,6,2618,6,2635,7,2490,7,2669,7,2825,7,3864,7,4053,2595
,7:40:00,36.9,2631,6,2478,5,2685,6,2698,7,2618,6,3147,6,2804,7,3110,7,3012,7,3017,7,3671,6,2589,7,2764,6,2914,6,3069,7,2930,6,2829,6,2723,7,2789,7,2860,7,4049,7,2698,8,3006,7,2568,2674,2682,6,2578,6,2659,6,4132,7,2578,6,3436,6,2605,6,2417,7,2681,7,4164,7,3956,7,2529,2534,2550,6,2578,6,2577,7,2591,6,2641,7,2628,7,2613,6,2481,7,2676,6,2834,7,3890,7,4066,2583
,7:44:00,37,2619,6,2491,6,2709,7,2700,6,2623,6,3137,6,2815,7,3129,7,3024,6,3013,7,3690,7,2594,7,2768,7,2909,7,3077,7,2937,7,2826,7,2733,6,2798,7,2851,6,4038,7,2698,7,3007,7,2573,2679,2687,7,2596,6,2659,6,4139,6,2570,6,3443,6,2602,7,2418,6,2675,7,4158,7,3958,7,2530,2532,2566,6,2575,6,2573,6,2585,6,2633,7,2624,6,2626,7,2490,6,2661,6,2828,7,3878,7,4059,2581
,7:48:00,37,2628,6,2497,7,2702,7,2692,7,2627,7,3142,6,2825,7,3125,7,3014,7,3019,7,3698,7,2599,6,2760,6,2920,6,3073,6,2931,6,2831,7,2734,6,2803,7,2853,6,4061,7,2704,7,3008,7,2575,2670,2691,7,2577,7,2655,6,4141,7,2571,6,3449,7,2599,6,2425,7,2688,8,4141,7,3961,7,2542,2545,2557,7,2577,6,2588,6,2598,7,2650,6,2632,7,2630,7,2496,8,2682,7,2834,7,3878,6,4065,2584
,7:52:00,37,2639,6,2479,6,2701,7,2686,6,2633,7,3137,6,2814,7,3121,7,3026,7,3011,7,3703,7,2599,7,2769,6,2921,6,3096,6,2948,6,2828,6,2730,6,2805,6,2866,7,4057,7,2705,7,3022,7,2573,2685,2696,6,2594,6,2665,7,4153,7,2564,6,3451,7,2597,7,2422,7,2683,7,4165,6,3950,7,2527,2540,2564,6,2586,6,2582,6,2584,7,2655,7,2628,6,2628,7,2491,6,2682,6,2839,6,3881,7,4086,2592
,7:56:00,37.1,2634,6,2483,6,2718,7,2690,6,2628,7,3145,6,2821,7,3123,7,3017,6,3016,6,3707,7,2598,6,2769,6,2925,6,3078,6,2940,6,2833,6,2730,7,2801,7,2856,7,4063,7,2712,7,3011,7,2576,2682,2696,6,2589,6,2663,6,4155,6,2571,6,3455,7,2598,7,2428,7,2687,7,4162,6,3960,7,2529,2537,2561,6,2586,7,2587,7,2597,7,2665,7,2628,6,2632,7,2493,6,2680,6,2857,7,3893,6,4075,2605
,8:00:00,37.1,2637,6,2482,6,2727,7,2690,7,2620,6,3136,7,2806,7,3129,7,3009,7,3021,7,3710,7,2599,7,2770,7,2916,6,3087,6,2940,7,2840,6,2739,7,2801,7,2866,7,4047,7,2704,7,3009,7,2565,2676,2680,6,2591,6,2669,6,4145,6,2569,6,3466,6,2589,5,2420,6,2679,8,4159,7,3956,6,2529,2542,2551,6,2581,7,2582,6,2595,6,2664,6,2635,6,2635,7,2501,7,2678,7,2844,6,3875,7,4068,2598
,8:04:00,37,2624,6,2492,6,2714,6,2703,6,2623,7,3145,7,2824,6,3110,6,3015,6,3002,7,3710,7,2600,6,2780,6,2929,6,3088,6,2941,7,2820,7,2736,6,2805,6,2861,7,4060,6,2707,7,3016,7,2573,2668,2696,6,2595,6,2661,6,4153,6,2570,7,3457,7,2598,7,2431,7,2691,8,4171,7,3955,6,2538,2545,2561,6,2588,6,2581,7,2586,7,2657,5,2629,7,2644,7,2491,6,2682,7,2837,7,3887,6,4066,2593
,8:08:00,37,2619,6,2489,5,2705,7,2710,6,2625,6,3142,7,2819,7,3124,7,3018,7,3024,6,3714,7,2600,7,2771,7,2931,6,3095,7,2948,6,2829,6,2732,6,2812,6,2879,7,4057,7,2705,6,3017,7,2571,2679,2692,7,2581,6,2678,7,4145,6,2577,7,3477,7,2595,6,2423,7,2678,7,4136,6,3965,6,2531,2544,2569,7,2588,6,2586,6,2590,7,2665,6,2626,6,2638,7,2491,6,2688,6,2851,6,3900,6,4067,2601
,8:12:00,36.9,2627,6,2480,6,2713,7,2698,7,2635,6,3145,7,2821,6,3121,6,3015,7,3021,6,3718,7,2602,7,2762,6,2924,6,3094,6,2940,7,2842,6,2732,7,2798,6,2874,7,4060,6,2703,7,3022,6,2569,2683,2693,6,2591,6,2662,6,4151,7,2570,6,3481,6,2606,7,2420,6,2681,7,4147,7,3958,6,2537,2539,2558,6,2585,6,2588,7,2591,7,2659,6,2626,6,2627,7,2490,7,2685,6,2859,7,3889,7,4075,2595
,8:16:00,37.1,2634,7,2486,5,2717,6,2696,7,2641,6,3144,6,2827,7,3128,6,3013,6,3014,7,3725,6,2603,6,2772,7,2932,7,3116,7,2944,6,2842,6,2735,6,2815,7,2893,7,4055,6,2709,6,3016,7,2591,2689,2695,7,2578,6,2660,6,4152,7,2581,7,3470,6,2599,7,2432,7,2690,7,4160,6,3963,7,2535,2546,2563,7,2588,6,2582,6,2598,6,2654,6,2638,7,2645,7,2493,7,2682,7,2858,7,3898,7,4077,2604
,8:20:00,37,2641,6,2490,6,2720,6,2700,7,2628,6,3149,6,2829,7,3131,7,3016,7,3021,7,3737,7,2610,6,2778,6,2945,6,3121,6,2935,6,2834,6,2744,7,2822,6,2873,7,4060,7,2711,6,3038,7,2585,2682,2696,7,2595,6,2678,7,4159,6,2579,7,3488,6,2602,6,2427,7,2700,7,4159,6,3953,6,2546,2546,2571,6,2599,6,2596,6,2601,6,2663,6,2632,7,2640,6,2485,7,2669,7,2854,6,3880,7,4092,2600
,8:24:00,37,2633,6,2500,7,2710,6,2706,6,2623,6,3145,7,2802,6,3134,7,3014,7,3034,6,3724,7,2606,7,2782,6,2946,6,3106,7,2943,6,2834,6,2735,6,2803,6,2881,7,4058,7,2715,7,3051,7,2586,2674,2693,6,2591,5,2655,6,4158,6,2580,6,3481,6,2607,6,2440,6,2699,7,4148,6,3973,7,2540,2539,2563,6,2594,6,2580,7,2590,6,2667,6,2635,6,2635,7,2500,7,2696,6,2861,7,3906,6,4074,2599
,8:28:00,37,2646,6,2493,6,2717,7,2711,6,2626,7,3155,6,2825,6,3137,7,3031,7,3029,7,3742,7,2603,7,2790,6,2948,7,3132,6,2940,7,2843,7,2747,7,2815,7,2892,7,4066,7,2719,7,3041,7,2582,2688,2700,6,2599,6,2673,7,4147,7,2575,7,3490,6,2601,7,2429,7,2696,7,4157,7,3970,7,2532,2548,2578,6,2586,6,2593,6,2597,6,2654,7,2641,7,2637,7,2484,7,2685,7,2864,7,3890,7,4081,2606
,8:32:00,37,2633,7,2492,6,2719,6,2712,7,2638,7,3155,6,2826,6,3131,6,3025,6,3032,7,3752,7,2618,7,2785,6,2945,6,3133,7,2955,6,2845,7,2745,7,2816,6,2891,7,4065,6,2707,7,3053,7,2579,2676,2711,6,2592,6,2672,7,4152,6,2591,7,3506,6,2596,6,2432,7,2698,6,4161,7,3969,7,2546,2541,2568,6,2596,7,2587,7,2601,6,2664,6,2655,7,2637,7,2493,7,2683,6,2866,7,3904,6,4089,2590
,8:36:00,37,2633,5,2498,6,2723,7,2708,7,2633,7,3156,7,2822,7,3119,7,3019,6,3036,7,3751,6,2619,7,2791,6,2953,6,3129,6,2952,6,2845,7,2742,7,2814,7,2887,7,4073,7,2715,6,3050,7,2589,2670,2707,6,2598,6,2674,6,4148,6,2571,7,3496,6,2605,6,2429,7,2701,6,4174,7,3975,6,2545,2531,2557,7,2582,6,2597,6,2594,6,2663,7,2638,7,2643,8,2497,7,2676,7,2862,6,3902,7,4090,2600
,8:40:00,37,2638,6,2487,6,2719,6,2702,6,2636,7,3142,6,2818,6,3129,7,3017,6,3028,7,3735,7,2611,7,2812,6,2956,7,3124,6,2953,6,2844,7,2735,7,2805,6,2894,6,4070,6,2715,7,3035,7,2590,2677,2701,6,2602,6,2670,6,4150,6,2584,7,3500,7,2600,6,2429,7,2686,7,4163,6,3954,7,2531,2551,2580,6,2589,7,2583,6,2596,6,2659,6,2638,7,2638,7,2486,7,2683,6,2873,6,3903,6,4086,2595
,8:44:00,37,2646,6,2492,6,2720,6,2709,6,2626,6,3145,6,2818,6,3124,7,3023,7,3012,7,3750,7,2610,7,2807,7,2964,6,3131,6,2953,7,2841,6,2741,7,2811,7,2892,7,4064,7,2696,6,3044,7,2587,2681,2705,6,2596,7,2668,6,4149,6,2582,6,3506,6,2608,6,2423,7,2692,7,4152,7,3976,6,2553,2548,2559,6,2592,6,2588,7,2593,6,2661,7,2642,6,2629,7,2494,7,2684,6,2878,6,3891,7,4077,2583
,8:48:00,37,2635,6,2489,6,2710,6,2697,6,2623,7,3149,6,2827,6,3113,7,3007,6,3026,7,3758,7,2593,7,2786,6,2963,6,3127,6,2941,6,2833,7,2746,6,2816,7,2898,6,4062,7,2704,7,3041,7,2577,2682,2698,6,2594,7,2662,7,4131,7,2568,6,3501,7,2598,6,2415,7,2693,7,4171,7,3967,7,2521,2544,2564,7,2584,7,2582,6,2604,6,2655,6,2637,6,2627,7,2495,7,2668,7,2862,6,3906,7,4082,2597
,8:52:00,37,2640,6,2494,6,2717,6,2713,7,2630,7,3150,6,2820,7,3139,7,3030,7,3025,8,3770,7,2607,6,2798,6,2965,6,3145,7,2948,7,2840,6,2750,7,2822,6,2906,7,4074,6,2710,7,3059,7,2591,2694,2706,7,2603,6,2666,7,4143,6,2569,7,3531,6,2603,6,2431,7,2690,7,4167,6,3964,6,2538,2543,2565,6,2590,6,2581,7,2593,6,2662,5,2644,6,2633,7,2482,7,2683,7,2870,7,3889,6,4096,2601
,8:56:00,37,2635,6,2502,6,2721,6,2713,6,2642,6,3141,6,2830,7,3130,7,3025,7,3040,6,3784,7,2613,7,2798,6,2966,6,3156,6,2955,6,2856,6,2740,6,2817,6,2904,7,4070,7,2718,7,3063,7,2594,2694,2710,6,2605,6,2683,6,4157,7,2591,7,3537,7,2611,7,2432,6,2701,7,4170,6,3976,7,2546,2547,2569,6,2603,6,2585,6,2601,6,2675,6,2644,6,2643,7,2509,7,2681,7,2895,7,3900,6,4098,2601
,9:00:00,37,2637,6,2501,6,2721,7,2706,6,2633,6,3153,7,2836,7,3120,7,3013,7,3021,7,3787,6,2617,7,2806,6,2964,7,3158,6,2958,7,2858,6,2737,7,2824,6,2911,7,4089,7,2713,7,3064,7,2588,2683,2708,6,2599,6,2680,7,4151,7,2588,7,3528,6,2625,7,2439,7,2710,6,4167,6,3966,6,2554,2544,2570,6,2592,6,2588,7,2601,7,2670,6,2641,7,2641,7,2499,7,2689,7,2882,7,3902,6,4103,2605
,9:04:00,37.1,2644,6,2500,5,2726,6,2705,6,2634,6,3148,7,2830,6,3135,7,3029,7,3027,6,3785,7,2618,7,2808,6,2978,6,3161,6,2960,7,2843,7,2738,6,2834,6,2897,6,4085,7,2724,7,3074,6,2582,2686,2714,6,2607,6,2674,6,4149,6,2582,6,3529,6,2609,7,2434,7,2711,6,4168,6,3978,7,2543,2549,2569,6,2597,6,2589,6,2590,6,2659,7,2643,6,2640,6,2491,7,2680,7,2884,6,3889,7,4097,2600
,9:08:00,37,2630,7,2490,5,2724,6,2705,6,2632,6,3143,7,2814,6,3131,7,3025,6,3021,6,3782,7,2598,6,2808,7,2971,6,3173,6,2951,7,2845,7,2749,7,2826,6,2920,7,4075,7,2724,7,3071,7,2588,2685,2710,6,2598,6,2667,7,4153,6,2580,6,3529,7,2612,6,2420,6,2700,7,4164,7,3963,6,2551,2546,2576,6,2597,6,2577,6,2596,6,2658,6,2652,7,2638,7,2493,7,2684,6,2884,7,3889,6,4100,2605
,9:12:00,37,2644,6,2497,6,2734,7,2712,6,2633,6,3162,7,2818,6,3127,7,3022,7,3030,7,3779,7,2609,6,2816,6,2971,6,3165,6,2949,6,2858,6,2751,6,2840,6,2909,7,4087,7,2716,6,3066,7,2591,2692,2706,7,2597,6,2674,7,4169,6,2586,7,3536,6,2605,6,2429,7,2706,7,4155,7,3962,7,2540,2548,2576,6,2602,7,2594,6,2593,6,2665,6,2647,6,2641,7,2495,8,2690,6,2894,7,3893,7,4101,2602
,9:16:00,37,2644,6,2506,6,2731,6,2709,7,2635,7,3148,7,2830,7,3133,6,3029,7,3028,7,3800,7,2610,7,2809,6,2987,6,3166,7,2958,6,2860,6,2752,6,2831,7,2920,7,4090,7,2725,7,3078,7,2592,2694,2716,6,2602,6,2669,6,4154,6,2586,6,3549,6,2607,7,2431,7,2701,6,4166,7,3955,7,2542,2540,2569,6,2593,6,2587,7,2600,6,2653,6,2650,7,2639,7,2498,6,2685,6,2897,7,3909,6,4105,2596
,9:20:00,37,2652,7,2503,6,2731,6,2711,7,2634,7,3156,6,2831,6,3134,6,3035,6,3034,6,3797,7,2605,6,2812,6,2986,6,3171,6,2946,6,2849,6,2753,6,2839,7,2925,6,4077,7,2713,7,3088,7,2599,2690,2707,6,2598,7,2680,6,4153,7,2583,6,3558,7,2621,6,2423,6,2711,6,4163,6,3958,7,2546,2553,2572,7,2590,6,2595,6,2596,7,2672,6,2644,6,2652,8,2495,6,2688,7,2904,6,3898,6,4100,2602
,9:24:00,37,2640,6,2502,6,2740,6,2720,7,2653,6,3167,7,2823,6,3127,6,3028,7,3029,7,3812,7,2623,6,2825,6,2986,6,3184,6,2955,7,2865,6,2741,6,2836,6,2922,7,4091,6,2717,6,3083,7,2592,2694,2714,6,2611,7,2682,7,4154,6,2583,6,3550,6,2616,7,2437,7,2716,6,4162,7,3967,7,2558,2561,2563,6,2592,6,2599,7,2608,7,2673,6,2656,7,2636,7,2509,7,2683,7,2906,7,3889,6,4113,2608
,9:28:00,37.1,2650,6,2499,6,2720,6,2723,7,2643,7,3165,7,2824,7,3129,7,3020,7,3024,6,3803,7,2619,7,2821,6,3000,6,3190,6,2967,7,2849,7,2754,6,2844,6,2923,6,4085,7,2710,7,3090,7,2598,2691,2725,6,2606,6,2677,6,4151,7,2591,6,3545,6,2611,7,2432,6,2716,6,4167,7,3971,7,2561,2542,2575,7,2594,7,2595,6,2593,6,2663,6,2648,6,2638,7,2510,7,2677,7,2907,6,3906,6,4106,2613
,9:32:00,37,2643,6,2510,6,2741,6,2718,7,2643,7,3150,6,2833,7,3129,6,3034,7,3018,7,3809,7,2611,6,2819,6,2994,6,3187,6,2960,6,2861,7,2748,7,2830,6,2931,6,4081,6,2725,7,3081,7,2589,2691,2710,7,2602,6,2693,7,4155,7,2597,7,3560,6,2618,7,2444,7,2710,7,4158,7,3956,7,2556,2559,2566,6,2599,6,2605,6,2601,6,2674,6,2655,6,2646,6,2499,7,2695,6,2908,7,3895,6,4089,2609
,9:36:00,37.1,2645,6,2505,7,2725,6,2713,7,2641,7,3162,6,2827,8,3133,7,3032,7,3030,7,3815,7,2614,7,2823,6,2995,6,3193,7,2952,6,2857,6,2759,7,2832,7,2920,7,4106,6,2716,6,3095,7,2606,2685,2713,6,2610,6,2681,7,4156,6,2591,6,3566,7,2613,6,2435,6,2716,7,4171,7,3971,6,2548,2557,2568,6,2605,6,2592,6,2600,7,2663,6,2650,6,2634,7,2498,7,2688,6,2913,7,3906,6,4113,2610
,9:40:00,37,2645,7,2504,6,2731,7,2714,7,2630,6,3154,6,2838,6,3129,7,3028,6,3031,6,3814,6,2616,6,2827,6,3004,6,3198,6,2970,6,2850,7,2761,7,2829,6,2928,6,4094,7,2727,7,3108,6,2601,2698,2723,6,2614,6,2674,6,4145,6,2598,7,3564,6,2619,6,2435,7,2713,7,4162,6,3975,7,2554,2554,2582,7,2608,7,2605,6,2601,6,2686,6,2660,7,2644,6,2517,7,2683,7,2906,7,3920,7,4092,2623
,9:44:00,37,2641,6,2506,6,2726,7,2709,6,2642,6,3157,6,2835,6,3125,6,3011,7,3033,7,3820,7,2610,6,2826,6,2992,7,3192,6,2964,6,2858,6,2754,7,2836,6,2921,7,4091,7,2736,6,3103,7,2586,2690,2715,6,2604,7,2676,6,4150,6,2592,7,3560,6,2615,7,2429,7,2712,7,4161,6,3969,7,2552,2548,2566,6,2607,6,2585,6,2608,6,2668,6,2647,7,2650,7,2495,6,2688,7,2910,7,3912,7,4109,2608
,9:48:00,37,2646,6,2498,6,2733,6,2705,7,2642,7,3154,6,2840,7,3121,7,3027,7,3023,6,3822,7,2615,6,2814,6,3004,6,3196,6,2955,6,2855,6,2746,6,2840,6,2931,7,4093,7,2731,7,3101,6,2600,2698,2715,6,2604,7,2676,7,4142,6,2589,6,3566,7,2607,6,2428,6,2713,7,4156,7,3966,6,2546,2557,2573,7,2589,6,2587,6,2604,7,2659,7,2660,6,2644,7,2501,7,2683,6,2896,6,3905,7,4104,2609
,9:52:00,37,2645,6,2498,6,2735,7,2711,6,2633,7,3166,6,2834,6,3126,6,3015,6,3022,7,3827,7,2616,6,2822,7,3004,7,3206,7,2961,6,2848,6,2763,7,2829,6,2936,6,4077,6,2731,7,3096,6,2594,2687,2720,6,2607,6,2684,6,4150,7,2585,6,3573,6,2607,6,2428,6,2713,7,4160,7,3976,7,2553,2552,2564,6,2596,6,2588,6,2599,6,2664,7,2647,7,2641,7,2498,7,2683,7,2908,6,3892,7,4098,2597
,9:56:00,37,2650,7,2506,6,2724,7,2716,6,2641,6,3153,7,2820,7,3129,7,3013,6,3028,7,3840,7,2614,7,2830,6,3012,7,3210,6,2960,6,2847,6,2753,7,2838,6,2940,7,4087,7,2719,7,3107,7,2596,2689,2713,7,2607,6,2675,6,4149,6,2598,7,3569,6,2607,6,2431,7,2715,7,4159,7,3979,7,2561,2546,2571,6,2602,6,2599,6,2597,6,2669,6,2661,6,2647,6,2505,6,2690,6,2919,6,3897,7,4109,2607
,10:00:00,37,2656,6,2502,6,2732,7,2724,7,2643,6,3161,6,2827,7,3138,6,3038,7,3039,7,3839,7,2615,7,2830,6,3001,7,3213,6,2960,6,2851,7,2772,7,2833,7,2939,7,4105,6,2728,7,3113,7,2607,2691,2728,6,2614,6,2684,7,4161,6,2591,7,3586,6,2609,6,2430,7,2717,7,4159,7,3966,7,2558,2545,2576,6,2601,6,2593,6,2607,7,2677,7,2667,6,2647,6,2493,7,2682,7,2924,7,3903,7,4096,2610
,10:04:00,37,2658,7,2504,6,2737,7,2712,6,2638,6,3161,7,2840,7,3137,7,3034,7,3033,7,3836,7,2630,6,2838,6,3016,7,3221,7,2966,7,2864,7,2759,6,2843,6,2947,6,4099,7,2731,7,3123,7,2604,2675,2726,7,2616,6,2674,6,4158,7,2595,7,3586,7,2612,8,2437,6,2726,7,4170,7,3968,7,2559,2568,2566,6,2603,6,2603,6,2600,7,2675,6,2662,7,2653,6,2495,7,2687,7,2924,7,3903,7,4115,2614
,10:08:00,37,2660,5,2499,7,2740,7,2715,6,2657,6,3159,6,2832,6,3143,7,3029,7,3029,7,3853,7,2631,7,2839,6,3019,7,3225,6,2963,6,2869,6,2772,6,2851,7,2950,7,4092,6,2729,7,3125,7,2598,2690,2720,6,2610,5,2677,7,4154,7,2596,7,3587,7,2624,6,2438,7,2738,7,4169,7,3975,7,2553,2563,2587,6,2599,6,2590,6,2609,7,2670,6,2662,6,2648,7,2496,6,2693,6,2927,6,3903,6,4090,2612
,10:12:00,37,2663,6,2512,6,2747,7,2721,6,2639,6,3165,6,2827,6,3134,7,3031,7,3031,7,3846,6,2630,6,2836,5,3026,6,3220,6,2970,7,2862,6,2759,6,2849,7,2951,6,4107,6,2737,6,3130,7,2619,2699,2718,6,2610,6,2685,7,4156,7,2597,7,3573,7,2624,6,2428,6,2726,7,4151,7,3991,7,2564,2565,2570,7,2594,7,2593,7,2604,6,2672,6,2659,7,2644,7,2506,6,2685,6,2927,7,3918,7,4121,2612
,10:16:00,37,2662,6,2513,7,2742,6,2715,7,2649,6,3168,6,2839,6,3138,7,3026,6,3035,6,3847,7,2620,7,2843,6,3033,6,3235,7,2967,6,2868,6,2772,7,2844,6,2948,6,4106,7,2729,7,3124,7,2607,2693,2727,7,2621,6,2678,6,4147,6,2599,6,3593,6,2612,6,2451,7,2733,8,4153,7,3976,7,2566,2558,2577,6,2600,6,2593,5,2601,7,2680,6,2671,7,2652,7,2491,6,2683,7,2934,6,3911,7,4112,2606
,10:20:00,37,2647,6,2514,7,2740,7,2711,7,2646,6,3150,6,2833,6,3131,7,3031,7,3043,6,3857,7,2622,7,2843,6,3033,7,3235,6,2970,7,2861,6,2771,6,2843,7,2959,7,4088,6,2733,7,3120,7,2612,2690,2722,6,2617,6,2690,7,4156,6,2598,7,3590,7,2626,6,2438,7,2724,7,4175,7,3969,7,2572,2555,2588,7,2611,6,2598,7,2601,7,2668,6,2674,6,2649,6,2504,7,2695,7,2935,7,3905,7,4102,2614
,10:24:00,37,2660,6,2509,6,2735,6,2724,7,2634,6,3163,7,2842,6,3132,7,3038,7,3042,7,3852,7,2629,7,2831,6,3044,6,3238,7,2976,7,2866,6,2771,7,2855,6,2947,7,4081,7,2735,7,3135,6,2613,2698,2727,6,2613,6,2694,6,4162,7,2598,7,3594,6,2612,7,2438,7,2742,7,4154,6,3981,7,2570,2560,2573,6,2596,6,2600,7,2601,6,2666,6,2672,6,2654,7,2506,7,2687,7,2934,6,3906,7,4126,2597
,10:28:00,37,2662,6,2504,6,2749,6,2723,7,2663,6,3178,7,2842,7,3134,7,3034,7,3044,7,3854,7,2635,7,2839,6,3035,7,3239,6,2975,7,2874,6,2762,6,2848,6,2958,7,4094,7,2729,6,3144,7,2617,2693,2723,6,2621,7,2675,6,4150,7,2595,7,3620,7,2628,7,2434,6,2736,8,4171,7,3963,7,2570,2557,2576,6,2610,6,2596,6,2600,7,2675,6,2675,6,2647,7,2509,8,2691,6,2950,7,3902,6,4116,2607
,10:32:00,37,2662,6,2501,6,2739,6,2723,6,2656,7,3161,7,2842,7,3128,7,3039,7,3033,7,3865,7,2621,6,2850,6,3039,6,3243,6,2968,7,2863,7,2771,7,2856,6,2953,7,4095,7,2726,7,3144,7,2615,2693,2728,6,2611,6,2686,7,4159,6,2591,7,3590,6,2616,6,2429,7,2728,6,4177,6,3984,7,2569,2563,2580,6,2608,6,2595,7,2596,6,2678,6,2677,7,2653,7,2506,6,2692,6,2946,6,3905,7,4112,2604
,10:36:00,37,2655,6,2519,6,2742,6,2720,6,2657,6,3164,7,2832,6,3149,7,3033,7,3046,7,3872,6,2617,7,2847,6,3042,6,3255,6,2975,6,2874,6,2764,7,2851,7,2965,7,4111,7,2723,7,3140,7,2614,2692,2727,6,2621,6,2692,7,4160,7,2603,6,3610,7,2627,6,2441,7,2743,7,4161,6,3975,7,2585,2561,2578,6,2607,6,2602,7,2613,6,2676,7,2676,7,2653,7,2505,7,2690,6,2952,6,3906,7,4107,2613
,10:40:00,37,2665,7,2519,6,2746,7,2726,7,2657,7,3171,7,2834,7,3128,6,3025,7,3050,6,3886,7,2627,7,2864,5,3054,5,3268,6,2973,6,2869,6,2775,7,2874,7,2965,7,4112,7,2731,7,3148,7,2620,2693,2727,6,2616,6,2693,7,4170,6,2601,6,3604,6,2618,6,2438,7,2744,7,4165,7,3975,7,2589,2557,2573,6,2613,6,2608,6,2611,6,2672,6,2680,6,2651,7,2504,7,2703,7,2949,6,3918,7,4109,2622
,10:44:00,37,2673,6,2525,6,2747,6,2722,6,2652,6,3172,6,2856,7,3150,7,3049,7,3062,7,3882,6,2623,6,2858,6,3048,6,3270,6,2986,6,2877,6,2777,6,2870,6,2972,7,4098,6,2737,7,3154,8,2625,2698,2744,6,2633,6,2708,6,4170,7,2612,6,3616,7,2625,6,2449,7,2749,7,4180,7,3973,7,2590,2556,2580,6,2615,5,2596,7,2605,7,2682,7,2681,6,2661,7,2520,7,2694,7,2949,6,3914,6,4133,2622
,10:48:00,37,2668,6,2512,6,2745,7,2729,7,2640,7,3167,6,2851,6,3137,6,3044,7,3044,6,3867,7,2629,7,2856,6,3061,7,3259,6,2974,7,2876,7,2775,6,2870,6,2973,7,4105,6,2732,7,3149,6,2620,2695,2740,6,2627,7,2681,6,4162,6,2603,6,3614,7,2625,6,2444,7,2748,7,4174,7,3973,6,2578,2552,2585,6,2606,6,2585,7,2606,7,2681,7,2667,6,2652,7,2508,7,2692,7,2954,6,3916,6,4120,2612
,10:52:00,37,2667,6,2524,6,2747,6,2723,6,2652,6,3169,6,2841,7,3141,6,3040,7,3031,7,3881,7,2626,7,2854,5,3054,6,3264,6,2972,6,2879,6,2771,7,2873,7,2971,7,4094,6,2736,7,3155,7,2626,2700,2735,6,2620,6,2689,6,4156,7,2600,6,3607,7,2618,7,2428,7,2743,7,4164,6,3978,7,2569,2552,2585,6,2595,6,2601,7,2603,7,2678,6,2681,7,2661,7,2510,7,2691,6,2955,7,3900,7,4118,2614
,10:56:00,37,2665,6,2516,6,2745,6,2721,6,2653,6,3162,6,2830,6,3138,6,3034,6,3040,7,3869,8,2620,7,2837,6,3056,6,3258,7,2975,6,2877,6,2762,7,2864,7,2964,7,4104,7,2736,7,3161,7,2616,2704,2731,6,2620,6,2698,6,4155,6,2596,6,3611,6,2617,6,2438,6,2751,7,4167,7,3981,6,2579,2551,2568,6,2611,6,2601,6,2598,7,2667,6,2678,7,2650,7,2502,7,2689,6,2954,6,3897,6,4114,2612
,11:00:00,37.1,2667,7,2520,6,2744,6,2716,7,2652,6,3164,7,2828,8,3130,6,3019,8,3058,7,3872,6,2632,7,2845,7,3055,6,3273,6,2977,7,2882,6,2779,6,2866,7,2983,7,4090,7,2739,7,3159,7,2636,2695,2742,6,2621,6,2701,6,4155,7,2596,6,3627,7,2624,6,2440,7,2759,7,4148,7,3973,7,2579,2551,2575,7,2607,7,2594,6,2604,6,2677,7,2672,6,2657,6,2511,7,2683,7,2949,7,3897,6,4113,2610
,11:04:00,37,2672,6,2514,7,2760,6,2718,6,2664,7,3178,7,2842,6,3136,7,3032,7,3045,6,3887,6,2624,7,2867,6,3072,6,3278,6,2975,7,2878,6,2789,7,2871,6,2974,6,4085,7,2759,7,3171,7,2619,2697,2734,6,2621,6,2704,7,4167,7,2596,6,3625,7,2629,7,2445,7,2747,6,4158,7,3978,7,2590,2559,2570,6,2612,6,2604,7,2601,7,2677,6,2681,7,2654,7,2514,7,2687,7,2969,7,3906,6,4116,2627
,11:08:00,37,2680,6,2518,6,2761,7,2730,6,2654,7,3178,6,2837,7,3138,7,3049,7,3040,7,3899,6,2627,6,2859,6,3068,6,3288,6,2977,6,2878,6,2777,6,2881,7,2984,7,4108,7,2752,7,3165,7,2627,2699,2739,6,2640,6,2700,6,4173,6,2611,6,3635,7,2616,6,2439,6,2754,7,4174,7,3986,6,2600,2562,2569,7,2606,7,2605,7,2604,6,2676,6,2680,6,2658,8,2516,7,2689,7,2973,7,3919,7,4113,2618
,11:12:00,37,2682,5,2530,7,2743,7,2739,7,2655,6,3169,6,2836,6,3138,6,3041,7,3060,7,3887,7,2636,6,2864,6,3073,6,3302,7,2988,6,2881,6,2776,7,2880,6,3001,7,4097,7,2740,7,3169,6,2628,2700,2746,7,2636,7,2697,7,4163,7,2606,6,3643,7,2619,7,2453,7,2763,7,4160,7,3965,6,2595,2559,2586,7,2614,6,2604,6,2606,7,2686,7,2679,6,2655,7,2510,7,2693,6,2975,7,3906,6,4124,2617
,11:16:00,37,2667,6,2523,6,2753,7,2725,7,2649,6,3183,6,2842,7,3141,7,3046,7,3050,6,3895,7,2628,6,2866,6,3071,6,3271,7,2971,7,2899,6,2795,6,2876,6,2983,7,4104,7,2738,6,3179,6,2629,2689,2730,6,2624,6,2702,6,4163,7,2604,6,3639,6,2629,6,2445,7,2751,7,4170,7,3977,7,2598,2562,2582,7,2607,6,2597,6,2605,6,2673,6,2678,7,2657,7,2502,7,2687,7,2970,7,3918,7,4112,2617
,11:20:00,37,2677,6,2530,6,2754,6,2728,6,2649,6,3177,6,2844,7,3141,7,3048,7,3055,7,3896,7,2625,7,2870,6,3079,6,3281,6,2981,7,2884,7,2790,6,2874,6,2986,7,4098,7,2742,7,3178,7,2628,2684,2755,6,2633,6,2693,6,4156,7,2606,7,3646,6,2629,7,2443,7,2760,7,4156,7,3986,6,2588,2566,2579,6,2612,6,2604,7,2611,7,2682,6,2691,6,2666,7,2505,6,2696,7,2981,7,3909,6,4122,2621
,11:24:00,37,2679,6,2531,7,2752,6,2725,7,2660,7,3176,7,2839,7,3137,7,3037,7,3055,7,3901,6,2637,7,2882,6,3085,6,3294,6,2990,6,2880,6,2797,7,2880,7,2997,7,4117,6,2752,8,3177,6,2632,2705,2750,6,2636,7,2704,7,4160,7,2606,6,3630,7,2629,7,2439,7,2757,7,4167,7,3979,7,2605,2556,2577,6,2602,6,2598,6,2604,7,2676,7,2687,6,2655,7,2522,6,2686,7,2985,7,3919,6,4112,2613
,11:28:00,37,2679,6,2520,6,2758,6,2722,6,2658,7,3184,7,2849,6,3128,6,3037,6,3039,7,3906,6,2633,7,2866,6,3076,6,3293,7,2990,6,2880,7,2784,6,2880,7,2991,7,4117,6,2752,7,3188,7,2636,2698,2749,6,2636,6,2702,6,4154,6,2602,6,3639,6,2630,7,2439,6,2761,6,4168,7,3974,7,2613,2551,2579,6,2604,6,2599,7,2605,6,2674,6,2694,7,2651,6,2501,7,2700,7,2994,7,3910,6,4114,2612
,11:32:00,37,2688,6,2537,8,2764,6,2736,7,2672,6,3189,7,2845,7,3135,7,3047,6,3056,7,3902,7,2634,6,2876,6,3088,6,3314,6,3000,7,2882,6,2797,7,2888,6,2996,6,4114,6,2761,6,3202,7,2634,2708,2746,6,2641,7,2710,6,4147,7,2615,7,3655,6,2631,6,2443,6,2769,6,4168,7,3979,7,2591,2563,2581,6,2612,6,2605,6,2626,6,2684,6,2692,7,2657,6,2509,6,2710,7,2994,6,3918,6,4122,2623
,11:36:00,37,2674,6,2530,6,2748,6,2729,6,2657,6,3187,7,2829,7,3139,7,3047,6,3048,7,3916,7,2634,7,2878,6,3086,6,3307,6,2968,6,2883,7,2790,6,2887,6,3006,7,4098,7,2754,7,3189,7,2640,2706,2755,7,2622,6,2695,6,4165,6,2613,6,3654,7,2619,7,2444,7,2773,7,4164,7,3969,6,2602,2552,2584,6,2622,7,2603,6,2607,6,2688,6,2690,7,2658,6,2511,7,2691,7,3006,7,3911,6,4113,2618
,11:40:00,37,2690,6,2534,6,2763,6,2733,7,2669,6,3183,6,2835,6,3132,6,3043,7,3055,7,3908,7,2640,7,2886,6,3097,6,3315,7,2992,6,2890,6,2791,6,2900,7,2990,7,4111,6,2754,6,3198,6,2631,2692,2749,7,2642,6,2704,6,4168,6,2611,7,3653,6,2623,7,2448,7,2768,7,4172,7,3976,7,2611,2557,2580,6,2622,6,2598,6,2610,7,2683,6,2695,7,2665,7,2516,6,2683,7,2992,6,3906,6,4112,2612
,11:44:00,37,2693,6,2542,6,2763,7,2728,6,2656,7,3181,6,2845,6,3141,7,3043,7,3050,7,3914,7,2625,7,2883,6,3080,6,3325,6,2987,6,2891,7,2786,7,2894,7,3006,6,4099,7,2752,7,3208,6,2650,2698,2756,6,2632,6,2703,7,4154,6,2613,7,3652,6,2629,6,2439,7,2772,6,4163,6,3976,7,2608,2562,2572,6,2609,7,2609,6,2614,6,2668,6,2700,7,2665,7,2520,6,2690,7,2994,6,3902,7,4118,2620
,11:48:00,37,2688,6,2537,7,2766,7,2730,6,2657,6,3174,7,2844,7,3138,8,3053,7,3054,7,3914,7,2629,7,2883,6,3098,6,3327,6,2979,6,2894,7,2781,6,2891,6,3009,7,4095,7,2762,6,3203,7,2658,2693,2748,6,2652,7,2709,7,4163,7,2611,7,3659,6,2634,6,2445,7,2770,7,4171,7,3986,7,2616,2563,2576,6,2620,6,2619,6,2599,7,2680,6,2689,7,2648,6,2516,7,2693,6,3000,7,3908,7,4108,2633
,11:52:00,37,2700,6,2538,6,2774,6,2735,6,2664,6,3176,7,2854,7,3137,7,3049,7,3056,6,3905,7,2644,7,2895,6,3105,6,3330,6,2992,6,2899,6,2797,6,2914,7,3006,7,4105,6,2764,7,3205,7,2651,2707,2769,5,2658,6,2707,6,4173,7,2617,6,3664,6,2628,6,2459,8,2776,7,4169,7,3980,7,2608,2559,2588,7,2628,6,2610,7,2610,6,2694,6,2694,6,2670,7,2515,7,2705,7,3001,6,3918,7,4122,2629
,11:56:00,37.1,2687,6,2542,6,2761,7,2731,7,2666,6,3181,6,2843,6,3137,7,3033,7,3047,7,3915,7,2632,6,2892,7,3109,7,3317,6,2985,7,2892,7,2803,6,2896,7,2993,7,4112,6,2756,6,3216,7,2649,2704,2759,7,2636,6,2705,7,4149,7,2618,7,3647,7,2631,8,2439,7,2782,7,4159,7,3974,6,2605,2560,2579,6,2624,6,2602,7,2604,7,2675,6,2698,6,2658,6,2510,6,2687,6,3000,7,3900,7,4107,2611
,12:00:00,37,2687,6,2549,7,2763,6,2730,6,2667,7,3181,6,2838,7,3124,7,3053,6,3055,7,3910,6,2629,7,2886,6,3106,7,3315,6,2994,6,2902,7,2799,7,2891,6,3009,6,4111,7,2761,7,3215,7,2648,2697,2758,6,2643,6,2695,6,4147,6,2612,6,3671,7,2632,6,2438,7,2775,6,4156,7,3975,6,2615,2561,2576,6,2624,6,2610,6,2608,6,2693,6,2698,6,2668,6,2506,6,2700,7,3006,7,3901,7,4112,2613
,12:04:00,37,2684,6,2527,7,2767,6,2737,6,2651,6,3176,7,2845,7,3132,6,3042,7,3046,7,3917,6,2623,6,2885,6,3110,6,3328,6,2991,7,2903,6,2796,6,2901,8,3007,7,4109,7,2745,7,3219,7,2652,2692,2736,6,2652,7,2714,6,4164,6,2617,7,3652,6,2633,7,2437,7,2789,7,4159,7,3974,7,2617,2562,2584,6,2615,6,2600,6,2605,7,2680,7,2692,6,2661,7,2522,7,2693,6,3023,6,3919,6,4112,2622
,12:08:00,37,2696,6,2539,6,2763,6,2732,7,2654,6,3178,6,2830,7,3149,7,3042,7,3071,7,3923,6,2635,7,2897,6,3109,6,3348,7,2997,6,2910,6,2808,7,2894,6,3006,7,4100,7,2769,7,3221,7,2658,2719,2754,6,2645,7,2708,6,4163,6,2621,6,3666,6,2630,6,2439,8,2793,7,4175,7,3983,6,2615,2565,2592,5,2620,6,2609,7,2616,7,2680,6,2717,7,2669,7,2517,7,2705,7,3014,7,3906,6,4130,2627
,12:12:00,36.9,2702,6,2545,6,2777,7,2744,6,2672,6,3176,6,2849,7,3140,7,3049,6,3055,7,3942,6,2641,6,2915,6,3111,6,3345,7,2997,7,2899,6,2810,6,2904,6,3020,6,4112,7,2764,7,3227,6,2671,2712,2763,7,2641,7,2721,6,4174,6,2617,7,3681,6,2643,6,2452,7,2791,7,4183,6,3986,7,2623,2557,2595,6,2618,6,2612,6,2615,7,2686,7,2712,7,2662,6,2505,7,2698,6,3023,7,3900,6,4119,2611
,12:16:00,37.1,2709,6,2546,6,2774,6,2741,6,2663,6,3187,6,2844,6,3144,7,3062,6,3063,7,3935,7,2652,7,2906,6,3119,7,3348,6,3005,7,2901,6,2809,7,2919,7,3029,6,4098,7,2761,7,3243,7,2653,2698,2760,6,2652,6,2719,6,4153,6,2603,6,3673,7,2654,6,2452,6,2798,6,4173,7,3977,7,2639,2579,2579,6,2623,7,2606,7,2611,6,2682,7,2711,7,2674,7,2504,6,2699,7,3026,6,3918,7,4136,2626
,12:20:00,37,2706,7,2542,6,2775,6,2742,6,2670,7,3200,7,2848,6,3146,7,3051,6,3069,7,3948,7,2638,6,2902,6,3121,7,3347,6,3002,7,2902,7,2806,7,2921,7,3009,7,4102,7,2770,7,3239,7,2668,2710,2766,6,2662,6,2714,7,4165,6,2627,6,3673,6,2636,7,2462,7,2798,6,4162,7,3987,6,2631,2575,2584,6,2626,6,2607,6,2610,7,2693,7,2709,6,2669,6,2521,6,2697,7,3033,7,3891,7,4132,2627
,12:24:00,37,2700,6,2543,6,2773,6,2726,7,2664,6,3196,6,2844,6,3140,6,3051,6,3058,7,3927,7,2627,6,2895,6,3129,6,3345,7,2998,7,2909,7,2809,7,2923,7,3019,7,4097,6,2773,7,3241,7,2674,2700,2766,6,2660,6,2714,7,4163,6,2609,6,3680,6,2639,6,2436,6,2797,8,4163,7,3972,6,2632,2558,2584,6,2618,6,2616,6,2614,7,2689,6,2720,6,2670,7,2514,7,2705,7,3031,6,3915,7,4130,2628
,12:28:00,37,2715,6,2551,6,2782,6,2744,6,2683,7,3184,6,2855,6,3144,7,3046,7,3052,6,3931,7,2646,6,2928,5,3133,6,3365,6,2999,7,2919,6,2808,6,2923,6,3023,6,4105,6,2769,7,3234,7,2673,2703,2766,6,2662,7,2726,7,4170,6,2617,6,3691,6,2647,6,2440,7,2798,8,4160,7,3962,7,2617,2568,2585,5,2625,6,2606,6,2604,7,2685,6,2724,7,2665,8,2515,7,2701,7,3041,6,3922,7,4133,2631
,12:32:00,37,2707,6,2555,7,2759,6,2745,6,2672,6,3191,6,2857,6,3138,7,3039,6,3058,7,3930,6,2635,7,2904,6,3133,6,3364,7,2989,6,2910,6,2810,6,2916,7,3031,6,4103,7,2776,7,3256,6,2678,2709,2765,7,2664,6,2719,6,4156,7,2616,7,3673,6,2640,6,2451,7,2797,7,4154,7,3974,7,2633,2562,2586,6,2623,6,2607,7,2609,6,2679,7,2721,6,2661,7,2517,7,2699,7,3030,7,3902,6,4117,2626
,12:36:00,37,2708,7,2565,6,2784,6,2733,7,2665,6,3192,6,2850,6,3138,7,3053,8,3061,7,3941,7,2647,7,2915,7,3145,6,3363,6,2998,6,2924,6,2826,7,2933,7,3027,7,4106,6,2768,7,3240,7,2665,2700,2768,6,2658,6,2719,6,4162,7,2618,7,3687,7,2641,6,2457,6,2806,7,4177,6,3979,7,2640,2568,2589,6,2623,6,2608,6,2616,7,2691,6,2719,7,2665,6,2512,7,2700,7,3041,7,3905,6,4117,2631
,12:40:00,37,2720,6,2562,6,2774,6,2751,7,2669,7,3191,7,2850,6,3136,6,3058,7,3066,7,3955,6,2649,7,2910,6,3144,6,3371,6,3002,6,2913,6,2833,6,2923,6,3041,6,4102,7,2781,7,3257,7,2677,2706,2774,6,2672,6,2721,6,4160,6,2626,6,3699,6,2640,6,2452,7,2815,7,4152,7,3978,7,2643,2558,2581,6,2630,7,2612,6,2623,7,2698,7,2726,6,2674,7,2515,6,2701,7,3051,6,3913,6,4131,2629
,12:44:00,37,2710,6,2559,6,2788,6,2739,7,2671,7,3194,7,2850,6,3142,7,3061,6,3059,7,3944,8,2642,7,2906,6,3144,6,3378,7,3017,7,2923,6,2817,7,2933,7,3033,6,4109,6,2770,7,3273,6,2683,2702,2778,7,2682,6,2724,6,4149,7,2619,6,3697,7,2647,7,2455,6,2801,6,4155,7,3993,7,2642,2566,2577,6,2630,6,2607,7,2607,7,2702,6,2727,6,2676,7,2517,6,2701,7,3047,7,3909,6,4104,2627
,12:48:00,37,2721,5,2562,6,2790,6,2740,6,2682,6,3193,6,2855,6,3149,7,3062,6,3054,7,3952,7,2637,6,2919,6,3148,6,3388,7,3013,6,2922,6,2815,6,2931,7,3031,8,4107,7,2785,6,3258,7,2686,2712,2773,6,2669,6,2722,7,4172,6,2624,6,3689,6,2651,7,2460,7,2826,6,4170,6,3999,7,2650,2569,2590,6,2621,6,2616,6,2619,6,2698,5,2727,7,2681,7,2512,6,2711,6,3051,6,3912,7,4126,2623
,12:52:00,37,2726,6,2549,7,2780,7,2752,7,2677,7,3205,6,2870,6,3133,6,3064,6,3062,6,3962,7,2650,6,2925,7,3141,6,3390,6,3012,6,2921,6,2828,6,2939,7,3031,7,4114,6,2781,7,3269,6,2680,2706,2775,6,2678,6,2729,6,4155,6,2625,7,3702,7,2641,6,2448,6,2823,7,4170,6,3984,6,2655,2569,2583,6,2627,6,2616,6,2612,6,2691,6,2728,7,2674,7,2528,7,2695,7,3055,7,3921,6,4122,2635
,12:56:00,37,2715,5,2568,6,2774,7,2734,6,2664,6,3200,7,2857,7,3146,7,3056,7,3077,6,3951,7,2650,6,2922,6,3157,6,3390,6,3010,6,2922,5,2837,6,2940,6,3036,6,4106,7,2787,6,3273,6,2690,2719,2782,6,2683,6,2734,6,4162,6,2632,7,3691,7,2649,7,2451,7,2821,7,4156,7,3967,6,2654,2574,2583,6,2621,6,2617,7,2616,7,2693,6,2724,6,2674,6,2531,7,2692,7,3070,6,3904,6,4114,2628
,13:00:00,37,2728,7,2559,6,2784,6,2737,6,2666,7,3192,6,2855,6,3145,7,3057,6,3063,7,3948,6,2644,6,2929,7,3162,6,3393,6,2996,6,2925,7,2822,6,2946,7,3042,7,4103,6,2774,6,3270,7,2684,2710,2783,6,2674,6,2731,6,4155,6,2617,7,3683,7,2642,7,2463,6,2825,7,4158,6,3978,6,2647,2559,2579,6,2627,7,2604,7,2621,5,2697,6,2724,6,2668,7,2520,7,2698,6,3070,7,3907,6,4117,2638
,13:04:00,37,2736,5,2561,6,2786,7,2732,7,2680,6,3199,7,2853,6,3144,7,3054,7,3067,6,3942,7,2640,7,2916,7,3155,7,3392,7,3007,7,2921,7,2836,6,2929,6,3048,6,4095,6,2781,7,3276,6,2681,2704,2773,7,2689,7,2731,6,4174,6,2622,5,3700,6,2653,6,2447,7,2825,6,4171,7,3971,6,2667,2572,2589,7,2633,7,2614,7,2623,7,2690,6,2731,7,2667,7,2515,7,2707,7,3059,6,3905,7,4119,2628
,13:08:00,36.9,2714,6,2567,6,2782,7,2741,6,2674,5,3196,7,2856,7,3138,6,3059,6,3067,7,3965,7,2631,7,2928,6,3165,6,3395,6,3001,7,2905,6,2846,7,2940,7,3046,6,4112,6,2793,6,3271,7,2691,2703,2777,6,2672,6,2734,7,4157,7,2623,6,3693,6,2646,6,2454,6,2827,7,4153,7,3986,7,2655,2558,2578,6,2623,6,2599,7,2608,6,2697,6,2731,6,2676,6,2513,7,2704,6,3060,6,3902,6,4123,2628
,13:12:00,37,2733,7,2567,6,2792,6,2746,6,2682,6,3197,6,2854,7,3142,6,3063,6,3070,7,3960,6,2647,7,2934,6,3166,6,3417,6,3017,6,2933,6,2845,6,2953,7,3045,7,4118,6,2781,7,3295,8,2695,2709,2787,6,2693,6,2740,6,4150,7,2628,6,3711,6,2655,6,2459,7,2823,7,4161,7,3985,6,2664,2563,2589,7,2635,6,2613,7,2607,6,2705,6,2737,6,2687,7,2522,7,2708,7,3061,7,3909,6,4123,2627
,13:16:00,37,2741,7,2572,7,2790,6,2738,7,2672,7,3203,7,2864,6,3149,6,3068,7,3072,7,3963,7,2644,7,2926,6,3173,6,3410,7,3022,7,2932,6,2860,6,2952,6,3061,6,4101,7,2797,6,3300,7,2697,2719,2787,6,2693,6,2754,6,4160,7,2625,6,3707,6,2655,7,2450,7,2829,6,4170,7,3980,7,2663,2560,2588,7,2628,6,2631,7,2629,6,2700,6,2755,6,2685,6,2524,7,2712,7,3075,7,3923,7,4126,2634
,13:20:00,37,2739,6,2565,7,2798,6,2751,6,2682,7,3200,6,2870,6,3153,6,3059,7,3078,7,3969,6,2651,6,2947,7,3172,6,3421,6,3029,6,2937,7,2842,6,2953,7,3056,7,4128,7,2791,6,3300,6,2702,2714,2781,6,2695,7,2744,6,4154,7,2630,6,3689,7,2649,6,2454,6,2838,7,4168,7,3979,6,2670,2568,2593,6,2637,6,2609,6,2618,6,2695,6,2749,6,2685,6,2517,7,2708,7,3076,6,3909,7,4121,2641
,13:24:00,37,2726,6,2578,7,2798,7,2753,7,2680,7,3208,7,2876,6,3144,7,3059,6,3071,7,3965,7,2651,7,2930,6,3181,6,3420,6,3019,6,2933,6,2849,7,2966,7,3051,7,4114,6,2798,6,3304,6,2692,2712,2783,7,2697,6,2746,6,4167,7,2628,6,3711,7,2664,6,2464,6,2837,6,4158,7,3989,6,2673,2578,2591,6,2631,6,2614,6,2619,6,2694,7,2752,7,2680,8,2528,6,2702,8,3077,7,3902,7,4133,2638
,13:28:00,37,2747,6,2577,5,2799,6,2758,6,2674,7,3210,6,2868,6,3142,7,3064,7,3061,7,3962,6,2645,7,2938,6,3184,6,3409,7,3023,6,2942,6,2848,6,2959,6,3055,7,4099,7,2795,7,3295,7,2714,2709,2784,6,2695,7,2755,6,4161,6,2640,6,3710,6,2650,6,2454,7,2851,7,4162,7,3986,7,2679,2579,2590,6,2631,6,2623,6,2610,6,2700,6,2738,6,2677,7,2532,7,2702,6,3079,7,3915,7,4130,2631
,13:32:00,37.1,2741,7,2585,6,2801,5,2745,7,2685,6,3203,7,2869,6,3141,7,3066,7,3076,7,3967,7,2644,6,2940,6,3187,5,3421,6,3022,6,2942,5,2852,6,2960,7,3052,6,4108,6,2796,6,3320,7,2709,2707,2790,6,2695,5,2753,7,4154,6,2629,6,3714,6,2644,6,2456,6,2847,7,4172,7,3981,7,2669,2579,2585,6,2629,6,2625,6,2621,6,2705,7,2746,7,2678,7,2528,6,2703,6,3083,6,3918,6,4129,2637
,13:36:00,37,2747,5,2577,6,2798,7,2757,6,2689,7,3206,6,2870,6,3141,7,3085,6,3063,6,3967,7,2662,6,2933,6,3190,6,3426,6,3019,6,2947,6,2853,7,2970,6,3057,6,4115,7,2802,7,3320,7,2705,2719,2787,7,2707,6,2751,6,4157,6,2641,7,3710,6,2654,6,2464,7,2849,7,4163,7,3981,6,2679,2575,2593,6,2631,6,2618,6,2612,7,2696,7,2754,7,2682,7,2530,6,2703,6,3090,6,3911,7,4131,2639
,13:40:00,37,2750,5,2591,6,2804,6,2750,7,2685,7,3216,7,2857,6,3130,7,3070,7,3077,6,3969,7,2651,7,2948,6,3197,6,3425,7,3028,6,2930,6,2855,5,2974,6,3062,6,4110,6,2795,7,3302,7,2715,2711,2787,6,2703,6,2753,7,4170,6,2645,7,3715,6,2651,6,2458,7,2864,7,4165,6,3981,7,2684,2583,2583,6,2644,6,2622,6,2622,7,2704,7,2756,7,2698,7,2528,6,2707,7,3085,6,3899,7,4112,2634
,13:44:00,37,2741,6,2575,6,2800,6,2762,7,2676,6,3205,7,2863,7,3152,7,3068,6,3070,6,3982,7,2649,7,2954,7,3185,7,3449,6,3030,6,2946,6,2861,7,2979,7,3058,6,4126,7,2801,7,3322,8,2713,2699,2779,6,2706,6,2748,7,4160,7,2638,6,3729,7,2662,7,2464,6,2853,7,4168,7,3988,6,2686,2572,2588,6,2647,7,2606,6,2618,7,2700,6,2762,7,2683,6,2539,7,2716,7,3097,6,3910,7,4137,2641
,13:48:00,37,2759,6,2584,7,2807,7,2752,6,2676,7,3202,6,2861,7,3142,6,3071,7,3077,6,3961,7,2657,7,2952,6,3194,6,3431,7,3026,6,2949,7,2852,7,2975,6,3075,6,4107,7,2806,6,3323,7,2713,2719,2788,6,2707,6,2756,6,4156,7,2638,6,3718,7,2653,6,2463,7,2872,7,4166,6,3980,6,2696,2585,2586,6,2641,7,2624,6,2616,7,2692,7,2760,7,2672,7,2520,7,2707,7,3104,6,3911,6,4135,2638
,13:52:00,37,2755,6,2586,6,2807,6,2751,7,2680,7,3216,6,2871,6,3139,6,3075,6,3080,7,3976,8,2650,6,2955,6,3196,6,3439,6,3025,7,2948,6,2866,6,2975,7,3079,7,4097,6,2813,6,3332,7,2717,2706,2796,6,2713,6,2749,7,4159,7,2636,6,3721,7,2664,6,2463,7,2863,6,4164,7,3978,7,2695,2576,2597,6,2632,6,2619,6,2635,7,2703,6,2766,7,2680,7,2537,6,2711,7,3115,7,3909,7,4119,2633
,13:56:00,37,2744,6,2585,6,2810,6,2754,6,2683,6,3210,6,2878,6,3156,6,3084,7,3069,7,3987,7,2649,6,2966,6,3200,6,3451,6,3045,6,2949,6,2866,6,2978,7,3070,7,4103,7,2811,7,3337,7,2728,2716,2792,6,2717,7,2758,6,4165,7,2634,6,3725,7,2660,7,2465,7,2877,7,4169,6,3990,7,2690,2570,2591,6,2637,7,2623,7,2623,7,2704,6,2749,6,2690,7,2531,6,2707,7,3108,7,3918,6,4128,2648
,14:00:00,37,2758,6,2590,6,2809,6,2761,7,2687,6,3211,7,2881,7,3159,7,3068,6,3073,7,3983,8,2659,6,2960,6,3208,6,3454,7,3039,6,2955,6,2876,7,2985,6,3074,7,4106,7,2816,7,3329,7,2711,2725,2800,6,2724,6,2770,7,4164,7,2639,6,3725,6,2661,7,2468,7,2874,7,4189,7,3987,7,2700,2572,2594,6,2644,7,2617,7,2621,7,2708,7,2769,6,2680,7,2526,7,2718,7,3107,7,3925,7,4120,2640
,14:04:00,37,2763,7,2601,7,2819,6,2757,6,2680,6,3221,7,2875,6,3153,7,3077,7,3074,7,3986,7,2646,7,2960,6,3213,6,3460,6,3043,7,2961,6,2869,6,2984,7,3072,7,4106,7,2826,7,3338,7,2732,2723,2798,6,2722,6,2783,7,4165,6,2643,6,3716,6,2665,7,2466,8,2877,7,4163,7,4001,6,2710,2581,2596,6,2640,6,2621,6,2627,7,2701,6,2763,7,2686,7,2532,7,2705,7,3120,7,3917,6,4126,2642
,14:08:00,37,2766,6,2587,7,2815,6,2745,6,2690,6,3207,6,2861,6,3136,7,3073,7,3065,6,3976,7,2659,8,2962,7,3223,6,3467,6,3039,7,2952,8,2875,7,2988,7,3080,7,4104,7,2804,7,3338,7,2726,2720,2795,6,2717,6,2773,6,4170,7,2638,7,3728,6,2658,6,2466,7,2887,7,4174,7,3990,6,2696,2585,2590,6,2641,7,2624,7,2612,6,2711,7,2769,6,2697,7,2539,7,2714,7,3114,6,3930,6,4123,2628
,14:12:00,37,2759,6,2598,7,2808,7,2758,7,2692,6,3206,7,2884,7,3156,6,3066,7,3069,6,3982,7,2656,6,2961,6,3205,6,3480,6,3041,7,2954,7,2883,7,2991,7,3085,7,4096,7,2821,7,3354,7,2727,2716,2803,6,2740,7,2771,6,4156,7,2636,6,3725,7,2655,6,2481,7,2888,7,4158,7,3977,7,2709,2576,2597,6,2645,6,2619,6,2613,6,2703,7,2764,7,2683,7,2544,6,2709,6,3121,7,3909,7,4132,2640
,14:16:00,37,2770,7,2597,6,2816,7,2746,6,2697,6,3207,6,2855,6,3143,7,3080,7,3076,7,3977,7,2658,6,2966,6,3212,6,3474,6,3044,6,2970,6,2877,6,3000,6,3080,7,4126,7,2818,7,3356,7,2733,2711,2794,5,2736,6,2768,6,4162,6,2652,6,3741,6,2660,6,2464,6,2882,7,4158,6,3995,7,2705,2580,2585,6,2631,6,2629,6,2622,6,2694,6,2763,7,2680,7,2535,6,2709,7,3117,7,3909,7,4124,2637
,14:20:00,37.1,2782,7,2599,6,2830,6,2759,6,2694,7,3219,7,2878,7,3158,7,3077,7,3085,7,3995,7,2663,7,2977,6,3220,6,3487,7,3051,7,2968,7,2896,7,3005,6,3091,7,4117,7,2826,6,3359,6,2745,2717,2808,6,2740,6,2785,7,4156,6,2646,6,3728,6,2674,6,2471,6,2910,7,4163,6,3995,6,2718,2575,2598,6,2656,6,2624,6,2622,7,2720,7,2785,7,2695,7,2535,7,2710,7,3129,6,3922,7,4141,2641
,14:24:00,37,2770,6,2622,6,2824,7,2757,6,2694,7,3224,6,2881,7,3166,6,3074,7,3077,7,3986,7,2667,7,2986,6,3232,7,3481,6,3046,6,2976,6,2884,6,3002,6,3090,6,4116,6,2830,7,3364,6,2730,2730,2806,7,2744,7,2774,6,4153,7,2647,6,3744,7,2668,6,2472,6,2913,8,4165,6,3990,7,2718,2577,2601,7,2640,6,2630,7,2614,7,2712,6,2801,7,2683,7,2536,8,2712,7,3134,6,3917,7,4153,2644
,14:28:00,37,2787,7,2602,6,2816,7,2762,6,2686,7,3213,6,2863,6,3144,7,3075,7,3067,7,3989,7,2654,7,2979,6,3216,7,3491,6,3058,6,2966,6,2887,7,2999,6,3087,7,4123,7,2829,7,3376,6,2735,2715,2809,6,2747,6,2775,6,4166,6,2642,6,3729,6,2667,6,2474,6,2895,6,4164,8,3983,8,2723,2579,2594,7,2645,6,2620,7,2627,7,2719,6,2792,7,2685,7,2529,7,2713,6,3131,6,3915,7,4133,2642
,14:32:00,37.1,2775,6,2604,6,2827,6,2759,6,2699,6,3227,6,2876,7,3147,7,3080,6,3079,6,3983,7,2666,7,2965,6,3236,6,3478,6,3053,6,2962,6,2879,6,3015,7,3085,7,4125,7,2837,7,3370,7,2742,2711,2807,6,2748,6,2775,7,4155,7,2645,6,3742,7,2669,6,2464,7,2898,7,4169,7,3987,7,2734,2577,2587,6,2658,6,2626,6,2628,7,2719,6,2798,6,2689,7,2527,7,2716,6,3137,7,3918,7,4137,2648
,14:36:00,37,2789,7,2615,7,2830,5,2758,6,2697,7,3208,6,2875,6,3154,7,3076,6,3081,6,3986,7,2666,6,2971,6,3248,7,3484,6,3053,6,2976,6,2907,7,3007,6,3086,7,4110,6,2837,7,3379,7,2746,2719,2813,6,2743,6,2781,7,4165,6,2658,7,3741,6,2672,6,2471,6,2915,7,4170,7,3995,6,2731,2585,2597,6,2640,7,2621,6,2616,7,2711,7,2794,6,2681,7,2535,7,2706,7,3139,6,3913,7,4135,2636
,14:40:00,37,2778,6,2617,6,2828,6,2755,7,2678,6,3224,7,2884,7,3153,7,3083,6,3075,7,3992,7,2659,6,2990,6,3236,6,3494,6,3051,7,2966,6,2899,6,3015,6,3100,7,4118,6,2840,7,3390,7,2754,2723,2822,7,2763,6,2785,6,4165,6,2654,6,3741,6,2669,6,2480,7,2925,6,4195,6,3990,6,2743,2589,2593,6,2651,6,2631,8,2642,7,2708,6,2794,6,2700,6,2536,7,2715,6,3139,7,3931,6,4140,2650
,14:44:00,37,2786,6,2614,6,2827,7,2766,6,2698,7,3221,6,2881,7,3151,6,3089,6,3078,7,3986,7,2668,7,2982,6,3237,6,3495,7,3038,7,2969,6,2909,6,3018,7,3101,7,4107,7,2834,7,3392,6,2757,2710,2811,6,2764,6,2790,6,4151,7,2640,6,3732,7,2672,6,2468,6,2910,7,4164,6,3980,7,2749,2575,2594,6,2639,7,2627,7,2619,7,2718,7,2798,7,2694,6,2531,7,2712,6,3153,7,3922,6,4122,2645
,14:48:00,37,2780,6,2614,6,2826,6,2765,6,2689,6,3224,7,2885,6,3151,7,3091,7,3085,7,4005,7,2653,6,2981,6,3240,7,3503,7,3058,6,2979,6,2912,7,3023,7,3098,7,4117,7,2854,6,3377,7,2767,2722,2812,6,2760,7,2788,6,4163,7,2658,7,3733,6,2677,6,2465,7,2939,7,4172,7,3982,7,2747,2577,2606,6,2643,6,2631,7,2627,6,2718,6,2790,7,2683,6,2530,7,2713,6,3154,7,3909,6,4134,2641
,14:52:00,37,2791,7,2619,7,2828,6,2762,6,2693,7,3233,6,2878,6,3159,7,3086,7,3081,6,3993,7,2669,7,2988,6,3254,7,3498,6,3051,7,2972,6,2922,6,3015,6,3103,7,4102,7,2845,7,3399,7,2765,2719,2803,6,2772,6,2787,6,4160,6,2651,6,3740,6,2675,7,2464,7,2929,7,4167,7,3980,6,2759,2588,2591,6,2649,7,2630,6,2623,6,2714,7,2805,6,2694,6,2541,7,2717,7,3152,7,3910,7,4139,2646
,14:56:00,37.1,2791,7,2630,6,2840,7,2768,7,2702,6,3237,6,2876,6,3155,7,3081,7,3082,7,3999,7,2674,6,2984,6,3256,6,3519,6,3067,6,2983,6,2918,6,3027,6,3107,8,4129,6,2842,7,3412,7,2757,2716,2820,7,2775,6,2790,7,4180,6,2655,6,3752,7,2669,6,2476,7,2941,7,4173,7,4004,7,2756,2593,2591,6,2651,6,2638,6,2630,6,2719,6,2811,6,2695,7,2537,7,2715,7,3152,7,3927,6,4135,2657
,15:00:00,37,2800,6,2634,6,2844,6,2770,7,2709,7,3227,6,2884,6,3158,6,3083,6,3086,7,4010,7,2665,7,2991,7,3250,6,3503,6,3066,7,2989,7,2916,7,3036,7,3109,6,4118,7,2841,6,3398,7,2785,2720,2824,6,2771,6,2797,6,4155,6,2659,7,3748,7,2671,6,2474,6,2938,7,4181,7,3997,6,2750,2582,2603,7,2650,6,2633,7,2623,7,2722,7,2802,6,2705,7,2535,7,2718,7,3155,7,3911,7,4147,2645
,,,,,,,,,,,,,,,,,,,,,,,,,,,,,,,,,,,,,,,,,,,,,,,,,,,,,,,,,,,,,,,,,,,,,,,,,,,,,,,,,,,,,,,,,,,,,,,,,,
"485,528",,,,,,,,,,,,,,,,,,,,,,,,,,,,,,,,,,,,,,,,,,,,,,,,,,,,,,,,,,,,,,,,,,,,,,,,,,,,,,,,,,,,,,,,,,,,,,,,,,
,,,,,,,,,,,,,,,,,,,,,,,,,,,,,,,,,,,,,,,,,,,,,,,,,,,,,,,,,,,,,,,,,,,,,,,,,,,,,,,,,,,,,,,,,,,,,,,,,,
,Time,"T° 485,528",I1,I2,I3,I4,I5,I6,I7,I8,I9,I10,I11,I12,I13,I14,I15,I16,I17,I18,I19,I20,I21,I22,I23,I24,J1,J2,J3,J4,J5,J6,J7,J8,J9,J10,J11,J12,J13,J14,J15,J16,J17,J18,J19,J20,J21,J22,J23,J24,K1,K2,K3,K4,K5,K6,K7,K8,K9,K10,K11,K12,K13,K14,K15,K16,K17,K18,K19,K20,K21,K22,K23,K24,L1,L2,L3,L4,L5,L6,L7,L8,L9,L10,L11,L12,L13,L14,L15,L16,L17,L18,L19,L20,L21,L22,L23,L24
,0:00:00,37,2256,6,2263,7,2248,7,2266,6,2314,7,2187,7,2201,7,2267,7,2276,7,2330,7,2209,7,2249,7,2465,7,2476,7,2453,7,2461,7,2492,7,2589,7,2607,7,2630,7,2554,7,2585,6,2514,7,2506,7,2448,7,2433,7,2458,6,2482,7,2465,7,2567,6,2573,7,2696,6,2696,6,2574,7,2543,7,2561,7,2359,7,2367,7,2386,6,2580,7,2599,7,2634,7,2510,6,2593,7,2626,7,2616,6,2600,7,2528,6
,0:04:00,37,2309,6,2295,7,2282,7,2318,7,2357,7,2242,7,2253,7,2303,7,2345,7,2386,7,2295,7,2314,7,2529,6,2563,7,2537,7,2520,6,2573,7,2625,6,2651,7,2662,7,2641,8,2642,7,2564,7,2600,7,2541,7,2491,7,2540,7,2582,7,2532,6,2631,6,2635,8,2754,7,2747,7,2634,6,2602,6,2650,7,2454,7,2471,6,2477,7,2640,7,2658,7,2695,6,2601,6,2646,6,2670,6,2661,7,2686,7,2603,7
,0:08:00,37,2327,6,2323,7,2307,7,2334,7,2380,7,2253,7,2262,7,2324,7,2362,7,2407,6,2334,7,2345,7,2564,7,2610,7,2561,7,2540,7,2602,7,2647,6,2672,6,2683,7,2671,7,2674,6,2584,6,2630,7,2560,6,2524,6,2591,7,2632,6,2545,7,2652,6,2680,7,2777,7,2794,7,2662,7,2637,6,2670,6,2531,6,2515,7,2533,6,2667,7,2679,6,2704,7,2635,7,2684,7,2698,6,2691,7,2714,6,2634,6
,0:12:00,37,2339,6,2328,7,2320,7,2344,6,2407,7,2277,7,2287,7,2333,7,2388,7,2425,6,2344,7,2353,7,2576,6,2619,6,2599,7,2562,7,2625,7,2660,7,2694,7,2710,7,2700,7,2701,7,2604,6,2658,6,2576,7,2538,6,2603,7,2664,7,2569,6,2675,6,2685,7,2796,6,2800,7,2680,7,2648,7,2686,5,2594,7,2542,7,2579,6,2681,7,2688,7,2724,7,2669,6,2693,6,2707,7,2699,6,2730,6,2667,6
,0:16:00,37,2343,7,2344,6,2329,7,2357,7,2402,6,2284,7,2293,7,2349,7,2387,6,2427,6,2354,7,2356,7,2589,6,2624,6,2593,7,2570,7,2626,6,2672,7,2691,7,2716,6,2700,7,2712,6,2616,7,2667,7,2584,7,2550,6,2618,6,2651,7,2583,6,2681,7,2698,7,2802,6,2807,7,2687,7,2666,7,2701,6,2625,6,2552,7,2599,7,2680,7,2692,7,2723,7,2672,7,2704,6,2711,6,2699,6,2743,7,2677,7
,0:20:00,37,2353,6,2348,7,2338,6,2356,7,2406,6,2290,6,2293,7,2360,7,2390,7,2420,6,2361,6,2366,7,2600,6,2622,6,2603,6,2584,6,2636,7,2673,7,2705,7,2724,7,2703,7,2713,7,2630,7,2669,6,2578,6,2551,7,2615,7,2660,7,2580,6,2694,7,2704,7,2804,7,2803,7,2685,6,2671,7,2702,6,2636,6,2563,6,2607,6,2680,7,2693,7,2739,6,2682,7,2705,7,2710,7,2707,6,2752,6,2668,6
,0:24:00,37,2354,6,2351,7,2338,6,2369,7,2424,6,2291,6,2291,7,2349,6,2395,7,2426,7,2364,7,2373,6,2606,6,2621,7,2595,7,2587,7,2635,7,2668,7,2707,7,2733,7,2696,7,2704,6,2620,7,2677,6,2584,6,2559,6,2611,7,2665,7,2600,7,2693,6,2704,7,2814,7,2819,6,2682,6,2675,6,2706,7,2630,6,2554,6,2600,7,2689,6,2684,6,2741,7,2678,7,2709,6,2718,6,2697,7,2745,7,2670,6
,0:28:00,37,2361,7,2354,6,2338,6,2372,6,2413,7,2302,7,2300,6,2365,7,2403,7,2434,6,2368,6,2379,7,2609,7,2625,7,2598,7,2596,7,2632,6,2673,7,2709,7,2738,7,2711,7,2707,7,2626,7,2680,6,2591,6,2562,6,2617,7,2662,6,2604,6,2695,6,2701,7,2812,6,2810,7,2688,7,2664,7,2709,6,2644,6,2576,7,2612,6,2691,6,2688,6,2752,7,2695,6,2717,7,2717,7,2702,6,2761,6,2673,6
,0:32:00,37,2360,7,2357,7,2345,7,2366,7,2409,6,2304,7,2294,7,2354,6,2392,7,2426,6,2373,7,2383,7,2612,7,2635,6,2598,7,2589,6,2627,7,2675,7,2716,6,2743,6,2712,7,2718,7,2635,7,2675,6,2608,6,2552,6,2611,6,2658,6,2592,7,2708,7,2699,7,2823,7,2820,6,2687,6,2668,6,2722,6,2646,6,2572,7,2606,7,2679,6,2705,6,2737,7,2683,6,2717,7,2724,6,2707,6,2754,6,2683,7
,0:36:00,37,2369,6,2363,7,2347,7,2355,7,2420,6,2304,6,2304,7,2366,6,2399,7,2433,7,2378,6,2384,7,2621,6,2634,6,2608,7,2600,7,2648,7,2685,7,2726,6,2742,6,2713,7,2724,7,2648,7,2685,7,2603,6,2565,6,2620,7,2675,7,2597,7,2709,6,2722,7,2826,6,2825,7,2698,6,2686,7,2716,6,2646,7,2585,6,2620,6,2698,7,2698,6,2737,7,2686,7,2726,6,2729,6,2714,6,2770,7,2685,6
,0:40:00,37,2374,7,2364,6,2345,7,2365,6,2418,6,2318,6,2301,6,2366,7,2410,7,2443,7,2375,7,2375,7,2607,6,2640,6,2620,7,2595,7,2641,7,2686,7,2725,6,2733,7,2709,6,2709,7,2648,6,2694,6,2606,7,2567,7,2610,7,2663,7,2595,6,2710,6,2697,7,2827,7,2829,7,2696,6,2682,6,2708,7,2645,7,2589,6,2619,6,2693,7,2706,7,2732,7,2675,7,2722,6,2726,7,2727,6,2776,7,2696,6
,0:44:00,37,2368,7,2363,7,2352,6,2377,7,2424,7,2312,6,2304,7,2373,6,2405,7,2442,6,2374,7,2395,6,2620,6,2645,6,2611,7,2600,6,2646,7,2676,7,2720,7,2741,6,2707,7,2720,7,2636,7,2687,6,2610,6,2568,6,2630,7,2677,7,2587,6,2718,7,2702,6,2823,7,2829,7,2700,6,2681,6,2723,6,2653,6,2580,7,2611,5,2698,7,2705,6,2747,6,2682,6,2728,6,2721,7,2726,6,2774,6,2694,6
,0:48:00,37,2371,6,2380,6,2345,6,2368,7,2428,7,2321,7,2301,7,2370,7,2410,7,2451,6,2376,7,2397,7,2619,6,2640,6,2620,7,2605,6,2649,7,2698,6,2728,6,2756,6,2718,7,2713,7,2633,6,2701,6,2626,6,2569,6,2642,6,2675,6,2596,7,2708,6,2719,6,2830,7,2838,6,2700,7,2670,7,2724,6,2651,6,2585,6,2629,6,2694,7,2721,7,2752,6,2684,6,2726,6,2746,7,2717,6,2775,6,2699,7
,0:52:00,37,2371,6,2366,6,2348,7,2374,6,2440,6,2309,6,2296,7,2368,6,2413,7,2444,7,2374,6,2398,7,2618,6,2648,6,2619,6,2588,7,2662,7,2693,7,2720,6,2746,6,2709,7,2722,6,2652,7,2702,7,2617,7,2574,7,2639,6,2686,7,2601,6,2700,7,2726,7,2837,7,2831,6,2702,7,2678,7,2726,6,2648,6,2593,6,2632,7,2703,7,2721,6,2755,7,2698,7,2719,6,2742,6,2720,6,2781,7,2700,6
,0:56:00,37,2369,7,2362,7,2347,6,2367,6,2432,7,2326,7,2308,7,2365,7,2403,6,2442,6,2387,6,2382,6,2620,6,2644,6,2619,6,2599,7,2646,7,2685,6,2725,7,2746,6,2731,7,2719,7,2645,7,2691,6,2619,6,2560,7,2629,6,2676,6,2604,6,2703,7,2717,7,2836,6,2832,7,2713,7,2676,6,2720,7,2657,6,2593,6,2628,6,2694,7,2706,7,2757,6,2701,7,2724,7,2734,6,2724,6,2785,6,2695,6
,1:00:00,37.1,2373,6,2372,6,2346,6,2372,7,2418,7,2316,7,2302,6,2373,7,2415,6,2450,7,2369,6,2390,6,2622,6,2638,7,2619,6,2605,7,2646,6,2687,6,2724,6,2740,7,2708,6,2729,7,2642,7,2699,7,2622,6,2561,6,2634,6,2680,6,2604,6,2707,7,2711,7,2824,6,2849,6,2701,7,2673,7,2733,6,2665,6,2592,7,2629,6,2703,7,2729,6,2755,6,2688,6,2722,7,2737,7,2724,6,2768,7,2703,7
,1:04:00,37,2371,6,2363,7,2354,6,2372,7,2426,7,2316,7,2296,7,2366,6,2404,6,2456,6,2377,7,2389,6,2626,6,2642,6,2616,7,2587,6,2656,7,2690,6,2738,6,2742,6,2729,7,2723,6,2644,7,2697,6,2628,6,2567,6,2649,7,2688,7,2601,6,2707,7,2724,7,2823,6,2832,7,2705,6,2682,7,2734,6,2650,6,2595,6,2628,7,2712,6,2716,6,2758,6,2691,6,2721,6,2741,6,2715,6,2767,6,2690,6
,1:08:00,37,2366,6,2357,6,2348,6,2365,7,2427,6,2323,6,2297,7,2360,6,2407,7,2439,6,2384,6,2390,7,2629,7,2647,6,2621,6,2592,6,2668,6,2686,6,2722,7,2751,7,2721,8,2727,6,2631,7,2699,6,2624,6,2557,6,2643,6,2683,6,2604,6,2712,7,2713,6,2832,7,2836,6,2711,6,2684,6,2727,6,2653,7,2602,6,2631,6,2705,6,2728,7,2756,8,2698,7,2731,6,2742,6,2734,6,2783,6,2709,6
,1:12:00,37,2379,6,2361,6,2347,6,2383,6,2425,6,2325,7,2308,7,2371,6,2410,7,2461,7,2390,6,2396,6,2616,6,2645,6,2638,7,2599,7,2660,6,2697,7,2734,6,2747,6,2719,7,2732,6,2639,7,2708,6,2634,6,2557,6,2647,6,2684,7,2608,7,2710,7,2728,6,2843,7,2839,6,2708,6,2677,6,2723,6,2650,6,2604,7,2630,7,2726,6,2727,6,2755,7,2697,6,2728,7,2744,6,2735,6,2784,6,2698,6
,1:16:00,37,2370,7,2368,6,2351,7,2367,6,2436,7,2316,7,2307,6,2376,7,2414,7,2461,8,2394,7,2396,6,2615,7,2646,6,2630,6,2593,7,2652,6,2689,7,2734,7,2752,7,2724,7,2738,6,2643,7,2694,6,2632,7,2567,7,2645,7,2687,6,2606,7,2713,7,2727,6,2828,7,2840,7,2716,7,2674,6,2733,6,2661,7,2601,6,2627,6,2710,7,2714,6,2762,7,2709,6,2737,6,2745,7,2727,6,2791,7,2717,6
,1:20:00,37,2371,6,2368,7,2346,6,2376,6,2428,7,2329,7,2302,7,2377,7,2417,7,2455,7,2385,6,2385,6,2621,6,2652,6,2626,7,2603,7,2659,7,2692,6,2729,6,2750,6,2729,7,2734,7,2644,6,2699,7,2619,6,2568,7,2640,6,2680,6,2597,7,2712,6,2726,7,2847,6,2835,7,2705,6,2676,5,2733,6,2655,6,2591,7,2627,7,2715,7,2718,6,2757,7,2697,7,2732,7,2759,6,2733,6,2786,6,2702,6
,1:24:00,37,2372,6,2361,6,2350,7,2366,7,2426,6,2326,7,2298,6,2369,6,2418,7,2451,7,2394,6,2389,6,2624,6,2651,6,2629,6,2594,6,2672,7,2692,6,2738,6,2749,7,2733,6,2743,7,2655,7,2698,6,2636,6,2568,7,2645,6,2687,7,2595,6,2708,6,2719,6,2824,6,2842,6,2719,6,2666,7,2725,6,2661,6,2590,7,2630,7,2712,7,2732,7,2762,6,2705,7,2726,6,2753,6,2737,6,2776,6,2705,6
,1:28:00,37,2366,6,2357,6,2357,7,2373,6,2432,7,2319,7,2305,6,2371,7,2416,7,2455,7,2390,6,2401,6,2611,7,2658,6,2630,6,2592,6,2648,6,2693,6,2728,6,2746,7,2726,6,2744,6,2634,6,2710,6,2623,6,2565,7,2650,6,2689,7,2604,6,2718,6,2738,7,2841,7,2834,6,2711,6,2674,6,2732,7,2663,6,2592,6,2634,6,2712,6,2729,7,2762,7,2695,6,2734,6,2740,6,2727,6,2774,7,2697,6
,1:32:00,37,2373,6,2376,6,2354,6,2366,6,2436,7,2326,6,2310,7,2378,7,2416,7,2458,6,2390,6,2405,7,2624,6,2653,6,2637,6,2596,7,2666,6,2700,7,2738,6,2747,6,2737,7,2749,7,2649,6,2708,7,2634,7,2579,6,2650,7,2707,7,2596,6,2716,6,2739,7,2840,6,2846,7,2702,6,2682,6,2734,6,2650,6,2602,7,2628,7,2715,6,2714,7,2764,6,2716,6,2731,7,2751,6,2735,6,2783,6,2703,7
,1:36:00,37,2366,6,2360,7,2351,7,2373,7,2430,6,2325,6,2313,7,2370,7,2406,7,2465,7,2396,7,2394,7,2617,6,2661,6,2622,6,2598,7,2661,7,2697,7,2736,7,2750,7,2720,7,2736,6,2643,6,2709,6,2633,7,2566,6,2657,6,2685,6,2599,7,2710,7,2727,7,2837,6,2843,7,2714,6,2672,7,2731,6,2657,6,2599,7,2626,7,2715,7,2731,7,2761,6,2700,6,2736,6,2738,6,2727,6,2780,7,2711,6
,1:40:00,37,2368,6,2368,6,2345,6,2359,6,2440,7,2333,6,2306,7,2362,7,2409,7,2447,6,2398,7,2404,7,2626,6,2647,6,2636,7,2598,7,2666,7,2686,6,2727,6,2733,7,2735,6,2734,7,2650,6,2697,7,2636,6,2566,6,2656,7,2697,6,2599,7,2719,7,2731,7,2832,7,2836,6,2706,6,2678,7,2742,6,2659,6,2600,6,2645,6,2713,6,2730,6,2774,6,2707,6,2741,7,2756,7,2730,6,2778,7,2723,6
,1:44:00,37,2371,7,2362,6,2347,7,2368,7,2436,6,2329,7,2305,6,2371,7,2414,7,2461,6,2392,6,2404,6,2630,7,2667,6,2637,6,2596,7,2668,7,2692,7,2737,6,2736,7,2731,6,2747,7,2643,7,2704,7,2625,6,2571,6,2651,7,2691,6,2591,6,2708,7,2729,6,2834,6,2843,7,2715,7,2679,6,2739,6,2661,6,2598,7,2634,6,2709,7,2733,6,2766,6,2703,6,2726,6,2755,6,2722,6,2789,6,2710,6
,1:48:00,37.1,2377,6,2366,6,2351,6,2376,6,2427,7,2322,6,2305,6,2376,6,2408,6,2465,6,2392,7,2402,6,2631,7,2666,6,2630,6,2600,6,2655,6,2700,6,2742,6,2756,7,2743,7,2736,6,2644,6,2702,7,2632,6,2561,6,2647,6,2705,7,2604,6,2712,7,2730,7,2835,6,2845,7,2714,6,2676,6,2725,6,2664,7,2606,6,2637,6,2716,7,2726,7,2762,6,2715,6,2733,6,2760,7,2745,6,2774,6,2713,6
,1:52:00,37,2369,7,2365,7,2351,7,2373,6,2435,6,2334,7,2303,7,2380,7,2407,6,2463,6,2386,7,2384,7,2630,6,2653,6,2634,7,2599,8,2662,7,2689,6,2732,6,2741,7,2737,7,2734,6,2643,6,2708,6,2627,7,2567,6,2651,6,2706,6,2608,7,2712,6,2729,6,2828,6,2833,7,2720,6,2673,6,2727,6,2660,6,2600,6,2630,7,2729,7,2725,6,2761,6,2707,6,2732,6,2748,7,2747,6,2781,6,2706,6
,1:56:00,37,2377,6,2370,6,2355,6,2375,7,2430,7,2326,6,2302,6,2378,6,2415,7,2458,6,2393,7,2401,6,2641,6,2657,6,2637,6,2600,7,2662,6,2706,6,2734,6,2749,7,2742,7,2749,7,2651,6,2710,7,2630,6,2565,6,2652,6,2695,6,2602,6,2713,7,2737,7,2834,6,2846,6,2719,6,2670,7,2731,7,2663,6,2599,6,2651,6,2718,6,2732,6,2764,6,2703,6,2729,7,2754,6,2735,6,2783,7,2712,6
,2:00:00,37,2378,6,2375,6,2356,7,2371,6,2437,7,2330,7,2300,7,2376,7,2423,6,2470,6,2398,6,2397,7,2631,6,2669,7,2638,6,2600,7,2675,6,2720,6,2735,7,2742,6,2738,6,2741,6,2646,7,2706,6,2634,6,2570,6,2653,7,2694,7,2615,6,2716,7,2730,6,2838,7,2840,6,2720,6,2679,7,2735,7,2661,6,2593,6,2642,6,2717,7,2737,6,2769,6,2710,6,2733,7,2762,6,2732,6,2783,6,2719,6
,2:04:00,37,2374,6,2372,7,2354,6,2377,6,2436,7,2317,6,2299,6,2379,6,2422,6,2457,7,2392,7,2401,7,2625,6,2665,6,2630,6,2594,7,2662,6,2699,7,2736,6,2739,7,2737,6,2746,7,2642,7,2712,6,2631,7,2573,6,2651,6,2705,6,2606,7,2715,6,2730,7,2826,7,2842,6,2715,6,2676,6,2733,6,2668,6,2592,6,2641,6,2723,6,2723,7,2762,6,2720,7,2728,6,2757,6,2731,6,2783,6,2713,6
,2:08:00,37.1,2370,6,2366,6,2351,6,2356,7,2433,6,2320,6,2305,7,2373,6,2413,7,2462,6,2399,6,2396,7,2618,6,2656,7,2635,6,2589,6,2670,7,2703,7,2728,7,2738,6,2728,6,2732,6,2639,6,2698,5,2625,6,2560,6,2649,6,2705,7,2603,7,2709,6,2730,7,2825,6,2840,6,2706,6,2678,6,2728,6,2655,7,2598,6,2624,6,2712,6,2727,6,2769,6,2701,6,2732,6,2749,7,2725,7,2785,6,2711,6
,2:12:00,37,2364,6,2372,6,2346,6,2367,6,2436,7,2321,7,2294,7,2369,6,2408,6,2460,6,2388,6,2390,6,2626,6,2656,7,2619,6,2595,6,2662,6,2692,6,2729,6,2733,7,2721,6,2736,7,2632,6,2697,6,2615,6,2562,6,2646,5,2682,7,2591,7,2700,6,2722,7,2834,7,2832,7,2709,6,2681,6,2736,6,2665,6,2587,6,2636,7,2717,7,2719,6,2756,7,2704,7,2736,7,2741,6,2730,6,2780,7,2696,6
,2:16:00,37,2365,6,2371,6,2348,7,2364,7,2424,7,2331,6,2300,7,2365,7,2404,6,2456,7,2402,6,2394,6,2624,6,2652,7,2628,6,2604,6,2649,6,2700,6,2730,6,2738,7,2728,6,2733,7,2636,7,2701,7,2628,7,2564,6,2656,7,2680,7,2600,6,2703,7,2728,7,2829,6,2833,7,2712,6,2677,7,2720,6,2648,7,2599,6,2624,6,2717,6,2730,7,2761,7,2690,6,2732,7,2750,7,2727,6,2790,6,2715,7
,2:20:00,37,2351,6,2368,6,2344,6,2360,6,2434,6,2325,6,2305,7,2375,7,2421,7,2459,6,2404,6,2402,6,2631,6,2664,7,2628,6,2587,6,2655,7,2698,6,2731,6,2736,7,2738,7,2741,6,2641,7,2708,7,2621,6,2565,7,2647,7,2698,7,2588,6,2718,7,2738,7,2836,7,2839,7,2705,6,2683,7,2738,7,2662,6,2596,7,2631,7,2723,6,2728,6,2770,7,2714,7,2729,6,2740,6,2744,6,2798,6,2712,6
,2:24:00,37,2373,6,2371,6,2343,6,2373,6,2445,7,2326,6,2309,7,2373,6,2413,6,2462,6,2403,7,2401,7,2624,7,2657,7,2627,7,2594,7,2661,6,2693,7,2728,6,2739,7,2726,6,2732,6,2642,7,2711,6,2638,6,2565,6,2654,6,2698,7,2604,7,2713,6,2725,6,2830,7,2848,7,2730,7,2669,6,2734,6,2661,6,2609,7,2634,7,2721,6,2732,7,2772,6,2703,6,2732,6,2757,7,2736,6,2795,7,2707,7
,2:28:00,37,2379,6,2365,6,2352,6,2374,7,2449,7,2334,7,2301,6,2381,7,2407,6,2467,7,2403,6,2395,6,2629,6,2668,6,2639,7,2598,7,2683,6,2706,7,2738,7,2750,6,2738,7,2752,6,2634,6,2701,6,2639,6,2575,7,2646,7,2702,7,2605,6,2720,6,2749,8,2843,7,2843,6,2721,6,2670,7,2736,6,2667,6,2606,6,2647,7,2730,6,2728,6,2778,6,2718,7,2738,7,2757,7,2736,6,2802,6,2711,6
,2:32:00,37,2365,6,2378,6,2345,7,2372,6,2432,6,2322,7,2306,7,2376,7,2413,6,2469,6,2415,6,2403,7,2621,6,2681,6,2632,7,2587,6,2667,6,2702,7,2727,7,2742,7,2732,6,2743,6,2633,7,2712,7,2628,7,2559,6,2658,7,2703,7,2604,7,2718,7,2734,6,2835,6,2839,6,2718,7,2663,6,2730,7,2657,6,2600,6,2630,6,2731,6,2726,6,2769,6,2702,6,2727,6,2757,6,2731,6,2784,7,2711,6
,2:36:00,37,2373,5,2363,6,2357,7,2365,7,2426,7,2327,6,2304,6,2378,6,2415,6,2467,7,2391,6,2401,7,2633,6,2662,6,2631,7,2605,7,2672,7,2703,7,2726,6,2742,7,2738,6,2741,7,2644,6,2707,6,2636,7,2570,6,2652,6,2696,6,2599,6,2713,6,2727,7,2830,6,2836,7,2703,6,2678,6,2712,6,2666,7,2600,6,2636,6,2720,6,2729,7,2770,7,2711,6,2740,7,2753,6,2732,6,2786,6,2706,6
,2:40:00,37,2369,6,2369,7,2353,6,2372,6,2429,7,2320,6,2310,6,2387,6,2419,6,2457,7,2393,7,2398,6,2641,6,2655,6,2638,7,2595,7,2673,6,2710,6,2720,6,2744,7,2743,7,2738,6,2651,7,2703,6,2630,6,2569,6,2650,6,2700,7,2609,6,2699,7,2743,7,2831,6,2841,6,2709,6,2685,6,2730,6,2652,7,2607,6,2632,6,2709,6,2731,6,2773,6,2702,6,2734,7,2749,6,2731,6,2789,6,2713,6
,2:44:00,37,2373,6,2369,6,2355,6,2360,7,2432,7,2325,7,2305,6,2391,6,2406,7,2461,6,2405,7,2398,6,2623,6,2666,6,2637,6,2591,6,2669,7,2709,7,2739,7,2737,7,2737,6,2738,7,2648,7,2698,7,2623,7,2574,6,2650,7,2696,7,2607,6,2713,7,2728,6,2830,6,2838,6,2722,6,2674,6,2732,6,2661,7,2605,6,2643,6,2716,6,2734,6,2764,6,2710,6,2725,7,2754,7,2735,7,2791,6,2698,6
,2:48:00,37.1,2378,6,2372,7,2358,6,2363,6,2435,7,2325,6,2306,7,2382,6,2425,6,2456,7,2412,7,2392,7,2640,6,2666,7,2633,6,2586,7,2662,7,2714,6,2730,6,2740,6,2730,7,2745,6,2645,8,2716,6,2622,6,2577,6,2657,6,2700,7,2599,7,2731,7,2733,6,2842,7,2828,7,2705,7,2673,6,2733,6,2660,7,2601,6,2640,6,2723,7,2734,7,2765,6,2711,7,2736,7,2751,7,2735,6,2790,6,2706,6
,2:52:00,37,2373,6,2372,6,2363,7,2368,6,2436,7,2328,7,2309,7,2378,7,2414,6,2471,7,2396,7,2402,7,2630,6,2672,6,2642,6,2594,7,2666,6,2701,6,2738,6,2752,7,2733,7,2737,6,2642,6,2711,6,2633,7,2577,6,2646,6,2703,6,2609,7,2709,7,2735,7,2823,6,2849,7,2723,5,2665,6,2732,6,2654,6,2611,6,2635,6,2719,7,2718,6,2773,7,2707,7,2738,6,2748,6,2729,6,2779,6,2700,6
,2:56:00,37,2378,6,2370,6,2362,7,2367,6,2433,6,2323,7,2303,7,2370,6,2426,7,2468,7,2410,6,2413,6,2641,7,2665,6,2639,7,2592,6,2667,6,2708,6,2729,6,2737,6,2736,6,2749,6,2651,7,2713,6,2638,6,2573,6,2654,6,2718,7,2597,6,2710,6,2726,7,2831,7,2837,6,2719,6,2677,7,2731,6,2676,6,2610,7,2634,6,2733,7,2743,6,2780,7,2707,6,2743,7,2752,7,2719,6,2789,6,2714,7
,3:00:00,37,2367,6,2374,6,2356,7,2375,6,2432,7,2321,6,2302,6,2382,7,2416,7,2467,7,2407,7,2404,6,2636,6,2662,6,2633,6,2592,6,2683,7,2709,7,2734,6,2739,7,2741,7,2751,7,2639,7,2713,6,2638,6,2571,7,2657,7,2705,6,2603,7,2704,6,2729,6,2833,6,2839,7,2718,6,2661,6,2735,6,2659,7,2608,6,2639,6,2725,7,2736,6,2769,7,2715,6,2743,6,2760,6,2732,7,2787,6,2697,6
,3:04:00,37,2369,6,2375,6,2349,7,2367,6,2450,7,2335,6,2307,6,2376,6,2410,7,2469,7,2398,7,2402,6,2629,6,2663,6,2643,6,2588,7,2675,7,2707,7,2738,7,2744,6,2734,7,2738,6,2639,7,2714,6,2633,5,2575,6,2659,7,2701,7,2611,6,2712,7,2733,7,2831,7,2844,7,2726,6,2694,6,2729,6,2667,6,2609,6,2638,6,2722,7,2738,7,2783,6,2708,7,2744,6,2762,6,2734,6,2797,6,2716,7
,3:08:00,37,2377,6,2381,7,2348,6,2377,6,2449,6,2325,7,2308,7,2374,7,2418,7,2468,6,2402,6,2403,6,2624,6,2668,7,2641,6,2601,7,2677,6,2707,6,2740,6,2739,6,2741,6,2746,7,2643,7,2710,7,2649,7,2572,6,2655,6,2706,6,2601,6,2714,6,2727,6,2835,7,2834,7,2728,6,2674,7,2736,6,2670,6,2605,6,2644,6,2726,6,2726,6,2773,6,2720,6,2749,6,2757,6,2726,6,2778,6,2709,5
,3:12:00,37,2372,6,2370,6,2347,6,2368,6,2435,6,2325,6,2304,6,2382,7,2404,7,2457,7,2403,7,2402,6,2636,7,2659,7,2631,7,2601,6,2675,7,2697,6,2729,6,2742,7,2748,6,2736,6,2646,7,2702,6,2633,6,2564,6,2655,6,2701,7,2601,6,2713,6,2739,6,2829,7,2838,6,2738,6,2680,6,2727,6,2660,7,2608,6,2641,7,2724,7,2734,6,2766,6,2720,6,2733,6,2748,7,2737,5,2790,7,2710,6
,3:16:00,37,2368,6,2376,6,2346,7,2370,7,2433,7,2330,6,2300,6,2379,7,2414,6,2466,7,2402,6,2396,7,2626,6,2665,6,2626,6,2571,7,2676,7,2696,6,2730,6,2734,7,2732,6,2740,6,2638,6,2710,6,2628,6,2559,6,2652,7,2698,7,2596,6,2713,6,2724,6,2820,6,2824,7,2723,6,2675,6,2736,6,2648,6,2599,6,2638,6,2713,7,2728,7,2765,6,2720,6,2729,7,2752,6,2735,6,2787,6,2697,6
,3:20:00,37,2357,6,2378,6,2350,7,2365,6,2433,6,2315,7,2298,6,2374,7,2412,7,2463,7,2403,7,2393,7,2620,7,2652,7,2631,6,2589,7,2670,7,2697,6,2736,6,2743,6,2734,7,2739,7,2649,7,2707,6,2633,7,2552,6,2647,7,2693,7,2610,6,2705,6,2728,6,2827,7,2839,7,2713,6,2669,6,2732,6,2658,7,2603,6,2635,6,2716,6,2734,7,2764,6,2709,7,2728,7,2750,6,2739,6,2781,7,2706,7
,3:24:00,37,2374,6,2367,7,2347,6,2377,7,2438,6,2324,6,2307,7,2377,7,2413,6,2470,7,2400,6,2395,7,2632,7,2675,7,2644,6,2587,7,2661,7,2697,6,2737,7,2752,7,2741,6,2742,6,2641,7,2704,6,2635,6,2567,6,2653,7,2703,6,2607,6,2719,6,2736,6,2828,6,2841,7,2712,6,2676,6,2714,6,2660,6,2594,6,2638,7,2721,6,2737,6,2764,7,2704,6,2739,6,2758,7,2731,6,2786,7,2709,6
,3:28:00,37,2377,6,2376,6,2348,6,2376,7,2437,6,2334,7,2305,6,2383,7,2422,6,2466,6,2400,7,2397,7,2623,6,2665,6,2645,6,2588,7,2668,7,2700,6,2734,7,2727,6,2739,7,2745,6,2649,6,2713,6,2635,6,2570,7,2655,7,2695,6,2600,6,2709,6,2735,7,2831,7,2837,6,2729,6,2663,7,2733,6,2647,7,2599,6,2647,6,2731,7,2729,6,2771,6,2711,6,2737,6,2753,6,2732,6,2792,6,2706,6
,3:32:00,37.1,2367,6,2383,7,2348,7,2375,6,2440,7,2329,7,2304,6,2379,6,2418,7,2479,7,2407,7,2394,7,2633,6,2665,6,2649,6,2597,7,2679,7,2715,6,2734,6,2745,6,2738,7,2753,7,2643,7,2731,6,2629,7,2574,6,2657,6,2716,7,2613,6,2723,7,2742,6,2833,6,2837,6,2724,6,2680,7,2734,7,2652,7,2607,6,2645,6,2730,6,2722,6,2778,6,2720,7,2735,6,2753,7,2728,6,2794,6,2719,6
,3:36:00,37,2377,6,2372,6,2353,6,2370,7,2442,7,2323,7,2307,7,2381,7,2408,6,2472,7,2400,8,2403,6,2638,6,2671,6,2637,6,2592,7,2671,6,2697,6,2727,6,2735,7,2737,7,2735,7,2653,7,2712,6,2629,5,2570,6,2660,7,2712,7,2611,6,2716,6,2739,7,2837,7,2846,6,2726,6,2680,6,2740,6,2676,6,2606,6,2637,7,2726,7,2731,7,2770,6,2718,6,2744,6,2753,7,2739,7,2799,6,2717,6
,3:40:00,37,2370,7,2371,7,2352,6,2370,7,2444,6,2328,7,2308,7,2377,6,2414,6,2477,6,2407,6,2394,6,2631,7,2665,6,2645,7,2595,7,2660,6,2711,6,2732,6,2747,7,2735,6,2749,7,2649,6,2714,7,2629,7,2571,6,2655,6,2702,7,2607,7,2716,7,2744,6,2832,7,2840,6,2727,6,2677,7,2736,6,2656,6,2593,6,2636,6,2718,7,2731,7,2762,6,2715,7,2735,6,2748,6,2725,6,2804,6,2697,7
,3:44:00,37,2375,6,2374,6,2360,6,2370,7,2421,7,2320,6,2309,6,2366,7,2419,7,2466,7,2405,7,2399,6,2632,6,2670,6,2636,7,2582,7,2673,7,2703,6,2724,6,2743,6,2739,7,2748,6,2637,7,2715,6,2626,7,2567,6,2660,7,2702,7,2611,6,2702,6,2735,7,2839,6,2844,6,2712,6,2677,6,2740,7,2661,6,2604,5,2639,7,2729,7,2734,6,2766,6,2716,7,2733,6,2751,6,2728,6,2783,6,2701,6
,3:48:00,37,2376,6,2380,6,2352,6,2364,6,2442,6,2331,6,2310,7,2377,7,2409,6,2472,7,2412,6,2397,7,2631,7,2660,6,2633,6,2584,6,2675,6,2708,6,2736,6,2745,6,2739,7,2735,6,2650,7,2708,6,2630,6,2567,7,2664,7,2701,7,2614,6,2711,6,2728,7,2830,6,2827,7,2712,6,2679,7,2721,7,2664,6,2610,6,2640,7,2723,7,2733,7,2776,6,2707,6,2743,6,2746,7,2735,6,2783,7,2714,6
,3:52:00,37.1,2360,6,2372,6,2357,7,2370,7,2436,6,2326,6,2305,7,2364,6,2400,6,2466,6,2400,6,2405,6,2629,6,2667,6,2641,6,2586,6,2675,6,2693,7,2721,6,2741,6,2734,7,2746,7,2634,7,2701,6,2632,6,2567,7,2651,6,2699,7,2605,6,2707,6,2730,6,2830,6,2830,7,2713,6,2665,7,2733,6,2660,6,2604,6,2639,6,2713,6,2738,6,2768,6,2720,7,2729,6,2755,7,2744,6,2801,6,2702,6
,3:56:00,37,2365,6,2383,6,2353,6,2371,7,2438,7,2335,6,2307,6,2373,6,2418,7,2476,7,2407,7,2398,7,2634,6,2668,6,2641,6,2593,7,2675,6,2694,6,2737,6,2739,7,2737,6,2740,7,2644,7,2714,6,2635,6,2575,6,2657,7,2706,7,2612,6,2708,6,2726,6,2831,7,2844,7,2733,6,2679,6,2727,6,2675,6,2608,6,2639,6,2722,6,2725,7,2768,7,2714,7,2740,6,2756,6,2733,6,2802,7,2708,6
,4:00:00,37,2371,6,2368,7,2362,6,2366,7,2447,7,2334,7,2312,6,2385,6,2424,8,2469,7,2400,6,2405,6,2639,6,2662,6,2637,6,2593,6,2675,6,2712,7,2734,7,2742,6,2728,6,2742,7,2649,7,2708,6,2635,6,2563,6,2659,7,2708,7,2616,6,2722,6,2740,7,2835,6,2850,7,2725,7,2671,7,2738,6,2663,7,2598,6,2659,7,2724,7,2748,6,2768,6,2720,7,2739,6,2754,6,2737,7,2804,6,2704,6
,4:04:00,37,2369,6,2379,6,2360,7,2363,6,2448,7,2333,7,2318,6,2381,6,2412,6,2468,7,2403,7,2404,7,2633,7,2669,6,2644,6,2598,7,2674,6,2709,7,2735,6,2746,6,2742,7,2749,7,2637,7,2716,6,2639,6,2566,6,2653,7,2701,7,2612,6,2712,6,2732,7,2835,7,2845,7,2713,6,2672,6,2730,6,2664,7,2608,7,2650,6,2728,6,2736,6,2772,6,2721,7,2746,6,2757,6,2735,7,2793,5,2715,6
,4:08:00,37,2373,6,2373,7,2352,6,2367,6,2435,7,2332,7,2300,6,2394,7,2421,7,2473,6,2405,6,2402,6,2640,6,2667,7,2624,6,2596,6,2679,6,2715,7,2746,6,2742,6,2757,7,2741,6,2640,7,2707,6,2643,6,2568,6,2662,6,2709,7,2618,6,2711,6,2733,7,2831,7,2846,6,2726,7,2683,6,2737,6,2661,6,2606,6,2641,7,2721,6,2736,7,2764,6,2709,6,2744,7,2760,6,2741,6,2795,6,2708,5
,4:12:00,37,2371,7,2373,6,2352,6,2377,6,2440,7,2329,6,2311,6,2385,6,2418,7,2476,7,2407,6,2412,7,2630,6,2668,6,2642,7,2598,7,2680,6,2713,6,2737,6,2749,7,2741,7,2755,6,2645,7,2719,7,2637,7,2573,6,2659,6,2709,7,2616,6,2713,6,2733,7,2846,6,2846,6,2728,6,2674,6,2728,6,2658,7,2614,6,2658,6,2729,7,2741,6,2768,6,2727,6,2746,7,2750,6,2739,6,2784,6,2711,6
,4:16:00,37,2375,6,2381,6,2365,6,2377,6,2453,6,2333,7,2308,7,2378,6,2413,7,2478,7,2403,7,2402,6,2639,7,2675,6,2632,7,2591,7,2680,7,2717,6,2745,6,2752,6,2740,6,2753,6,2646,7,2715,7,2632,7,2571,6,2673,6,2711,7,2611,6,2712,7,2746,6,2827,6,2841,7,2734,6,2679,6,2755,6,2661,7,2602,6,2644,6,2726,7,2736,7,2785,7,2720,6,2727,7,2767,7,2720,6,2793,6,2710,7
,4:20:00,37.1,2373,6,2375,7,2353,6,2369,6,2436,7,2331,7,2320,7,2375,7,2423,7,2463,6,2413,6,2404,6,2641,6,2667,6,2642,6,2587,7,2672,6,2692,6,2731,6,2748,7,2737,7,2748,6,2654,6,2715,6,2627,6,2567,7,2666,6,2709,6,2606,7,2713,6,2736,6,2826,6,2844,7,2726,6,2677,7,2741,6,2660,6,2602,6,2636,6,2720,6,2739,6,2770,6,2715,7,2743,6,2762,7,2747,6,2798,6,2712,6
,4:24:00,37,2371,6,2372,6,2349,6,2371,7,2423,6,2331,7,2307,7,2374,7,2420,6,2468,6,2400,6,2403,6,2633,6,2670,6,2632,6,2587,7,2670,6,2701,7,2724,7,2744,6,2738,7,2746,6,2641,6,2713,6,2635,7,2572,6,2649,6,2701,6,2608,7,2709,6,2730,6,2816,7,2841,6,2724,6,2662,7,2724,6,2660,6,2593,6,2648,6,2722,6,2732,6,2780,6,2707,6,2735,6,2764,7,2746,6,2783,7,2697,6
,4:28:00,37,2364,6,2370,7,2346,6,2369,6,2427,6,2324,7,2305,7,2380,6,2410,6,2469,7,2401,6,2396,7,2628,6,2665,6,2635,6,2593,6,2676,6,2708,7,2728,7,2741,7,2742,7,2747,6,2644,6,2717,6,2627,6,2560,7,2657,7,2701,6,2607,6,2715,6,2727,7,2817,7,2842,7,2706,6,2673,7,2727,7,2659,6,2604,6,2635,6,2716,6,2727,7,2760,6,2717,7,2738,6,2746,6,2746,7,2797,6,2714,5
,4:32:00,37,2373,7,2374,6,2347,6,2371,6,2434,7,2332,6,2319,6,2384,6,2420,7,2475,7,2414,7,2405,6,2641,6,2670,6,2647,7,2594,6,2666,7,2706,6,2737,6,2746,6,2744,7,2749,7,2649,6,2717,6,2641,6,2569,6,2662,6,2715,7,2611,6,2711,6,2738,7,2824,6,2847,6,2717,7,2677,6,2730,7,2665,6,2612,7,2648,6,2723,6,2732,6,2779,7,2721,7,2739,6,2761,7,2729,6,2798,6,2709,6
,4:36:00,37,2372,6,2369,6,2350,7,2378,6,2435,6,2342,7,2310,6,2384,7,2419,7,2469,7,2418,7,2406,6,2634,6,2677,6,2642,6,2597,6,2680,6,2701,7,2737,6,2744,7,2735,7,2747,6,2652,7,2712,7,2635,6,2575,7,2652,6,2700,6,2613,6,2716,6,2743,7,2847,7,2844,7,2727,6,2671,6,2739,6,2666,6,2609,7,2641,6,2724,7,2735,6,2779,7,2714,6,2742,6,2766,6,2733,5,2797,7,2712,6
,4:40:00,37,2366,7,2375,6,2358,6,2374,6,2438,7,2327,7,2319,7,2381,7,2416,7,2474,6,2419,7,2417,7,2641,6,2665,6,2649,6,2588,6,2676,6,2722,6,2749,6,2767,6,2749,6,2740,6,2646,6,2718,6,2633,6,2574,6,2660,6,2711,6,2613,6,2715,6,2734,6,2830,7,2840,7,2721,6,2687,7,2738,6,2666,6,2612,6,2651,7,2730,6,2748,6,2773,6,2733,6,2745,7,2762,6,2743,6,2796,6,2719,6
,4:44:00,37.1,2370,6,2375,6,2358,6,2368,7,2441,7,2333,7,2310,7,2380,7,2412,7,2471,6,2417,7,2411,6,2642,6,2673,6,2640,7,2587,7,2678,6,2715,7,2730,6,2749,7,2745,6,2761,7,2640,7,2723,6,2632,6,2564,6,2664,6,2723,6,2616,6,2710,7,2737,6,2836,6,2845,6,2727,6,2667,6,2731,6,2665,6,2606,7,2643,6,2729,7,2740,7,2769,7,2715,7,2753,6,2759,6,2735,6,2802,7,2715,6
,4:48:00,37,2377,6,2363,6,2345,6,2374,6,2434,6,2336,7,2311,7,2384,6,2417,6,2474,7,2404,6,2399,7,2634,7,2669,6,2640,7,2594,7,2676,6,2699,6,2734,6,2740,7,2732,7,2747,6,2642,6,2718,6,2637,6,2576,7,2661,6,2714,6,2604,6,2715,7,2740,6,2831,7,2845,6,2729,7,2675,6,2728,6,2663,6,2606,6,2640,6,2720,7,2732,6,2778,6,2711,6,2749,6,2757,6,2740,6,2798,6,2707,6
,4:52:00,37,2375,6,2389,6,2352,6,2379,7,2433,6,2328,7,2312,6,2373,7,2417,6,2470,7,2411,7,2399,6,2642,7,2676,6,2639,6,2590,7,2678,6,2708,7,2740,6,2748,6,2750,6,2757,6,2642,6,2713,6,2632,6,2566,5,2662,6,2715,6,2611,7,2721,6,2745,7,2841,7,2848,7,2728,6,2673,6,2731,7,2661,6,2607,6,2651,6,2721,7,2746,7,2772,7,2724,6,2745,6,2764,6,2740,6,2807,6,2716,6
,4:56:00,37,2370,6,2370,6,2353,7,2372,7,2439,6,2341,6,2302,7,2390,7,2414,7,2463,6,2408,7,2408,6,2636,6,2676,6,2635,6,2596,7,2671,6,2709,7,2734,6,2752,6,2742,6,2738,6,2647,7,2706,6,2631,7,2573,7,2650,6,2697,6,2614,7,2706,6,2735,7,2828,6,2840,7,2725,6,2678,7,2737,6,2657,6,2608,6,2647,7,2722,6,2732,7,2761,7,2722,6,2747,6,2749,6,2730,6,2791,6,2706,6
,5:00:00,37,2365,6,2376,7,2352,7,2370,6,2435,7,2344,6,2304,6,2381,6,2429,6,2475,6,2409,7,2398,7,2636,6,2673,6,2632,6,2591,7,2669,6,2704,6,2738,7,2730,6,2741,6,2746,7,2652,6,2710,7,2636,6,2583,7,2661,6,2714,6,2602,6,2714,7,2741,7,2815,6,2843,7,2724,6,2672,6,2725,7,2663,7,2614,6,2649,6,2728,7,2732,6,2777,7,2718,7,2746,6,2763,6,2740,7,2785,6,2702,6
,5:04:00,37,2376,6,2386,6,2360,6,2377,6,2436,7,2329,7,2318,7,2383,7,2417,7,2474,7,2416,7,2404,6,2633,7,2677,7,2648,6,2593,7,2680,6,2719,6,2739,6,2757,6,2742,7,2752,6,2636,7,2707,7,2640,6,2577,7,2662,7,2714,6,2610,6,2718,6,2732,6,2830,7,2842,7,2715,6,2682,7,2746,6,2664,7,2606,6,2648,7,2723,6,2747,6,2784,7,2714,6,2732,7,2760,7,2740,6,2802,6,2711,6
,5:08:00,37,2370,6,2384,6,2358,6,2369,6,2440,7,2338,6,2308,6,2376,6,2416,7,2475,7,2407,7,2410,7,2625,6,2673,6,2638,6,2599,7,2670,6,2720,6,2733,7,2741,6,2733,7,2741,6,2638,6,2713,6,2632,6,2565,7,2652,6,2704,6,2618,7,2718,6,2747,7,2827,7,2847,7,2720,7,2691,6,2727,6,2670,6,2611,6,2646,7,2718,6,2737,6,2773,6,2710,6,2749,6,2768,6,2731,6,2790,6,2721,6
,5:12:00,37,2384,7,2381,6,2361,6,2376,6,2443,6,2335,7,2310,6,2390,7,2414,6,2459,6,2412,6,2398,6,2646,7,2674,6,2637,7,2593,7,2677,6,2710,7,2732,7,2749,7,2744,6,2740,7,2643,7,2714,6,2636,6,2570,6,2666,6,2703,7,2613,6,2720,7,2740,6,2831,7,2829,7,2730,6,2676,6,2721,6,2653,6,2610,6,2648,6,2721,6,2735,7,2770,6,2716,7,2738,7,2755,6,2726,6,2793,6,2714,6
,5:16:00,37,2377,6,2379,6,2356,7,2367,6,2431,6,2341,6,2312,6,2391,7,2431,7,2476,7,2412,7,2397,6,2639,6,2677,6,2641,6,2597,7,2688,7,2715,7,2740,6,2752,6,2736,6,2759,6,2653,6,2717,6,2627,5,2570,6,2659,6,2719,6,2615,7,2722,6,2740,7,2843,7,2844,7,2718,6,2689,6,2736,6,2673,6,2610,6,2642,6,2724,7,2755,7,2774,6,2723,7,2745,6,2761,7,2735,6,2796,6,2704,6
,5:20:00,37,2368,6,2382,6,2359,6,2376,6,2438,7,2341,6,2313,6,2374,8,2437,6,2477,7,2412,6,2406,7,2642,7,2676,6,2640,6,2602,7,2688,7,2715,7,2744,6,2752,7,2740,6,2751,7,2636,7,2711,6,2639,6,2561,6,2667,6,2704,7,2612,6,2717,6,2738,6,2838,6,2836,7,2733,6,2680,6,2750,6,2662,6,2612,6,2647,6,2728,6,2735,6,2778,7,2717,6,2745,6,2759,7,2739,6,2801,6,2717,7
,5:24:00,37.1,2370,6,2381,6,2359,7,2375,6,2434,7,2344,6,2311,6,2393,7,2415,6,2483,7,2408,6,2406,7,2641,7,2683,6,2645,7,2597,7,2682,6,2721,7,2747,6,2752,7,2740,6,2751,7,2655,7,2710,6,2630,6,2566,6,2655,6,2707,6,2617,6,2716,7,2739,7,2838,6,2841,7,2718,6,2680,6,2733,7,2667,6,2609,6,2647,6,2726,7,2737,6,2773,6,2719,6,2735,7,2755,6,2742,7,2802,6,2721,6
,5:28:00,37.1,2371,7,2374,6,2358,7,2367,6,2430,6,2340,6,2308,6,2381,6,2410,7,2470,6,2410,6,2404,6,2635,6,2670,6,2642,6,2592,7,2688,6,2703,6,2728,6,2752,6,2741,7,2758,6,2638,7,2717,7,2635,7,2565,6,2664,7,2708,7,2617,6,2720,6,2730,7,2846,7,2842,6,2728,6,2683,6,2731,6,2658,6,2607,7,2638,6,2723,6,2737,6,2769,6,2724,6,2742,7,2759,6,2747,6,2790,6,2709,6
,5:32:00,37,2371,5,2384,6,2350,6,2373,6,2438,6,2332,7,2304,6,2378,6,2432,7,2471,7,2417,7,2397,6,2637,6,2683,7,2638,6,2587,6,2680,7,2712,7,2728,7,2749,7,2733,7,2745,6,2648,6,2712,7,2641,7,2567,6,2667,6,2705,7,2613,7,2714,6,2744,6,2829,7,2848,6,2730,6,2681,6,2743,6,2672,6,2609,6,2641,7,2726,7,2727,6,2787,7,2729,6,2738,7,2767,6,2736,6,2790,6,2716,6
,5:36:00,37,2372,6,2380,6,2357,6,2365,7,2438,6,2338,7,2314,6,2395,7,2417,6,2480,6,2414,6,2411,7,2649,6,2671,6,2639,7,2589,7,2672,7,2712,6,2740,7,2753,7,2765,6,2747,6,2651,6,2715,6,2631,7,2573,6,2662,7,2714,6,2610,7,2705,6,2747,7,2840,7,2852,7,2719,6,2680,6,2732,6,2664,6,2604,7,2652,7,2723,6,2743,6,2776,6,2730,6,2750,6,2765,7,2742,7,2789,6,2709,7
,5:40:00,37.1,2372,7,2376,6,2352,6,2374,7,2430,7,2337,7,2321,7,2388,7,2432,7,2480,6,2416,7,2421,7,2640,6,2675,6,2648,7,2593,7,2684,7,2715,7,2744,6,2750,7,2746,6,2756,7,2645,6,2718,6,2641,6,2575,7,2670,7,2721,7,2613,6,2733,6,2749,7,2842,6,2837,7,2734,6,2676,6,2731,6,2667,6,2603,6,2649,6,2732,6,2741,7,2769,6,2709,6,2755,6,2762,5,2731,7,2793,6,2714,6
,5:44:00,37,2379,7,2370,6,2369,6,2374,6,2433,7,2340,7,2312,7,2395,7,2418,6,2485,6,2417,6,2403,6,2645,6,2676,6,2654,7,2585,6,2676,6,2723,6,2740,6,2762,6,2750,7,2748,7,2654,6,2720,6,2633,6,2579,6,2664,6,2710,7,2623,7,2727,7,2735,7,2841,7,2862,7,2723,6,2689,6,2740,7,2665,7,2624,7,2656,6,2728,6,2747,6,2775,6,2725,6,2752,7,2758,6,2735,6,2801,6,2720,6
,5:48:00,37,2375,6,2391,6,2365,7,2380,6,2446,7,2327,7,2312,7,2387,6,2426,6,2472,6,2412,6,2402,6,2644,6,2686,6,2654,7,2593,6,2688,7,2713,7,2740,6,2742,7,2750,7,2744,6,2653,7,2724,6,2639,7,2570,6,2668,7,2715,6,2618,6,2719,6,2749,8,2834,6,2846,7,2729,6,2680,7,2741,7,2659,6,2608,7,2646,6,2721,6,2748,6,2784,6,2718,6,2748,6,2759,6,2749,6,2798,6,2721,6
,5:52:00,37.1,2376,6,2391,7,2359,6,2382,6,2442,7,2336,7,2317,7,2389,7,2424,7,2486,7,2415,7,2406,7,2641,6,2679,6,2646,7,2596,7,2684,6,2706,7,2742,7,2748,7,2749,7,2755,6,2654,6,2720,6,2635,6,2576,6,2665,6,2716,6,2627,6,2717,6,2733,7,2841,6,2845,6,2721,7,2681,6,2755,6,2671,7,2607,7,2644,7,2733,6,2738,6,2777,6,2718,6,2746,6,2749,7,2744,6,2804,6,2715,6
,5:56:00,37,2373,6,2381,6,2352,7,2377,7,2436,7,2335,6,2306,7,2384,7,2422,7,2488,6,2409,6,2408,6,2638,6,2687,6,2649,6,2587,6,2693,7,2708,7,2740,7,2755,6,2747,7,2762,7,2645,7,2715,6,2634,7,2583,6,2672,6,2711,7,2628,6,2722,7,2739,7,2829,7,2844,6,2730,7,2688,6,2742,6,2665,6,2610,6,2657,7,2729,7,2743,6,2777,7,2727,7,2738,6,2771,6,2742,6,2802,6,2726,6
,6:00:00,37,2374,6,2387,6,2359,6,2379,7,2442,6,2336,6,2319,6,2396,6,2422,7,2477,7,2417,7,2399,6,2645,6,2690,6,2646,6,2593,6,2681,6,2719,7,2740,6,2750,7,2744,7,2742,6,2647,6,2712,6,2639,6,2580,5,2672,7,2721,6,2629,6,2720,6,2740,7,2851,6,2850,6,2734,7,2685,7,2735,6,2673,6,2619,6,2641,7,2734,7,2743,6,2779,6,2719,7,2745,6,2771,7,2750,6,2803,6,2707,6
,6:04:00,37,2386,7,2388,6,2365,6,2386,7,2443,7,2335,7,2316,6,2386,6,2424,7,2475,6,2414,6,2425,7,2643,5,2681,6,2653,6,2588,6,2680,6,2712,6,2747,6,2743,7,2741,6,2745,6,2649,7,2721,6,2641,7,2580,6,2666,6,2718,6,2621,6,2725,6,2745,6,2839,6,2845,6,2739,6,2672,7,2741,6,2668,6,2610,6,2644,6,2735,7,2746,6,2782,6,2726,6,2749,7,2771,6,2751,6,2812,6,2719,7
,6:08:00,37,2380,6,2384,6,2363,6,2371,6,2445,6,2344,6,2321,7,2399,7,2422,7,2481,6,2419,6,2407,7,2645,6,2682,7,2649,6,2602,7,2692,7,2719,7,2749,6,2752,7,2752,6,2771,6,2653,7,2720,6,2633,7,2580,6,2665,7,2713,6,2620,7,2727,7,2739,6,2842,6,2843,7,2727,6,2680,6,2742,6,2674,7,2621,6,2651,7,2730,7,2743,7,2789,6,2725,6,2743,7,2760,6,2754,6,2816,6,2727,6
,6:12:00,37.1,2371,6,2386,6,2367,6,2387,7,2445,6,2345,7,2316,6,2390,7,2426,7,2479,6,2414,7,2412,7,2647,7,2672,6,2643,7,2600,7,2679,6,2719,6,2745,6,2752,7,2743,7,2765,7,2651,7,2722,6,2639,6,2590,7,2673,7,2712,6,2626,6,2724,7,2740,7,2847,6,2858,7,2745,6,2685,6,2740,5,2663,6,2623,6,2658,6,2733,6,2748,6,2782,7,2733,6,2745,6,2770,6,2745,6,2811,6,2723,7
,6:16:00,37,2385,6,2388,6,2361,6,2378,6,2447,7,2345,7,2324,7,2392,7,2440,7,2490,7,2411,6,2411,7,2642,7,2681,6,2646,7,2601,6,2684,6,2727,6,2746,7,2758,7,2757,6,2765,7,2656,7,2716,6,2643,6,2587,6,2676,6,2714,6,2633,6,2726,7,2760,6,2847,6,2851,6,2735,6,2679,7,2739,6,2679,6,2613,6,2656,6,2732,7,2743,7,2791,7,2727,7,2748,7,2772,6,2744,6,2806,6,2721,6
,6:20:00,37,2384,6,2381,7,2359,6,2380,6,2441,6,2344,7,2315,6,2405,7,2419,6,2479,6,2423,6,2410,6,2646,7,2680,6,2650,7,2600,6,2686,6,2717,7,2744,6,2745,7,2746,6,2758,7,2649,6,2728,6,2645,7,2579,6,2672,6,2710,7,2626,7,2733,6,2756,6,2846,6,2864,6,2739,5,2681,6,2732,6,2668,6,2609,6,2654,6,2733,6,2755,7,2779,7,2720,6,2744,6,2771,7,2748,6,2800,6,2725,6
,6:24:00,37,2383,7,2387,6,2364,7,2385,6,2450,6,2344,6,2312,6,2396,6,2442,7,2489,7,2419,7,2412,6,2657,6,2691,6,2650,7,2607,7,2687,7,2715,7,2757,7,2746,7,2754,7,2776,6,2659,7,2728,6,2640,6,2582,6,2672,6,2726,7,2628,6,2724,6,2744,6,2837,7,2857,6,2732,7,2696,6,2741,6,2674,6,2632,6,2666,6,2734,7,2751,7,2779,6,2714,6,2753,6,2775,7,2753,6,2816,6,2729,6
,6:28:00,37,2380,7,2379,7,2368,6,2384,7,2446,6,2351,6,2320,6,2393,7,2429,7,2485,6,2402,6,2413,6,2650,6,2685,6,2649,7,2598,7,2684,7,2727,7,2750,7,2756,7,2751,6,2749,7,2642,7,2731,6,2642,6,2581,6,2672,6,2715,6,2616,7,2725,6,2746,7,2839,7,2846,6,2734,7,2686,6,2743,6,2668,6,2607,7,2650,7,2748,7,2756,6,2781,6,2725,7,2745,6,2761,7,2738,6,2805,6,2724,6
,6:32:00,37,2375,7,2385,6,2357,7,2371,6,2440,6,2337,7,2328,6,2388,6,2418,7,2477,7,2411,6,2399,6,2643,6,2677,7,2642,7,2611,7,2678,6,2718,6,2745,6,2747,6,2745,6,2759,7,2648,6,2719,6,2646,6,2577,6,2671,6,2713,6,2634,7,2719,6,2746,6,2832,6,2853,7,2721,6,2685,7,2737,6,2667,6,2608,6,2652,6,2728,7,2734,6,2787,6,2728,7,2748,7,2777,6,2740,6,2805,6,2720,6
,6:36:00,37,2377,6,2381,6,2360,7,2386,6,2438,7,2351,6,2308,6,2391,6,2428,7,2482,7,2412,6,2410,7,2640,7,2675,6,2648,7,2601,6,2685,7,2710,8,2740,7,2746,7,2745,6,2759,6,2645,6,2723,7,2637,7,2566,6,2668,6,2711,6,2622,6,2726,6,2746,6,2830,6,2855,7,2732,6,2686,7,2753,7,2664,6,2619,6,2655,6,2727,7,2738,7,2771,7,2730,7,2750,6,2772,6,2745,6,2798,7,2727,7
,6:40:00,37,2377,6,2391,6,2362,7,2379,7,2438,6,2345,7,2317,7,2389,7,2433,7,2490,6,2421,6,2418,6,2653,7,2688,6,2654,7,2605,6,2691,6,2726,6,2753,6,2761,6,2761,7,2755,6,2664,7,2722,6,2637,7,2586,6,2674,6,2716,6,2635,6,2725,7,2748,6,2830,6,2863,7,2747,6,2685,6,2737,6,2681,6,2614,6,2649,7,2728,6,2745,6,2785,6,2727,7,2754,7,2767,7,2756,6,2796,6,2725,6
,6:44:00,37,2375,7,2394,6,2365,6,2381,7,2449,7,2350,6,2318,6,2394,7,2442,7,2482,6,2425,6,2432,6,2657,6,2693,6,2650,6,2606,7,2684,6,2711,6,2748,6,2753,6,2745,8,2762,6,2657,6,2728,6,2643,6,2584,6,2670,6,2725,7,2632,7,2725,7,2752,7,2836,7,2858,7,2738,6,2695,6,2752,7,2673,7,2624,6,2651,6,2730,7,2762,6,2785,6,2728,6,2760,6,2781,6,2738,6,2815,6,2733,6
,6:48:00,37,2376,7,2391,6,2368,6,2384,7,2438,6,2348,7,2322,6,2396,7,2435,6,2488,6,2423,7,2413,7,2654,6,2697,6,2658,6,2599,6,2702,6,2730,6,2749,6,2759,6,2753,6,2755,7,2668,6,2724,7,2649,6,2579,7,2677,6,2723,6,2627,6,2723,6,2752,7,2855,6,2856,6,2742,6,2688,6,2747,7,2682,6,2614,6,2668,6,2735,6,2759,7,2793,7,2730,6,2748,6,2776,6,2747,6,2803,7,2731,6
,6:52:00,37,2376,6,2392,7,2360,6,2390,7,2450,7,2347,7,2305,6,2402,7,2436,6,2484,6,2426,6,2417,7,2650,6,2692,6,2654,7,2606,7,2697,7,2728,6,2745,6,2769,7,2747,6,2774,6,2650,7,2738,6,2643,7,2574,6,2676,6,2733,7,2640,6,2717,7,2755,7,2832,6,2855,6,2737,6,2700,5,2751,6,2677,6,2611,7,2660,7,2731,6,2751,7,2788,6,2728,7,2746,7,2774,7,2753,6,2813,6,2724,6
,6:56:00,37,2383,6,2392,6,2369,7,2392,6,2453,6,2346,7,2323,6,2394,7,2422,6,2487,7,2415,6,2413,6,2650,7,2689,6,2658,7,2603,7,2684,7,2710,6,2755,6,2764,7,2753,7,2760,6,2654,7,2731,6,2635,6,2579,6,2678,6,2718,6,2626,6,2727,7,2746,7,2842,6,2862,6,2732,6,2683,6,2756,6,2674,7,2614,6,2649,6,2733,7,2744,6,2784,7,2731,6,2748,7,2770,6,2752,6,2798,6,2717,6
,7:00:00,37.1,2381,7,2382,6,2365,6,2380,7,2442,6,2342,7,2323,6,2385,7,2423,6,2482,6,2428,6,2429,6,2642,6,2684,6,2644,6,2590,7,2695,6,2717,7,2746,7,2751,7,2747,7,2766,7,2655,7,2718,6,2648,7,2580,6,2670,6,2716,7,2621,7,2728,7,2738,7,2840,6,2856,7,2739,6,2695,6,2749,5,2680,6,2614,6,2660,6,2732,6,2753,7,2778,6,2734,6,2749,7,2764,7,2757,6,2803,7,2707,6
,7:04:00,37,2377,6,2393,6,2352,7,2372,6,2454,6,2342,6,2315,6,2388,6,2438,7,2489,7,2420,7,2414,7,2650,6,2691,6,2652,7,2603,6,2693,7,2729,7,2745,6,2776,7,2760,7,2757,7,2640,6,2730,6,2644,6,2592,5,2672,6,2716,6,2635,7,2723,6,2752,6,2841,7,2855,7,2743,6,2676,6,2739,6,2670,6,2609,6,2662,6,2738,7,2748,6,2771,6,2726,7,2736,6,2770,7,2745,6,2814,6,2731,7
,7:08:00,37.1,2376,6,2384,7,2365,6,2393,7,2454,7,2354,7,2318,7,2391,7,2439,7,2477,7,2421,7,2410,6,2646,7,2685,7,2641,6,2603,6,2693,6,2717,6,2749,7,2756,7,2756,7,2776,7,2646,6,2717,7,2647,6,2583,6,2676,6,2728,7,2627,6,2720,6,2757,7,2836,6,2849,7,2730,6,2686,6,2737,6,2674,6,2624,7,2657,6,2739,6,2738,6,2788,6,2727,6,2754,6,2771,6,2754,6,2806,7,2720,6
,7:12:00,37,2365,6,2388,6,2365,6,2376,6,2449,7,2340,7,2319,6,2393,6,2444,7,2488,7,2415,6,2415,7,2641,6,2690,7,2650,6,2602,6,2680,7,2714,6,2742,7,2758,7,2747,7,2752,6,2650,7,2727,7,2643,6,2576,6,2681,7,2720,6,2623,7,2727,6,2756,7,2844,7,2854,7,2735,7,2692,6,2749,6,2671,6,2616,6,2657,6,2742,7,2746,7,2779,6,2729,7,2761,7,2767,7,2741,6,2809,6,2717,6
,7:16:00,37,2378,6,2391,7,2366,6,2377,7,2449,6,2342,7,2323,7,2404,6,2427,7,2484,6,2425,7,2410,7,2651,6,2679,6,2647,7,2611,7,2692,6,2712,5,2739,6,2756,7,2742,6,2747,6,2651,6,2728,6,2636,7,2575,6,2669,6,2719,7,2620,6,2736,7,2746,7,2830,6,2852,7,2745,6,2688,6,2743,6,2667,5,2619,7,2646,6,2733,6,2742,7,2780,7,2726,6,2748,6,2771,7,2740,6,2809,7,2719,6
,7:20:00,37,2382,6,2393,6,2366,6,2387,7,2454,6,2346,7,2324,6,2391,7,2427,6,2478,6,2423,6,2416,6,2643,7,2697,7,2653,7,2602,7,2699,6,2706,6,2756,6,2764,6,2757,7,2768,7,2651,7,2719,6,2650,6,2579,6,2669,6,2712,7,2627,6,2733,6,2740,6,2847,6,2850,6,2737,6,2689,6,2740,6,2677,6,2611,6,2663,6,2733,7,2753,7,2792,7,2737,6,2753,7,2770,6,2749,7,2807,6,2724,6
,7:24:00,37,2381,6,2393,6,2369,6,2382,6,2444,6,2340,7,2308,7,2391,7,2422,6,2482,6,2423,6,2413,7,2656,6,2692,6,2653,6,2593,6,2688,7,2717,7,2760,7,2742,6,2761,7,2765,6,2651,6,2726,7,2651,6,2577,6,2662,6,2719,7,2624,6,2728,6,2758,7,2834,7,2859,7,2730,6,2688,6,2728,7,2680,7,2617,6,2647,7,2733,7,2741,6,2781,7,2738,7,2749,6,2773,7,2745,6,2810,6,2718,6
,7:28:00,37,2387,6,2384,6,2358,7,2387,6,2442,7,2345,7,2312,7,2398,7,2433,6,2492,7,2423,6,2423,6,2647,7,2683,6,2651,7,2607,7,2690,7,2727,7,2758,7,2755,7,2745,7,2771,6,2657,6,2716,6,2641,7,2585,6,2674,6,2719,6,2628,7,2725,6,2758,7,2845,7,2867,7,2733,6,2685,6,2737,6,2669,6,2618,7,2661,6,2738,6,2761,6,2778,6,2728,6,2756,7,2782,7,2747,6,2813,7,2729,6
,7:32:00,37,2382,7,2382,7,2371,6,2379,7,2449,6,2338,7,2324,7,2405,6,2426,7,2489,7,2416,7,2415,7,2653,6,2679,6,2656,6,2615,6,2688,7,2728,7,2752,6,2759,7,2747,7,2755,6,2667,7,2711,7,2645,6,2589,6,2677,7,2724,6,2635,6,2724,6,2753,6,2847,6,2854,8,2739,6,2684,6,2743,6,2673,6,2616,6,2653,7,2734,7,2751,7,2786,6,2735,7,2754,6,2777,7,2750,6,2817,7,2726,7
,7:36:00,37,2377,6,2388,7,2361,7,2387,7,2446,6,2348,7,2318,6,2401,7,2437,7,2488,7,2415,6,2418,6,2649,7,2688,6,2649,6,2603,7,2701,7,2726,6,2748,6,2759,6,2746,6,2760,6,2646,7,2722,6,2648,7,2586,6,2671,7,2719,7,2632,7,2716,6,2749,7,2837,7,2860,6,2747,7,2693,7,2746,6,2682,6,2619,6,2658,6,2733,6,2752,7,2786,6,2737,6,2748,6,2772,7,2756,6,2800,7,2732,6
,7:40:00,36.9,2374,6,2387,6,2367,7,2376,7,2439,6,2346,7,2324,6,2392,7,2419,6,2472,7,2421,6,2418,6,2654,6,2685,7,2646,6,2604,6,2688,6,2716,7,2737,7,2754,6,2750,6,2760,7,2648,7,2723,7,2654,6,2580,6,2667,7,2713,7,2626,7,2728,6,2750,7,2848,7,2847,6,2742,6,2681,7,2742,6,2673,6,2615,6,2650,6,2733,7,2753,7,2777,7,2734,6,2746,7,2785,6,2752,7,2806,6,2725,6
,7:44:00,37,2385,6,2379,6,2368,6,2392,6,2447,7,2346,7,2320,7,2396,7,2425,6,2477,6,2422,6,2408,6,2647,6,2677,7,2645,6,2592,6,2696,6,2721,6,2754,6,2738,6,2746,7,2762,6,2658,7,2732,7,2648,6,2584,6,2678,6,2713,6,2633,6,2724,7,2740,6,2836,7,2856,6,2730,6,2682,6,2746,7,2678,6,2617,6,2657,6,2739,6,2749,6,2776,6,2732,6,2747,6,2768,7,2743,6,2807,7,2712,6
,7:48:00,37,2387,6,2386,7,2371,7,2392,7,2445,6,2346,7,2326,7,2402,7,2428,7,2484,6,2420,6,2409,6,2651,7,2680,6,2644,7,2614,7,2700,6,2728,6,2739,7,2753,6,2755,6,2770,6,2649,7,2727,6,2649,6,2586,6,2672,6,2718,7,2632,6,2734,6,2753,6,2843,7,2843,6,2743,6,2686,7,2747,6,2669,6,2618,6,2668,6,2730,7,2749,6,2782,7,2735,6,2747,6,2777,6,2742,7,2815,6,2722,5
,7:52:00,37,2382,6,2392,7,2382,6,2384,6,2451,7,2341,7,2323,6,2396,7,2435,6,2490,7,2430,7,2420,7,2655,6,2695,6,2644,6,2599,7,2700,6,2720,6,2756,6,2765,7,2765,6,2773,6,2659,6,2732,6,2650,7,2586,6,2679,7,2729,7,2642,6,2733,6,2754,7,2851,6,2853,7,2739,6,2691,6,2742,6,2672,6,2618,7,2660,6,2748,6,2739,6,2785,6,2732,6,2749,6,2771,7,2747,6,2806,7,2726,7
,7:56:00,37.1,2382,6,2386,6,2364,6,2386,7,2447,7,2350,6,2333,7,2398,6,2438,7,2491,6,2429,7,2420,6,2662,6,2692,6,2652,6,2604,7,2694,6,2725,7,2733,7,2765,6,2753,7,2770,7,2667,7,2727,6,2640,6,2590,6,2663,6,2722,6,2640,7,2733,6,2761,7,2856,6,2855,7,2744,6,2691,7,2745,5,2682,6,2619,6,2660,6,2742,7,2762,6,2775,5,2736,6,2758,7,2767,6,2749,6,2805,6,2733,7
,8:00:00,37.1,2382,6,2393,6,2371,6,2384,7,2447,7,2346,6,2325,7,2402,7,2442,6,2478,6,2426,7,2423,6,2652,6,2682,6,2648,6,2615,7,2693,7,2721,6,2746,6,2754,6,2757,8,2754,7,2664,6,2732,6,2652,6,2588,6,2671,6,2726,5,2632,7,2737,7,2754,7,2837,6,2858,7,2740,6,2690,6,2746,6,2679,6,2610,7,2649,6,2729,7,2757,6,2783,6,2727,6,2759,6,2786,6,2748,6,2814,6,2730,6
,8:04:00,37,2370,6,2386,6,2370,6,2385,6,2444,6,2349,7,2329,7,2398,6,2437,7,2482,7,2427,6,2422,6,2646,6,2688,6,2648,7,2598,6,2688,6,2720,7,2746,6,2751,6,2759,7,2768,6,2659,6,2725,7,2645,6,2587,6,2673,6,2711,6,2636,6,2724,6,2750,7,2840,7,2852,7,2734,6,2698,6,2740,6,2673,6,2610,6,2663,6,2739,6,2750,6,2783,6,2725,5,2741,7,2774,7,2743,6,2800,7,2725,7
,8:08:00,37,2384,6,2392,6,2371,6,2386,7,2456,6,2349,7,2320,7,2395,7,2434,7,2495,6,2433,6,2414,6,2663,7,2693,6,2656,7,2596,7,2705,7,2710,7,2752,6,2756,7,2756,6,2756,6,2659,7,2728,6,2646,7,2585,7,2681,7,2727,6,2637,6,2730,7,2768,7,2842,7,2865,6,2738,6,2698,6,2732,6,2671,7,2619,6,2660,6,2749,6,2758,6,2795,6,2733,6,2763,7,2777,7,2758,7,2815,6,2719,6
,8:12:00,36.9,2380,6,2402,6,2365,6,2379,6,2444,6,2342,6,2316,6,2398,6,2436,7,2493,7,2422,6,2427,6,2636,6,2695,6,2652,7,2599,6,2694,6,2716,6,2754,6,2762,7,2754,7,2765,6,2663,6,2730,7,2638,6,2590,6,2681,6,2722,7,2625,6,2725,6,2746,7,2839,7,2860,6,2750,6,2692,7,2744,6,2668,7,2620,6,2651,7,2728,7,2760,6,2781,6,2717,7,2761,6,2771,7,2742,6,2803,6,2713,6
,8:16:00,37.1,2380,6,2405,6,2372,7,2380,6,2445,6,2352,6,2327,7,2409,7,2439,7,2493,6,2428,6,2410,6,2659,6,2691,6,2658,6,2596,6,2700,6,2726,7,2748,6,2765,8,2764,7,2770,7,2663,6,2727,6,2649,6,2592,7,2678,6,2724,7,2631,6,2730,6,2746,7,2838,6,2855,6,2739,6,2690,6,2740,6,2676,7,2636,7,2668,6,2747,6,2750,6,2791,6,2729,6,2752,6,2774,7,2753,7,2803,6,2725,6
,8:20:00,37,2390,7,2397,6,2369,7,2380,6,2456,7,2349,6,2330,6,2405,7,2443,6,2496,6,2432,6,2426,6,2654,6,2691,6,2660,6,2607,7,2692,7,2726,7,2751,6,2751,6,2763,7,2763,6,2658,6,2732,7,2651,7,2589,6,2684,7,2726,6,2639,7,2732,6,2756,7,2843,6,2863,7,2745,6,2692,6,2744,6,2685,6,2623,6,2660,7,2738,6,2759,7,2794,6,2735,6,2751,7,2776,6,2743,6,2812,6,2718,6
,8:24:00,37,2386,7,2394,6,2374,7,2390,7,2457,6,2348,7,2320,7,2401,7,2433,7,2489,7,2438,7,2428,6,2655,7,2681,6,2657,7,2605,6,2693,7,2733,6,2761,6,2754,6,2763,7,2769,6,2658,7,2720,6,2657,6,2591,6,2689,7,2726,7,2635,6,2714,6,2754,7,2844,7,2857,7,2749,6,2698,6,2753,6,2679,6,2620,6,2661,6,2744,7,2759,7,2794,6,2740,6,2748,6,2776,6,2766,6,2807,6,2728,6
,8:28:00,37,2375,7,2403,6,2380,7,2380,7,2453,7,2357,7,2319,7,2400,7,2438,7,2488,6,2429,7,2420,7,2653,6,2708,6,2658,6,2601,7,2695,6,2726,6,2752,6,2768,7,2759,7,2765,6,2665,6,2729,7,2652,7,2596,6,2685,7,2725,7,2638,6,2718,6,2760,6,2848,7,2866,7,2746,7,2701,7,2746,6,2677,7,2620,6,2660,7,2756,7,2752,7,2793,7,2733,6,2751,6,2779,7,2761,6,2805,7,2724,6
,8:32:00,37,2386,6,2392,6,2379,7,2397,7,2454,7,2344,7,2325,7,2399,7,2433,6,2491,7,2432,7,2432,6,2657,6,2685,6,2665,7,2604,7,2691,7,2709,6,2759,7,2762,6,2750,6,2770,7,2677,7,2734,7,2656,6,2595,7,2675,7,2734,7,2641,7,2741,7,2759,7,2848,6,2867,7,2743,6,2695,6,2749,6,2677,6,2621,6,2660,6,2740,6,2766,7,2784,6,2720,7,2757,7,2783,7,2749,6,2826,6,2730,6
,8:36:00,37,2382,7,2387,6,2379,6,2384,7,2460,7,2352,7,2330,6,2396,6,2429,7,2499,7,2433,7,2433,6,2658,6,2695,6,2641,7,2612,7,2688,7,2730,6,2747,7,2769,7,2751,7,2767,6,2659,7,2727,6,2655,6,2587,7,2677,7,2717,7,2638,6,2731,6,2757,7,2846,7,2860,6,2742,6,2702,7,2740,6,2682,7,2624,6,2669,6,2725,6,2767,6,2784,6,2738,6,2751,6,2780,6,2763,6,2816,6,2722,6
,8:40:00,37,2391,6,2394,7,2374,6,2387,7,2456,6,2353,6,2319,7,2402,7,2451,7,2483,6,2420,6,2421,6,2653,6,2688,6,2658,7,2598,7,2689,7,2727,7,2746,6,2757,6,2757,7,2764,6,2650,6,2722,6,2650,6,2581,7,2670,6,2719,7,2620,7,2729,7,2750,6,2844,7,2852,6,2739,6,2714,6,2747,6,2677,7,2615,6,2665,6,2743,7,2758,7,2790,6,2730,6,2760,7,2772,6,2754,6,2811,6,2721,7
,8:44:00,37,2386,6,2398,6,2375,6,2382,6,2447,6,2352,7,2318,6,2396,6,2431,7,2480,7,2427,7,2415,6,2660,7,2706,6,2653,6,2604,6,2697,6,2722,7,2744,6,2755,7,2746,6,2776,6,2659,7,2728,6,2643,6,2580,6,2678,6,2725,6,2645,7,2730,7,2744,6,2844,6,2871,7,2741,7,2699,6,2764,6,2677,7,2611,5,2662,6,2733,7,2752,6,2787,6,2735,6,2753,6,2785,6,2750,6,2809,6,2728,6
,8:48:00,37,2387,6,2390,6,2365,7,2376,6,2451,7,2356,7,2325,6,2408,8,2442,7,2490,6,2417,7,2419,6,2647,6,2676,6,2644,6,2596,7,2685,7,2728,6,2748,6,2759,6,2750,8,2766,6,2653,6,2725,6,2653,6,2582,6,2669,6,2716,6,2636,6,2731,6,2746,7,2843,6,2849,6,2733,7,2702,6,2740,6,2676,6,2616,6,2653,6,2742,6,2749,6,2787,7,2735,6,2757,6,2770,7,2747,6,2799,6,2723,6
,8:52:00,37,2386,6,2398,6,2376,7,2399,7,2449,7,2353,7,2327,7,2406,6,2438,7,2492,6,2424,6,2415,7,2653,7,2692,7,2659,6,2611,7,2694,6,2721,7,2758,6,2760,6,2755,6,2774,6,2657,7,2723,6,2651,7,2592,6,2681,7,2733,7,2639,7,2738,7,2764,6,2848,6,2855,6,2748,6,2711,7,2745,6,2681,6,2622,6,2649,6,2741,7,2761,7,2802,6,2733,6,2764,6,2772,6,2753,6,2809,7,2730,5
,8:56:00,37,2394,6,2407,6,2371,7,2386,6,2453,7,2361,7,2332,7,2406,7,2450,7,2500,7,2434,6,2420,7,2661,6,2699,6,2662,6,2604,7,2701,7,2725,6,2754,7,2759,6,2775,6,2774,6,2665,7,2734,6,2654,6,2594,7,2679,6,2729,6,2644,6,2733,6,2762,6,2856,6,2871,6,2759,7,2702,7,2750,6,2683,6,2628,6,2669,6,2747,7,2752,6,2793,7,2741,6,2757,7,2782,7,2751,7,2813,6,2731,6
,9:00:00,37,2389,6,2409,6,2377,6,2390,7,2446,7,2357,7,2331,7,2417,6,2442,7,2487,7,2427,6,2420,7,2659,7,2697,7,2662,7,2609,6,2696,6,2731,6,2766,6,2771,6,2775,7,2770,6,2668,7,2738,7,2653,6,2601,6,2679,6,2724,7,2642,6,2732,6,2756,6,2856,7,2867,7,2744,6,2707,6,2763,6,2689,7,2617,6,2663,6,2742,6,2760,7,2790,7,2740,6,2752,7,2790,6,2762,6,2815,6,2734,7
,9:04:00,37.1,2390,6,2401,6,2380,6,2387,7,2451,7,2367,6,2321,7,2404,7,2444,6,2507,6,2419,6,2422,6,2656,7,2697,6,2654,7,2604,6,2696,6,2733,6,2759,6,2751,6,2755,7,2781,6,2661,5,2738,6,2647,7,2589,6,2679,6,2733,6,2639,6,2732,6,2752,7,2861,7,2869,6,2741,6,2700,7,2738,6,2671,6,2627,7,2667,7,2741,7,2750,7,2778,7,2742,7,2763,6,2784,7,2751,6,2825,6,2742,6
,9:08:00,37,2378,6,2400,7,2382,6,2383,7,2457,7,2347,7,2324,7,2394,7,2447,7,2490,7,2425,6,2416,6,2657,7,2687,6,2666,7,2606,7,2699,7,2724,7,2754,6,2757,6,2758,7,2767,7,2653,6,2732,7,2652,6,2586,6,2678,6,2727,7,2623,6,2738,7,2755,6,2838,7,2870,7,2749,7,2699,6,2744,6,2676,6,2616,6,2668,7,2758,7,2759,6,2792,6,2738,6,2747,6,2791,6,2747,6,2824,6,2726,6
,9:12:00,37,2386,6,2405,6,2367,7,2387,7,2445,6,2355,7,2331,6,2395,6,2444,6,2492,6,2425,6,2426,7,2659,7,2699,6,2660,6,2604,7,2692,6,2722,6,2758,7,2764,6,2765,7,2771,6,2665,7,2738,6,2655,6,2602,6,2675,6,2727,6,2647,6,2743,7,2767,7,2842,6,2864,6,2745,6,2693,6,2749,6,2676,7,2631,6,2649,6,2749,7,2761,6,2786,6,2739,6,2757,6,2789,6,2771,6,2819,6,2729,6
,9:16:00,37,2387,7,2396,6,2367,7,2385,6,2450,7,2358,6,2324,6,2403,6,2442,6,2496,7,2423,6,2411,6,2661,6,2691,5,2659,6,2607,6,2684,6,2725,7,2764,7,2761,7,2767,7,2765,6,2665,7,2732,6,2653,6,2599,6,2685,6,2722,7,2637,6,2731,6,2754,6,2845,6,2856,7,2738,7,2691,6,2739,7,2686,7,2624,6,2669,6,2736,7,2748,7,2791,6,2733,6,2764,7,2778,6,2745,6,2810,6,2729,6
,9:20:00,37,2391,6,2403,6,2371,6,2395,7,2458,6,2356,7,2320,6,2406,7,2443,6,2488,6,2430,7,2428,7,2670,6,2688,7,2664,6,2617,7,2698,7,2735,7,2756,6,2763,7,2757,6,2766,7,2661,6,2744,7,2657,7,2590,7,2680,6,2740,7,2646,6,2744,6,2751,7,2853,7,2860,6,2748,6,2696,7,2751,6,2676,6,2618,7,2671,6,2758,6,2755,6,2789,6,2736,6,2756,7,2785,6,2762,6,2819,7,2726,7
,9:24:00,37,2392,7,2407,6,2376,6,2392,6,2455,6,2348,7,2326,6,2400,6,2440,7,2488,6,2426,6,2422,6,2651,7,2695,6,2656,6,2603,7,2708,7,2720,6,2753,6,2766,6,2774,7,2773,6,2657,7,2733,6,2645,7,2593,6,2682,6,2723,6,2647,6,2719,6,2753,7,2840,7,2880,6,2738,6,2697,6,2741,6,2676,7,2620,6,2669,6,2747,7,2758,7,2801,6,2737,6,2768,6,2794,6,2757,6,2819,6,2718,6
,9:28:00,37.1,2384,6,2397,7,2372,6,2388,6,2463,6,2352,7,2327,7,2404,7,2439,6,2480,6,2424,7,2418,6,2654,6,2698,6,2652,6,2598,6,2700,7,2731,7,2769,7,2763,5,2768,7,2777,6,2667,7,2735,6,2654,6,2605,7,2684,6,2732,6,2640,7,2732,7,2753,6,2846,6,2863,7,2751,6,2695,7,2748,6,2679,6,2630,7,2655,6,2757,7,2767,6,2779,6,2741,6,2762,6,2780,6,2752,7,2806,7,2734,6
,9:32:00,37,2377,7,2393,5,2385,6,2392,6,2460,6,2352,7,2333,6,2404,7,2441,7,2493,6,2430,6,2420,6,2658,6,2689,6,2652,6,2609,7,2707,6,2727,7,2752,7,2769,7,2764,6,2769,6,2663,7,2726,6,2656,6,2595,7,2677,6,2729,7,2645,6,2728,6,2751,7,2849,6,2869,7,2738,6,2694,7,2761,6,2692,6,2632,6,2663,6,2746,7,2752,6,2801,6,2738,6,2763,6,2771,7,2767,6,2816,6,2726,7
,9:36:00,37.1,2383,6,2404,7,2374,6,2392,6,2453,6,2354,7,2332,7,2411,6,2444,6,2507,7,2431,7,2418,6,2659,6,2703,6,2656,6,2610,7,2700,7,2724,6,2766,6,2763,7,2765,7,2763,6,2666,6,2734,7,2648,7,2594,6,2674,6,2733,6,2643,6,2730,7,2765,6,2864,7,2870,7,2740,6,2705,6,2750,6,2686,7,2628,6,2659,6,2741,7,2768,7,2790,6,2738,6,2755,7,2783,7,2754,6,2813,6,2726,6
,9:40:00,37,2396,6,2399,7,2373,7,2396,7,2456,6,2357,6,2333,7,2417,7,2441,6,2484,6,2438,7,2429,6,2671,6,2700,6,2656,6,2610,7,2697,7,2724,6,2764,6,2765,7,2759,7,2767,6,2668,6,2742,7,2656,6,2611,6,2689,6,2739,6,2653,7,2738,7,2768,7,2858,6,2858,6,2737,6,2712,5,2755,6,2682,6,2628,6,2673,6,2752,6,2756,6,2801,7,2733,6,2765,7,2785,6,2751,6,2820,6,2737,6
,9:44:00,37,2392,6,2388,6,2381,6,2386,7,2462,7,2354,7,2333,6,2405,6,2440,6,2502,7,2422,6,2418,7,2664,6,2688,6,2656,7,2604,7,2696,7,2727,6,2758,6,2760,7,2764,7,2776,6,2662,6,2728,6,2654,6,2602,7,2681,6,2729,7,2641,6,2738,6,2752,6,2846,6,2875,7,2745,7,2703,7,2747,6,2669,6,2635,6,2656,6,2736,7,2757,7,2785,7,2737,6,2757,6,2772,6,2756,6,2810,7,2715,6
,9:48:00,37,2379,6,2386,6,2374,6,2388,6,2445,7,2356,6,2335,6,2414,6,2445,7,2496,6,2425,6,2415,7,2663,7,2686,7,2672,7,2613,7,2694,7,2724,6,2758,6,2769,6,2763,7,2765,6,2664,7,2735,6,2647,6,2589,6,2682,7,2714,6,2630,6,2738,7,2765,7,2839,6,2855,7,2744,6,2691,6,2747,6,2684,7,2624,6,2662,6,2739,7,2747,7,2791,7,2743,6,2762,6,2778,6,2740,6,2823,7,2729,6
,9:52:00,37,2388,6,2404,7,2365,7,2384,7,2442,7,2350,6,2326,6,2399,6,2438,6,2490,6,2422,6,2420,6,2667,6,2687,6,2649,7,2605,6,2691,7,2734,7,2750,6,2767,6,2764,7,2774,7,2652,6,2739,6,2649,6,2594,6,2675,6,2721,6,2643,6,2729,6,2749,7,2848,6,2858,7,2742,6,2694,7,2743,5,2683,6,2618,6,2664,6,2737,7,2745,6,2786,6,2731,7,2751,6,2776,6,2756,6,2804,6,2726,6
,9:56:00,37,2373,7,2392,7,2374,5,2383,7,2461,7,2348,6,2329,6,2396,7,2442,7,2494,7,2429,7,2415,7,2661,6,2694,6,2656,6,2613,6,2707,6,2727,6,2758,7,2756,7,2757,7,2772,6,2664,7,2728,6,2653,7,2599,6,2679,6,2729,7,2647,6,2744,6,2760,7,2847,6,2854,7,2742,6,2708,6,2744,6,2683,6,2629,7,2661,6,2752,7,2755,7,2789,7,2743,6,2759,7,2781,7,2749,6,2829,6,2719,6
,10:00:00,37,2397,6,2399,7,2384,6,2395,7,2457,7,2355,6,2318,7,2403,7,2446,6,2497,7,2440,6,2416,6,2662,7,2706,6,2659,6,2608,7,2704,6,2733,7,2758,6,2759,7,2761,7,2772,7,2668,6,2731,6,2658,6,2591,6,2690,7,2736,6,2642,6,2739,6,2763,7,2853,7,2864,7,2745,7,2704,7,2751,5,2677,6,2635,6,2665,6,2741,7,2761,6,2808,6,2748,6,2761,7,2782,6,2757,6,2813,6,2728,6
,10:04:00,37,2380,6,2398,6,2375,6,2393,7,2458,6,2360,7,2331,7,2409,7,2442,6,2491,7,2436,6,2426,6,2664,6,2690,6,2654,6,2616,7,2698,7,2721,6,2755,6,2767,7,2758,6,2773,6,2657,8,2734,7,2657,7,2609,6,2678,7,2726,6,2660,6,2745,6,2752,7,2861,7,2874,7,2751,6,2703,6,2747,6,2687,6,2626,6,2677,6,2742,6,2766,6,2793,6,2751,6,2762,6,2783,6,2756,6,2820,7,2725,6
,10:08:00,37,2393,6,2392,6,2366,6,2388,7,2458,6,2358,7,2329,7,2407,7,2431,6,2507,7,2429,6,2427,7,2660,6,2699,6,2660,6,2606,6,2703,7,2741,7,2759,6,2763,7,2762,6,2769,6,2658,6,2741,5,2665,6,2602,6,2682,6,2736,6,2635,7,2733,7,2763,6,2849,7,2866,7,2751,6,2691,6,2746,7,2692,7,2625,6,2668,6,2755,6,2754,6,2799,6,2738,6,2766,6,2780,7,2753,6,2820,6,2727,6
,10:12:00,37,2387,6,2403,7,2384,6,2391,6,2452,6,2348,7,2334,6,2413,6,2438,7,2493,6,2437,6,2419,7,2659,6,2694,6,2659,7,2605,7,2710,7,2736,6,2757,6,2766,6,2763,7,2780,6,2669,6,2739,6,2654,6,2603,6,2684,6,2731,6,2644,7,2733,6,2764,8,2856,8,2872,6,2737,6,2709,6,2744,6,2691,7,2623,6,2668,7,2739,7,2765,7,2794,6,2747,7,2761,7,2787,7,2760,6,2818,6,2732,6
,10:16:00,37,2393,6,2396,7,2378,7,2399,7,2461,7,2353,6,2322,7,2410,7,2446,7,2488,7,2428,7,2422,6,2663,6,2704,6,2663,6,2607,7,2699,6,2736,6,2764,7,2773,7,2767,7,2771,6,2665,6,2730,7,2661,6,2595,6,2686,6,2731,7,2652,6,2737,6,2763,6,2842,6,2865,7,2743,6,2707,6,2756,6,2687,6,2627,6,2659,6,2748,6,2773,7,2797,6,2735,6,2763,6,2784,6,2767,5,2824,6,2740,7
,10:20:00,37,2399,6,2396,6,2379,6,2391,6,2452,6,2346,7,2327,6,2409,7,2437,7,2493,7,2437,7,2419,7,2657,6,2691,7,2655,6,2607,7,2695,6,2738,6,2752,6,2765,7,2770,7,2765,6,2651,6,2727,6,2661,6,2605,6,2687,6,2727,6,2646,6,2736,6,2755,7,2853,7,2864,6,2743,6,2708,6,2755,6,2685,6,2622,6,2673,6,2739,7,2758,6,2794,7,2737,7,2754,6,2778,7,2761,6,2806,6,2742,6
,10:24:00,37,2386,6,2394,6,2379,7,2391,6,2455,6,2362,7,2336,7,2403,7,2445,7,2506,6,2430,6,2424,6,2660,6,2711,7,2667,6,2608,6,2693,6,2737,6,2750,7,2755,7,2766,7,2773,6,2670,6,2728,6,2652,6,2594,7,2689,6,2723,6,2654,6,2746,6,2758,6,2846,6,2860,7,2762,7,2712,7,2741,6,2674,6,2631,6,2671,6,2749,6,2765,7,2786,6,2735,6,2752,6,2787,7,2758,6,2823,6,2711,6
,10:28:00,37,2387,6,2403,6,2383,6,2395,7,2455,6,2346,6,2332,7,2413,7,2444,6,2501,6,2442,6,2431,6,2658,6,2701,6,2659,7,2611,7,2703,7,2739,7,2754,6,2762,6,2764,7,2767,6,2667,6,2727,6,2663,6,2595,6,2682,6,2728,7,2656,6,2740,7,2760,6,2848,7,2872,6,2747,7,2715,6,2756,6,2679,6,2622,6,2664,6,2747,7,2761,7,2795,7,2734,7,2755,6,2773,7,2757,6,2820,6,2736,6
,10:32:00,37,2391,6,2395,7,2384,7,2391,6,2459,6,2356,6,2335,7,2408,6,2441,7,2486,6,2427,6,2423,6,2663,6,2688,6,2660,5,2615,7,2707,6,2732,6,2758,6,2773,7,2763,7,2779,6,2668,6,2745,6,2644,6,2586,6,2683,6,2735,7,2649,7,2731,7,2767,7,2843,7,2877,7,2747,6,2708,6,2757,6,2680,6,2622,7,2663,6,2747,6,2757,6,2788,6,2737,7,2747,6,2783,7,2750,6,2819,6,2734,6
,10:36:00,37,2391,7,2392,6,2379,7,2395,6,2463,7,2356,7,2327,6,2414,7,2444,6,2494,6,2429,6,2420,7,2662,6,2689,6,2666,6,2614,6,2707,7,2730,6,2767,6,2763,6,2763,7,2771,6,2663,7,2736,7,2648,6,2610,6,2675,6,2731,7,2647,7,2737,7,2752,7,2854,7,2863,7,2747,6,2718,7,2760,7,2686,6,2628,6,2674,6,2757,7,2767,6,2804,6,2739,7,2761,6,2799,7,2756,6,2818,7,2732,7
,10:40:00,37,2399,6,2398,6,2370,6,2392,6,2461,7,2352,7,2331,6,2397,7,2452,6,2504,6,2447,6,2423,6,2673,6,2696,6,2654,6,2612,7,2701,7,2734,7,2749,6,2765,6,2759,7,2784,6,2668,6,2743,6,2659,6,2597,6,2680,7,2736,7,2647,6,2739,6,2760,7,2849,7,2876,6,2744,6,2705,6,2753,6,2695,7,2630,6,2668,7,2747,7,2763,7,2807,6,2745,6,2764,6,2784,7,2754,6,2826,6,2738,7
,10:44:00,37,2398,6,2410,6,2380,6,2395,6,2477,7,2360,6,2333,7,2409,6,2447,6,2496,7,2439,6,2429,7,2675,6,2698,6,2667,7,2615,7,2718,6,2731,7,2761,6,2762,6,2782,6,2789,6,2667,7,2745,6,2669,7,2614,6,2696,7,2740,6,2654,7,2738,7,2766,7,2864,6,2879,6,2762,5,2711,6,2752,6,2688,7,2621,6,2671,7,2746,6,2774,6,2797,6,2750,7,2764,6,2779,6,2761,6,2822,7,2729,6
,10:48:00,37,2394,6,2397,6,2376,6,2396,6,2458,7,2349,6,2327,6,2410,6,2448,7,2493,7,2436,6,2418,6,2667,7,2706,6,2662,7,2601,6,2697,7,2730,7,2755,7,2767,7,2750,7,2785,7,2667,6,2748,7,2658,6,2603,6,2687,6,2728,6,2641,6,2734,7,2761,7,2856,6,2873,6,2736,6,2720,6,2759,7,2686,6,2635,6,2664,6,2751,6,2755,6,2801,6,2745,6,2757,7,2782,7,2763,6,2827,6,2726,6
,10:52:00,37,2390,6,2403,6,2374,6,2401,7,2443,7,2356,6,2336,7,2404,7,2442,7,2499,7,2427,7,2425,7,2674,6,2697,6,2658,6,2614,7,2697,6,2724,7,2749,7,2776,6,2755,7,2762,7,2668,6,2740,6,2648,6,2609,6,2687,6,2734,7,2639,6,2738,5,2757,7,2849,7,2870,6,2736,6,2685,6,2744,6,2676,6,2633,6,2664,6,2744,7,2749,6,2800,5,2731,7,2765,6,2780,6,2756,6,2817,6,2733,6
,10:56:00,37,2383,6,2392,6,2369,6,2381,7,2454,6,2358,6,2328,7,2402,7,2438,7,2493,6,2416,6,2414,7,2667,6,2686,6,2658,6,2608,6,2702,7,2727,6,2757,6,2772,6,2759,7,2772,6,2663,6,2734,6,2651,6,2593,6,2683,6,2726,7,2641,7,2729,6,2747,7,2855,6,2860,7,2743,6,2697,6,2741,6,2685,6,2614,6,2667,6,2749,6,2760,6,2783,6,2737,6,2753,7,2781,6,2756,6,2816,6,2732,6
,11:00:00,37.1,2386,6,2391,7,2363,6,2393,6,2454,7,2357,6,2325,7,2401,6,2437,6,2491,6,2440,7,2420,7,2669,7,2687,6,2652,7,2613,7,2696,6,2729,7,2763,6,2765,6,2766,7,2766,6,2661,7,2735,7,2649,6,2600,7,2682,7,2728,7,2641,6,2729,6,2755,7,2852,7,2865,7,2737,7,2706,6,2743,6,2683,6,2618,6,2656,7,2747,7,2760,6,2798,7,2738,6,2747,6,2785,6,2768,6,2818,5,2736,6
,11:04:00,37,2385,7,2403,6,2374,7,2396,7,2464,7,2356,7,2321,6,2411,7,2442,7,2498,7,2431,7,2419,6,2666,6,2691,6,2664,7,2614,6,2704,6,2731,6,2755,6,2766,6,2774,7,2779,6,2675,7,2748,6,2652,7,2596,6,2686,6,2735,7,2644,7,2732,6,2770,6,2855,6,2862,6,2737,7,2711,6,2757,6,2678,6,2627,6,2665,6,2742,6,2757,6,2800,7,2746,6,2759,7,2781,6,2758,6,2815,6,2744,6
,11:08:00,37,2400,7,2396,6,2390,7,2400,6,2463,7,2358,7,2324,6,2399,6,2449,6,2499,6,2425,6,2425,7,2672,6,2692,7,2660,6,2617,7,2706,6,2731,6,2753,7,2765,7,2762,7,2772,7,2683,6,2741,7,2652,6,2599,6,2690,6,2731,7,2663,6,2734,7,2765,7,2868,6,2884,6,2739,6,2712,6,2753,7,2690,6,2632,6,2670,7,2747,6,2761,6,2799,7,2743,6,2759,7,2782,6,2752,6,2811,6,2728,6
,11:12:00,37,2384,7,2401,6,2378,6,2402,6,2468,6,2358,6,2327,7,2413,6,2447,6,2506,7,2429,6,2427,7,2668,6,2701,6,2664,7,2612,7,2698,6,2724,6,2768,6,2771,6,2769,6,2769,7,2662,7,2730,6,2657,7,2617,6,2682,6,2734,6,2655,6,2737,7,2760,6,2851,7,2868,7,2744,6,2717,6,2757,6,2678,6,2629,7,2668,7,2744,6,2767,6,2802,6,2740,7,2755,6,2779,7,2768,7,2827,7,2743,6
,11:16:00,37,2382,6,2405,6,2382,7,2389,6,2452,6,2352,7,2331,7,2416,7,2454,7,2509,7,2430,6,2424,7,2670,7,2698,6,2658,6,2604,7,2695,6,2725,6,2753,6,2764,7,2771,7,2770,6,2662,7,2726,6,2655,6,2605,6,2682,6,2728,6,2656,7,2736,6,2760,6,2845,7,2868,7,2750,6,2701,7,2749,6,2693,7,2627,6,2672,7,2750,7,2753,6,2787,6,2737,6,2764,7,2783,6,2754,6,2824,6,2722,6
,11:20:00,37,2392,6,2410,6,2379,6,2393,7,2462,7,2361,7,2328,7,2416,7,2448,6,2497,7,2435,7,2421,7,2673,6,2703,7,2645,6,2616,6,2702,6,2729,7,2753,6,2772,6,2769,6,2780,6,2678,6,2722,6,2657,6,2605,7,2677,6,2737,6,2647,7,2749,6,2753,6,2853,7,2865,7,2749,6,2703,6,2761,6,2686,6,2624,7,2673,6,2750,7,2762,6,2795,6,2748,6,2762,6,2776,7,2744,6,2827,6,2731,6
,11:24:00,37,2401,6,2401,6,2380,6,2398,7,2456,6,2366,6,2338,6,2406,7,2447,6,2496,6,2437,7,2430,6,2663,6,2697,6,2658,7,2621,6,2693,7,2737,7,2763,6,2766,7,2767,7,2767,6,2673,7,2755,7,2656,7,2613,6,2682,6,2731,6,2646,6,2732,7,2768,6,2845,6,2876,6,2743,7,2700,7,2744,6,2681,7,2634,6,2667,6,2744,6,2753,6,2797,7,2736,7,2758,7,2786,7,2752,6,2821,6,2736,6
,11:28:00,37,2387,7,2391,6,2378,6,2392,6,2462,6,2366,6,2338,7,2409,6,2456,6,2487,6,2439,6,2425,7,2673,6,2695,6,2664,6,2606,6,2696,7,2731,6,2761,6,2761,6,2760,6,2770,6,2661,6,2735,6,2654,6,2600,6,2685,6,2735,7,2657,6,2733,7,2761,6,2859,7,2869,7,2754,6,2711,7,2744,6,2686,6,2624,6,2667,6,2746,5,2752,7,2786,5,2737,6,2752,7,2780,7,2748,6,2814,6,2731,6
,11:32:00,37,2394,6,2410,6,2370,7,2398,7,2464,6,2359,6,2336,6,2406,7,2453,7,2505,7,2441,6,2425,6,2661,6,2701,6,2656,6,2611,6,2701,7,2733,7,2759,6,2772,7,2770,7,2774,6,2667,7,2744,7,2662,6,2603,6,2693,6,2743,7,2658,7,2747,7,2776,6,2849,6,2874,6,2760,7,2709,6,2743,6,2679,6,2634,6,2668,7,2755,7,2766,7,2798,6,2739,6,2759,6,2800,6,2768,7,2809,6,2736,6
,11:36:00,37,2393,7,2395,7,2387,7,2393,7,2459,6,2354,6,2331,6,2406,6,2450,7,2496,6,2435,7,2422,7,2669,6,2697,6,2658,7,2619,7,2698,6,2727,6,2763,6,2766,7,2765,7,2771,6,2676,6,2738,7,2659,6,2602,6,2672,6,2736,6,2651,6,2734,6,2752,7,2848,7,2867,6,2741,7,2700,7,2746,6,2694,7,2641,6,2666,6,2738,6,2757,7,2792,6,2743,7,2761,7,2784,6,2759,6,2815,6,2724,6
,11:40:00,37,2388,6,2406,6,2377,6,2393,6,2459,6,2354,6,2325,6,2405,7,2454,7,2491,6,2428,7,2439,6,2675,6,2699,6,2672,7,2616,6,2700,7,2731,7,2756,7,2768,7,2757,7,2776,7,2668,6,2746,6,2664,6,2605,6,2680,6,2743,6,2652,6,2732,6,2750,6,2842,6,2863,7,2742,6,2722,6,2747,6,2686,6,2631,6,2661,6,2759,7,2760,6,2782,6,2743,6,2753,7,2769,6,2758,6,2812,6,2740,6
,11:44:00,37,2389,7,2407,6,2374,6,2385,6,2463,7,2359,6,2340,7,2415,7,2457,6,2506,7,2428,6,2432,7,2667,6,2706,6,2654,6,2611,7,2702,6,2728,6,2751,6,2769,6,2758,6,2786,6,2669,6,2736,6,2649,6,2599,6,2683,6,2719,6,2648,6,2738,6,2756,6,2855,7,2859,7,2744,6,2701,6,2761,6,2691,6,2616,6,2654,6,2749,7,2762,6,2799,7,2743,6,2757,6,2785,6,2758,6,2819,6,2727,6
,11:48:00,37,2386,6,2401,6,2378,7,2396,6,2455,5,2353,7,2346,7,2412,7,2449,6,2492,6,2448,6,2425,7,2675,6,2699,6,2669,6,2611,7,2694,7,2729,6,2763,6,2773,6,2765,6,2773,6,2667,7,2739,7,2658,6,2610,6,2686,6,2737,6,2647,6,2732,7,2769,7,2843,7,2866,7,2747,6,2696,7,2749,6,2693,7,2628,6,2664,7,2748,6,2763,6,2793,6,2737,6,2766,6,2790,7,2755,7,2820,6,2736,6
,11:52:00,37,2392,6,2405,7,2385,6,2396,6,2464,7,2358,6,2336,7,2403,6,2457,7,2493,6,2440,6,2432,6,2676,6,2710,6,2669,6,2618,7,2698,7,2721,6,2767,6,2759,7,2763,6,2783,6,2669,7,2735,7,2656,6,2610,7,2688,7,2735,7,2647,6,2743,7,2761,7,2848,7,2874,7,2745,7,2714,6,2749,7,2685,7,2632,7,2675,7,2751,7,2765,6,2803,6,2753,6,2771,7,2787,6,2767,6,2814,7,2737,6
,11:56:00,37.1,2396,6,2402,6,2381,7,2399,7,2455,6,2360,7,2331,7,2408,7,2444,6,2497,7,2432,7,2431,7,2665,7,2689,7,2666,7,2608,7,2699,7,2738,6,2760,6,2766,6,2764,6,2776,6,2664,6,2730,6,2652,6,2605,6,2682,6,2744,6,2651,6,2740,6,2759,6,2847,6,2860,6,2750,6,2718,6,2756,6,2690,6,2627,6,2659,6,2738,6,2757,6,2794,7,2723,6,2768,6,2791,7,2765,6,2825,6,2736,6
,12:00:00,37,2404,6,2405,6,2378,6,2395,7,2455,6,2355,6,2322,7,2408,8,2437,7,2487,6,2427,7,2416,7,2666,6,2689,6,2660,6,2606,7,2696,7,2743,6,2759,6,2761,7,2762,6,2769,7,2663,6,2738,7,2651,6,2602,7,2682,6,2734,7,2660,6,2743,6,2765,7,2862,6,2858,7,2739,6,2704,6,2760,6,2684,7,2627,7,2659,6,2743,7,2761,6,2794,7,2734,6,2752,6,2782,6,2762,6,2823,6,2732,6
,12:04:00,37,2392,7,2399,6,2373,6,2401,7,2449,7,2362,7,2330,7,2404,7,2455,7,2496,6,2431,6,2421,6,2665,6,2697,7,2659,6,2612,6,2700,6,2724,7,2758,7,2755,7,2757,6,2775,6,2665,6,2726,6,2656,7,2614,6,2678,6,2722,6,2648,7,2737,6,2762,7,2849,6,2859,6,2737,7,2716,6,2746,6,2673,7,2631,7,2660,7,2747,6,2753,7,2794,6,2736,6,2762,6,2786,6,2752,6,2816,7,2728,6
,12:08:00,37,2390,6,2403,6,2381,7,2395,6,2463,7,2361,7,2338,7,2397,7,2446,7,2498,6,2432,6,2433,7,2666,6,2695,7,2664,6,2614,7,2691,6,2730,7,2762,6,2769,6,2765,6,2768,7,2656,7,2740,6,2660,6,2619,6,2685,7,2733,7,2651,6,2740,6,2762,6,2862,6,2873,6,2749,6,2713,6,2747,7,2677,6,2639,6,2665,6,2757,6,2764,7,2792,6,2748,6,2775,6,2799,6,2755,6,2828,6,2734,7
,12:12:00,36.9,2404,6,2408,6,2378,7,2398,7,2465,7,2365,6,2342,6,2407,7,2459,7,2497,6,2442,6,2444,7,2676,6,2699,6,2672,6,2628,6,2702,6,2736,6,2766,6,2772,6,2763,6,2769,6,2679,7,2737,6,2655,7,2611,6,2690,6,2736,6,2655,6,2742,6,2759,7,2855,7,2875,6,2757,6,2704,7,2760,6,2685,6,2638,6,2671,6,2739,6,2755,7,2799,6,2744,7,2758,7,2785,7,2762,6,2823,6,2740,6
,12:16:00,37.1,2399,7,2408,6,2381,6,2384,6,2463,6,2363,6,2337,7,2413,7,2460,7,2502,7,2428,7,2431,7,2674,6,2709,6,2662,6,2619,6,2696,6,2738,6,2759,6,2759,7,2774,7,2791,7,2675,7,2735,6,2657,7,2606,7,2681,6,2733,7,2656,6,2744,6,2767,7,2851,6,2867,6,2751,6,2715,6,2750,6,2696,6,2633,6,2668,7,2756,6,2768,6,2800,6,2739,6,2768,7,2786,6,2761,6,2822,7,2736,7
,12:20:00,37,2405,6,2407,6,2379,6,2398,6,2464,6,2360,6,2341,6,2404,6,2457,6,2495,6,2423,6,2429,7,2669,6,2690,7,2666,7,2604,7,2702,7,2744,7,2758,6,2763,6,2768,7,2781,6,2671,6,2745,6,2651,6,2612,6,2689,6,2733,6,2653,6,2744,6,2776,7,2846,7,2870,6,2756,7,2713,6,2752,7,2683,6,2633,7,2661,7,2753,7,2771,7,2791,6,2734,6,2751,6,2788,6,2754,6,2824,6,2739,5
,12:24:00,37,2393,7,2399,6,2375,6,2388,7,2448,7,2366,6,2333,7,2419,7,2455,6,2504,6,2437,6,2431,6,2672,5,2708,6,2666,6,2617,7,2703,7,2720,6,2755,6,2763,7,2749,6,2779,7,2671,6,2727,7,2659,7,2603,6,2687,6,2741,6,2661,6,2745,7,2766,6,2853,7,2876,6,2751,6,2711,7,2752,6,2679,6,2631,7,2666,6,2750,6,2752,6,2807,6,2745,6,2764,6,2778,6,2758,6,2817,6,2737,6
,12:28:00,37,2384,7,2406,7,2392,6,2393,6,2459,6,2370,7,2329,7,2404,7,2453,6,2496,6,2446,7,2426,7,2676,6,2712,6,2658,6,2625,6,2703,6,2743,6,2765,5,2763,6,2774,7,2793,7,2674,7,2732,6,2660,6,2604,6,2687,6,2727,6,2648,7,2731,7,2762,6,2856,7,2867,7,2747,6,2726,6,2758,6,2690,6,2635,6,2661,7,2749,6,2756,6,2792,7,2755,6,2761,6,2790,6,2758,7,2823,6,2721,6
,12:32:00,37,2391,6,2409,6,2375,6,2404,7,2460,6,2353,7,2324,7,2406,7,2454,6,2497,6,2440,7,2424,6,2677,6,2697,6,2662,7,2612,6,2715,6,2740,6,2758,7,2770,7,2766,7,2779,6,2663,6,2735,6,2658,6,2619,7,2683,6,2733,6,2660,6,2740,6,2756,7,2849,7,2880,6,2747,6,2708,6,2754,6,2677,6,2624,6,2657,6,2745,7,2756,7,2799,6,2742,7,2755,7,2785,7,2760,7,2813,6,2732,6
,12:36:00,37,2388,7,2407,6,2382,7,2388,6,2456,6,2365,6,2336,7,2408,7,2459,6,2500,6,2436,7,2432,7,2674,7,2705,5,2673,7,2609,6,2697,6,2727,6,2772,6,2760,6,2771,7,2784,6,2671,7,2740,6,2665,6,2605,6,2693,5,2736,6,2655,7,2740,6,2764,6,2849,6,2869,6,2753,7,2715,6,2751,6,2688,7,2630,6,2668,6,2750,6,2767,6,2794,7,2745,6,2767,6,2789,7,2769,7,2821,7,2717,7
,12:40:00,37,2395,6,2407,6,2385,6,2397,7,2462,7,2362,7,2335,7,2419,6,2460,7,2489,6,2439,7,2421,6,2685,6,2696,6,2661,6,2622,7,2718,6,2734,7,2769,6,2774,6,2765,6,2775,7,2665,6,2747,7,2655,7,2614,6,2689,6,2748,6,2647,6,2742,5,2762,7,2852,7,2879,6,2747,6,2720,6,2743,6,2694,6,2631,7,2666,6,2751,6,2760,6,2794,6,2745,6,2770,7,2786,6,2769,7,2825,6,2744,7
,12:44:00,37,2395,6,2408,6,2371,7,2401,6,2457,6,2365,7,2346,7,2409,8,2455,7,2506,7,2441,6,2426,6,2682,6,2701,7,2656,6,2615,7,2706,6,2732,7,2758,6,2762,6,2759,7,2771,6,2662,7,2730,7,2660,7,2609,7,2697,6,2739,6,2659,6,2729,7,2754,7,2862,6,2870,6,2750,6,2718,6,2761,6,2685,7,2626,6,2669,7,2752,7,2777,7,2793,6,2749,6,2754,6,2790,6,2762,6,2823,5,2748,6
,12:48:00,37,2391,7,2402,6,2378,7,2390,6,2456,6,2360,7,2340,7,2416,6,2454,6,2497,6,2434,6,2429,6,2683,7,2699,6,2673,6,2615,6,2711,6,2741,6,2764,7,2768,6,2768,6,2785,6,2670,6,2740,7,2666,6,2611,6,2689,6,2730,7,2654,7,2739,6,2772,7,2842,6,2865,7,2749,6,2727,6,2759,7,2698,6,2635,6,2667,7,2753,7,2767,7,2797,6,2743,6,2763,6,2788,6,2765,6,2827,6,2754,6
,12:52:00,37,2397,7,2414,6,2383,7,2384,7,2460,7,2368,7,2343,7,2413,7,2455,6,2496,7,2431,6,2430,7,2679,6,2699,7,2663,6,2610,7,2700,7,2746,7,2769,7,2757,6,2763,7,2779,6,2678,6,2728,7,2670,6,2610,6,2692,6,2732,6,2654,6,2728,6,2768,6,2846,6,2865,6,2742,7,2720,6,2761,6,2683,6,2631,6,2660,6,2749,6,2759,7,2803,6,2753,6,2761,6,2775,6,2769,6,2818,6,2732,6
,12:56:00,37,2399,7,2414,6,2383,6,2390,7,2470,7,2358,6,2332,7,2418,6,2455,7,2503,6,2444,7,2426,7,2686,5,2705,7,2663,7,2622,7,2706,7,2735,7,2762,7,2768,7,2766,6,2773,6,2675,6,2743,6,2661,7,2613,6,2683,6,2732,6,2662,7,2749,6,2751,6,2849,6,2876,6,2756,6,2714,6,2744,6,2690,7,2619,6,2664,7,2749,6,2759,7,2803,6,2746,6,2764,7,2786,7,2757,5,2834,7,2724,6
,13:00:00,37,2387,6,2399,6,2382,7,2395,7,2461,6,2364,6,2332,7,2403,6,2460,6,2495,6,2447,7,2412,6,2679,7,2711,6,2661,6,2616,7,2703,6,2741,6,2761,6,2770,7,2769,6,2766,6,2664,6,2729,7,2655,7,2609,7,2682,7,2725,6,2663,6,2724,6,2769,7,2858,6,2864,7,2744,6,2725,7,2760,6,2682,7,2624,7,2671,7,2749,6,2762,6,2802,6,2744,6,2755,6,2801,6,2763,5,2841,6,2731,6
,13:04:00,37,2393,6,2408,7,2380,6,2383,6,2457,6,2356,7,2332,7,2417,7,2443,7,2493,7,2438,5,2425,6,2677,6,2692,6,2661,6,2609,7,2700,6,2729,7,2773,5,2768,7,2765,7,2780,7,2673,6,2738,7,2665,6,2612,7,2683,6,2729,6,2656,6,2743,6,2762,6,2842,7,2872,7,2749,6,2711,7,2750,6,2669,6,2630,6,2667,6,2749,7,2761,7,2798,6,2743,6,2768,6,2789,7,2764,5,2827,7,2724,6
,13:08:00,36.9,2390,6,2404,7,2379,7,2389,6,2465,7,2355,6,2331,7,2402,7,2462,7,2500,7,2437,6,2427,6,2678,7,2695,7,2662,6,2615,7,2691,7,2733,7,2761,6,2766,7,2759,7,2783,6,2671,6,2736,7,2655,6,2624,6,2690,6,2741,7,2661,6,2732,7,2773,7,2852,7,2869,6,2759,7,2718,6,2763,6,2682,6,2627,6,2658,6,2755,7,2758,6,2800,6,2735,6,2762,6,2782,7,2770,6,2815,6,2727,6
,13:12:00,37,2398,6,2404,7,2382,6,2401,6,2454,7,2364,6,2329,6,2414,6,2462,6,2508,6,2444,6,2431,7,2679,6,2694,7,2667,6,2622,7,2708,6,2738,7,2757,6,2766,6,2770,6,2785,7,2670,7,2732,7,2659,6,2615,5,2691,6,2736,6,2663,6,2738,7,2757,6,2851,6,2852,7,2742,6,2730,6,2767,7,2673,7,2619,6,2677,6,2750,7,2772,7,2796,6,2741,7,2771,6,2783,6,2761,6,2818,6,2734,6
,13:16:00,37,2401,5,2411,6,2372,6,2408,7,2463,5,2355,7,2336,6,2411,7,2457,6,2500,6,2439,6,2430,7,2679,6,2697,6,2660,6,2621,7,2698,6,2750,6,2769,6,2774,7,2771,7,2787,6,2659,6,2739,7,2653,6,2620,7,2693,7,2728,6,2659,6,2743,6,2780,6,2854,6,2868,7,2743,7,2729,7,2755,6,2685,6,2629,6,2664,6,2757,7,2778,7,2795,6,2743,7,2766,7,2776,6,2760,6,2826,7,2731,6
,13:20:00,37,2400,7,2405,6,2377,7,2403,6,2465,6,2356,7,2335,7,2425,7,2467,6,2507,6,2435,6,2429,7,2684,6,2706,7,2666,6,2618,6,2705,6,2741,6,2769,6,2774,7,2786,7,2767,7,2658,6,2738,5,2658,7,2630,6,2692,7,2740,7,2662,7,2736,7,2768,6,2852,6,2868,7,2757,6,2727,7,2766,7,2687,6,2644,6,2674,6,2738,6,2763,6,2791,6,2753,6,2768,6,2791,6,2763,6,2827,6,2736,6
,13:24:00,37,2400,6,2411,7,2374,7,2403,6,2462,7,2364,6,2346,7,2422,7,2457,7,2503,7,2436,6,2430,7,2684,6,2700,7,2661,7,2615,6,2705,7,2739,7,2759,6,2763,7,2771,7,2780,6,2674,6,2734,7,2665,7,2626,7,2690,6,2741,7,2664,6,2739,6,2768,6,2860,7,2856,6,2739,6,2713,6,2755,6,2681,7,2631,6,2667,7,2750,6,2767,5,2797,6,2741,6,2755,6,2787,6,2760,5,2820,6,2735,7
,13:28:00,37,2397,6,2407,6,2395,7,2406,7,2461,6,2358,6,2345,6,2426,6,2461,7,2506,7,2433,6,2428,7,2675,6,2697,6,2654,6,2625,6,2697,7,2738,6,2754,7,2767,7,2770,7,2776,6,2663,6,2737,7,2644,6,2616,6,2680,6,2740,6,2655,6,2742,6,2765,7,2854,6,2867,6,2745,6,2727,6,2750,6,2684,6,2623,6,2673,6,2751,6,2767,6,2806,6,2737,7,2770,6,2781,6,2758,6,2820,6,2723,7
,13:32:00,37.1,2401,6,2406,6,2377,6,2392,7,2455,7,2372,7,2338,7,2408,7,2463,7,2503,6,2433,6,2439,7,2678,6,2702,6,2661,6,2632,6,2713,6,2741,5,2762,6,2776,8,2768,7,2786,7,2672,6,2736,6,2658,6,2626,6,2698,7,2729,7,2655,8,2740,6,2769,7,2850,6,2874,6,2746,7,2723,6,2758,6,2689,6,2633,7,2662,7,2759,6,2770,6,2796,6,2743,6,2762,7,2780,7,2758,7,2820,6,2728,6
,13:36:00,37,2396,6,2406,7,2371,7,2393,6,2465,7,2362,7,2324,6,2412,7,2466,6,2497,7,2436,7,2435,6,2685,6,2710,6,2665,7,2621,7,2712,7,2732,7,2760,6,2766,6,2766,6,2775,6,2679,7,2741,6,2660,6,2621,7,2686,7,2745,7,2661,7,2746,7,2760,7,2857,7,2865,7,2759,6,2750,6,2756,6,2690,7,2634,6,2670,7,2756,6,2759,6,2801,6,2752,6,2763,6,2784,6,2771,7,2822,6,2724,6
,13:40:00,37,2398,7,2407,7,2393,6,2402,5,2461,7,2365,7,2343,6,2398,6,2456,7,2488,6,2438,6,2429,7,2688,6,2694,7,2664,6,2613,7,2703,7,2740,7,2756,6,2760,7,2772,7,2778,6,2665,6,2753,7,2659,6,2614,6,2692,7,2739,6,2665,7,2745,7,2763,8,2856,7,2871,7,2747,6,2724,6,2751,7,2689,7,2633,6,2668,6,2757,6,2763,6,2792,6,2737,7,2771,6,2785,7,2759,6,2816,6,2741,6
,13:44:00,37,2393,7,2412,7,2385,6,2398,7,2461,6,2370,6,2334,6,2419,6,2468,7,2505,6,2441,6,2439,6,2691,7,2700,7,2670,7,2627,6,2704,6,2729,6,2770,6,2773,7,2768,7,2787,6,2671,6,2741,6,2661,6,2626,7,2698,7,2736,6,2655,6,2746,6,2765,7,2860,7,2870,6,2762,7,2733,7,2752,6,2696,6,2629,6,2672,7,2754,6,2765,7,2810,6,2747,6,2768,7,2793,7,2757,7,2840,6,2736,6
,13:48:00,37,2401,7,2416,6,2377,7,2394,6,2462,7,2364,6,2348,7,2416,7,2459,7,2498,7,2445,6,2429,7,2685,6,2701,6,2672,6,2628,6,2701,6,2736,6,2764,7,2773,7,2766,7,2775,6,2679,6,2739,6,2655,7,2623,6,2685,6,2734,6,2658,6,2744,6,2766,6,2850,7,2872,7,2758,6,2729,7,2753,6,2689,6,2626,6,2669,6,2743,7,2761,6,2791,7,2735,6,2756,7,2796,6,2751,5,2813,7,2737,6
,13:52:00,37,2400,6,2408,6,2380,6,2399,7,2464,6,2365,6,2325,6,2406,7,2460,7,2493,6,2445,7,2434,7,2684,6,2706,6,2667,7,2630,6,2697,7,2734,7,2770,6,2762,6,2768,7,2777,7,2664,7,2736,6,2660,7,2622,6,2678,6,2732,7,2668,6,2753,6,2769,7,2866,7,2877,7,2752,6,2730,6,2756,7,2685,7,2634,6,2671,7,2746,7,2763,6,2800,6,2746,6,2759,7,2790,7,2760,7,2826,6,2731,6
,13:56:00,37,2394,7,2411,6,2385,6,2408,8,2462,7,2367,6,2335,6,2423,7,2463,6,2499,7,2437,7,2422,6,2683,6,2703,6,2666,6,2630,7,2713,7,2736,6,2762,6,2774,7,2768,7,2779,6,2675,6,2739,6,2666,7,2630,6,2695,7,2742,6,2673,7,2744,6,2751,7,2857,7,2877,6,2762,6,2735,7,2751,6,2691,6,2645,7,2673,6,2745,6,2768,6,2792,7,2751,6,2758,7,2796,6,2764,6,2826,6,2734,6
,14:00:00,37,2400,7,2409,6,2389,6,2402,6,2455,6,2367,6,2340,7,2425,6,2468,7,2504,7,2439,6,2430,7,2695,7,2705,7,2674,6,2623,6,2707,6,2752,6,2768,6,2777,6,2768,7,2774,7,2668,7,2743,6,2669,6,2620,6,2695,6,2730,6,2678,7,2740,7,2767,6,2857,7,2879,6,2740,6,2733,6,2755,6,2692,7,2640,6,2681,6,2759,7,2776,7,2797,6,2746,6,2775,7,2794,6,2768,6,2821,6,2737,6
,14:04:00,37,2404,7,2411,6,2383,6,2398,6,2453,6,2368,6,2341,6,2409,7,2460,7,2507,6,2446,6,2438,7,2688,6,2709,6,2667,6,2624,7,2693,7,2732,7,2771,7,2766,6,2774,7,2775,6,2665,7,2736,6,2663,6,2631,5,2692,6,2746,7,2661,7,2749,6,2758,7,2858,7,2861,7,2753,6,2735,6,2749,6,2690,6,2631,7,2673,7,2761,7,2755,6,2790,5,2750,6,2761,6,2779,7,2753,6,2821,6,2729,6
,14:08:00,37,2398,6,2406,6,2387,6,2391,6,2455,6,2369,6,2333,6,2395,7,2466,6,2506,6,2444,6,2427,7,2684,7,2702,6,2660,6,2627,6,2699,7,2737,7,2754,6,2758,7,2756,6,2774,7,2671,7,2739,6,2656,6,2626,7,2684,6,2726,7,2671,6,2742,6,2752,7,2859,6,2872,7,2764,6,2730,7,2754,6,2684,7,2631,6,2677,7,2744,7,2771,6,2805,6,2743,6,2766,6,2788,6,2758,6,2827,6,2739,6
,14:12:00,37,2394,6,2412,6,2376,7,2398,7,2464,7,2357,7,2341,7,2408,6,2466,6,2498,6,2441,7,2429,7,2690,6,2702,7,2660,6,2627,7,2709,7,2731,6,2766,7,2762,7,2763,6,2767,7,2664,7,2734,6,2668,7,2644,6,2695,7,2739,6,2672,6,2739,7,2757,7,2851,7,2872,6,2741,6,2726,6,2762,6,2686,7,2629,7,2667,6,2756,7,2762,6,2801,7,2746,6,2755,6,2791,7,2763,6,2832,6,2732,6
,14:16:00,37,2396,6,2420,7,2375,6,2395,6,2467,6,2361,6,2338,6,2405,7,2463,6,2496,7,2440,7,2427,6,2687,6,2690,6,2665,6,2631,7,2704,6,2735,6,2748,7,2774,6,2768,7,2772,7,2672,6,2739,5,2666,6,2631,6,2687,6,2735,6,2659,6,2743,6,2772,6,2852,6,2870,7,2764,7,2731,6,2763,6,2686,6,2625,7,2662,7,2767,7,2760,7,2803,6,2743,6,2773,6,2787,6,2768,6,2818,6,2742,6
,14:20:00,37.1,2407,7,2421,6,2390,6,2393,6,2452,7,2368,6,2340,6,2421,7,2477,7,2505,7,2445,7,2438,6,2686,6,2708,6,2670,7,2620,7,2700,7,2735,7,2777,6,2770,6,2777,6,2792,6,2678,7,2757,6,2660,6,2633,7,2685,6,2734,6,2666,7,2747,7,2770,7,2857,6,2874,7,2756,6,2734,7,2767,6,2692,7,2636,7,2667,5,2761,6,2759,6,2809,7,2747,6,2766,6,2791,6,2770,7,2829,7,2736,7
,14:24:00,37,2411,6,2413,7,2384,6,2397,7,2465,7,2371,7,2343,6,2414,7,2466,7,2503,7,2444,7,2429,7,2690,6,2714,6,2662,7,2630,7,2713,6,2741,6,2765,7,2772,6,2768,6,2776,7,2676,7,2751,7,2667,6,2633,7,2687,7,2736,6,2664,6,2756,7,2764,7,2849,6,2861,7,2743,6,2738,6,2767,7,2685,6,2631,6,2679,7,2745,7,2769,7,2813,6,2735,7,2765,7,2786,6,2771,6,2817,6,2736,6
,14:28:00,37,2399,6,2407,6,2391,6,2396,6,2458,6,2366,6,2335,6,2416,6,2474,7,2510,7,2435,7,2430,7,2684,5,2699,6,2664,7,2632,6,2706,6,2734,6,2770,6,2767,6,2772,7,2782,6,2676,7,2752,6,2657,7,2638,6,2691,6,2744,5,2672,7,2741,7,2754,6,2860,6,2868,7,2739,5,2743,6,2758,6,2689,6,2633,6,2674,6,2753,7,2774,6,2790,7,2748,6,2769,7,2792,6,2771,6,2824,6,2744,6
,14:32:00,37.1,2388,7,2412,6,2382,6,2395,6,2461,6,2369,7,2346,7,2417,7,2472,7,2499,6,2448,6,2438,6,2701,7,2713,6,2665,7,2622,7,2713,6,2730,6,2761,6,2775,6,2767,7,2784,7,2673,7,2743,6,2665,6,2642,6,2683,6,2740,6,2664,6,2738,7,2762,7,2858,7,2871,7,2748,6,2745,7,2749,6,2684,6,2632,5,2674,6,2745,6,2763,7,2800,6,2743,6,2767,7,2800,7,2760,6,2837,6,2732,6
,14:36:00,37,2400,6,2405,6,2387,6,2399,6,2472,7,2364,7,2332,6,2409,7,2465,6,2506,7,2441,7,2436,6,2691,6,2694,6,2651,7,2626,7,2706,7,2737,7,2761,6,2766,7,2769,6,2777,6,2666,7,2749,7,2655,6,2639,6,2692,6,2733,7,2666,6,2745,6,2758,7,2870,6,2870,7,2757,6,2744,6,2762,6,2695,7,2632,6,2669,7,2745,7,2768,6,2787,7,2752,6,2765,6,2786,6,2758,7,2823,6,2728,6
,14:40:00,37,2404,6,2411,6,2395,7,2401,7,2460,6,2362,6,2335,6,2410,7,2472,7,2510,6,2438,7,2436,6,2689,6,2703,6,2660,6,2626,7,2706,7,2743,6,2784,6,2769,7,2764,7,2774,6,2678,6,2751,6,2663,6,2642,6,2692,6,2732,7,2670,6,2741,6,2775,7,2848,6,2874,6,2755,6,2737,6,2756,6,2685,6,2627,6,2683,7,2757,6,2773,6,2802,6,2743,6,2771,7,2793,6,2773,6,2815,6,2743,6
,14:44:00,37,2393,7,2414,6,2372,6,2402,7,2462,7,2360,6,2333,6,2413,7,2472,7,2494,6,2429,6,2435,6,2696,6,2701,6,2667,6,2615,7,2704,7,2737,7,2757,7,2765,6,2772,7,2778,6,2664,7,2740,6,2664,7,2633,6,2687,6,2739,6,2652,7,2733,7,2767,6,2865,6,2874,7,2761,5,2735,7,2755,6,2684,6,2633,6,2660,6,2745,6,2762,7,2795,6,2744,6,2767,6,2782,7,2762,7,2814,7,2725,6
,14:48:00,37,2402,6,2411,6,2391,6,2406,6,2465,6,2365,6,2345,7,2419,6,2468,7,2499,6,2445,6,2441,6,2690,6,2699,6,2675,6,2627,7,2708,6,2750,6,2764,6,2781,6,2770,7,2776,7,2670,6,2751,6,2665,7,2641,6,2699,7,2737,7,2677,7,2746,6,2762,7,2851,7,2885,6,2768,7,2738,6,2764,6,2690,7,2636,7,2673,7,2758,6,2774,7,2799,6,2742,6,2775,7,2786,7,2775,6,2825,6,2734,6
,14:52:00,37,2396,6,2415,6,2376,6,2398,6,2473,6,2369,7,2339,6,2415,7,2465,7,2512,7,2445,7,2428,7,2703,6,2708,6,2668,7,2627,7,2703,6,2741,7,2756,6,2773,8,2758,6,2778,6,2688,7,2747,7,2648,6,2646,6,2689,6,2737,7,2668,6,2733,6,2765,6,2861,6,2872,6,2747,7,2738,6,2759,7,2689,6,2628,7,2674,6,2751,7,2761,7,2801,7,2759,7,2778,6,2780,7,2750,6,2818,6,2739,6
,14:56:00,37.1,2404,6,2414,6,2385,6,2396,8,2461,7,2383,7,2346,7,2422,7,2480,6,2512,6,2435,7,2424,7,2692,6,2702,6,2667,7,2635,6,2712,6,2733,7,2768,6,2767,6,2763,7,2791,6,2670,5,2740,6,2663,7,2631,6,2693,6,2741,6,2672,6,2743,6,2769,6,2858,6,2881,7,2752,6,2742,6,2759,6,2682,6,2627,6,2671,6,2767,7,2766,7,2807,6,2754,7,2760,6,2788,6,2759,6,2823,6,2742,7
,15:00:00,37,2399,6,2413,6,2388,6,2405,6,2473,7,2368,6,2341,6,2419,6,2472,6,2505,7,2445,7,2425,7,2695,6,2697,6,2673,6,2633,6,2702,7,2737,7,2775,6,2768,7,2778,7,2776,6,2673,7,2748,6,2663,7,2652,6,2690,6,2743,6,2674,6,2750,6,2758,6,2855,7,2872,6,2745,7,2734,7,2763,6,2691,5,2636,7,2682,6,2757,6,2772,6,2808,6,2755,7,2763,7,2787,7,2774,6,2835,7,2746,7
,,,,,,,,,,,,,,,,,,,,,,,,,,,,,,,,,,,,,,,,,,,,,,,,,,,,,,,,,,,,,,,,,,,,,,,,,,,,,,,,,,,,,,,,,,,,,,,,,,
"485,528",,,,,,,,,,,,,,,,,,,,,,,,,,,,,,,,,,,,,,,,,,,,,,,,,,,,,,,,,,,,,,,,,,,,,,,,,,,,,,,,,,,,,,,,,,,,,,,,,,
,,,,,,,,,,,,,,,,,,,,,,,,,,,,,,,,,,,,,,,,,,,,,,,,,,,,,,,,,,,,,,,,,,,,,,,,,,,,,,,,,,,,,,,,,,,,,,,,,,
,Time,"T° 485,528",M1,M2,M3,M4,M5,M6,M7,M8,M9,M10,M11,M12,M13,M14,M15,M16,M17,M18,M19,M20,M21,M22,M23,M24,N1,N2,N3,N4,N5,N6,N7,N8,N9,N10,N11,N12,N13,N14,N15,N16,N17,N18,N19,N20,N21,N22,N23,N24,O1,O2,O3,O4,O5,O6,O7,O8,O9,O10,O11,O12,O13,O14,O15,O16,O17,O18,O19,O20,O21,O22,O23,O24,P1,P2,P3,P4,P5,P6,P7,P8,P9,P10,P11,P12,P13,P14,P15,P16,P17,P18,P19,P20,P21,P22,P23,P24
,0:00:00,37,2477,6,2385,7,2420,6,2432,7,2490,6,2509,6,2580,7,2597,7,2637,7,2532,6,2554,7,2586,7,2309,6,2381,7,2413,6,2599,7,2532,7,2449,7,2486,6,2525,7,2514,7,2574,7,2522,7,2533,7,2524,6,2573,7,2555,6,2566,7,2613,7,2587,7,2412,6,2537,7,2559,6,2559,7,2509,6,2598,7,2335,6,2365,7,2317,6,2919,7,2798,7,3084,6,2993,6,2921,7,3016,6,2964,6,2692,6,2885,7
,0:04:00,37,2536,7,2435,6,2461,7,2474,6,2564,6,2591,6,2649,7,2650,7,2679,7,2589,6,2614,7,2673,7,2430,6,2428,6,2481,7,2650,7,2579,6,2506,7,2539,6,2583,6,2572,7,2619,6,2587,7,2585,6,2563,6,2624,6,2605,7,2606,7,2675,7,2630,7,2466,7,2592,7,2607,6,2598,7,2552,6,2643,6,2403,6,2416,6,2368,6,2991,7,2885,7,3135,6,3049,6,2993,6,3077,7,3009,6,2744,6,2953,6
,0:08:00,37,2544,7,2483,7,2485,7,2505,6,2623,8,2645,7,2685,7,2683,7,2713,7,2626,7,2643,6,2712,7,2539,6,2447,6,2514,6,2675,6,2616,7,2531,7,2562,6,2613,7,2598,7,2643,6,2604,6,2615,6,2582,7,2631,7,2621,6,2643,6,2689,6,2663,7,2496,7,2625,6,2642,7,2629,6,2590,6,2678,5,2418,6,2432,6,2403,6,3023,7,2905,6,3148,7,3080,6,3017,6,3093,7,3006,6,2774,6,2968,6
,0:12:00,37,2560,6,2485,6,2523,7,2525,6,2651,7,2669,7,2704,7,2707,7,2722,7,2639,7,2656,7,2726,7,2581,6,2471,6,2514,6,2688,7,2619,6,2553,6,2589,7,2635,7,2628,6,2668,6,2624,6,2624,6,2600,6,2651,7,2643,6,2646,6,2722,6,2695,6,2526,6,2647,7,2663,6,2651,6,2599,6,2691,6,2449,6,2457,6,2425,7,3028,7,2915,6,3159,6,3089,6,3038,7,3083,7,3024,7,2772,5,2983,6
,0:16:00,37,2561,6,2487,6,2524,7,2527,7,2662,7,2659,7,2715,7,2696,7,2732,7,2658,7,2674,6,2731,6,2600,7,2485,7,2541,7,2707,7,2636,6,2567,7,2586,7,2657,7,2634,7,2680,6,2653,6,2632,6,2602,6,2677,6,2646,7,2671,7,2732,6,2694,7,2538,6,2663,7,2678,6,2657,7,2612,6,2709,7,2456,6,2472,7,2447,7,3028,7,2926,6,3169,6,3093,6,3040,7,3097,6,3042,6,2785,7,2987,6
,0:20:00,37,2543,6,2480,6,2527,6,2534,7,2670,6,2682,7,2725,7,2716,7,2734,7,2672,6,2676,7,2731,6,2607,6,2475,6,2546,6,2724,7,2634,7,2581,6,2597,7,2667,6,2654,7,2685,6,2658,6,2652,6,2624,6,2681,6,2662,6,2677,7,2738,7,2708,6,2547,6,2679,6,2684,6,2673,6,2610,6,2722,7,2465,6,2483,7,2452,6,3039,6,2923,6,3163,6,3118,6,3041,7,3106,6,3038,6,2798,6,2998,6
,0:24:00,37,2553,6,2487,6,2526,6,2533,7,2669,7,2686,7,2723,7,2706,7,2723,7,2654,6,2674,6,2741,6,2620,7,2497,7,2555,7,2719,6,2644,7,2583,6,2598,6,2680,7,2654,7,2685,6,2657,6,2654,7,2619,7,2684,7,2672,7,2687,7,2755,7,2711,7,2545,6,2688,7,2703,6,2688,6,2623,7,2709,6,2469,6,2485,6,2457,6,3046,6,2933,7,3172,7,3104,7,3037,6,3085,7,3049,6,2799,6,2988,6
,0:28:00,37,2555,6,2484,7,2523,7,2548,7,2655,6,2678,6,2717,6,2722,6,2733,7,2676,6,2695,6,2742,7,2626,6,2491,6,2562,7,2720,6,2648,7,2577,6,2617,6,2678,6,2675,6,2699,5,2665,6,2651,6,2649,6,2690,6,2675,6,2706,7,2753,7,2720,6,2556,6,2692,6,2718,6,2698,7,2617,6,2719,6,2476,7,2489,7,2468,6,3019,6,2934,6,3177,6,3114,6,3044,6,3084,7,3042,6,2794,6,2994,6
,0:32:00,37,2551,6,2483,7,2521,6,2540,7,2675,7,2692,6,2710,7,2710,6,2737,7,2678,6,2681,6,2756,6,2624,6,2495,6,2571,6,2740,6,2659,7,2589,7,2605,6,2696,6,2670,7,2688,7,2677,6,2664,6,2637,6,2693,6,2675,6,2693,6,2759,6,2737,6,2557,6,2696,6,2706,6,2696,6,2634,7,2731,6,2476,6,2484,6,2462,6,3037,6,2930,6,3162,6,3099,7,3034,7,3082,6,3031,6,2792,7,2988,6
,0:36:00,37,2557,7,2481,6,2525,6,2544,6,2684,6,2689,6,2720,6,2716,7,2741,7,2677,6,2692,6,2743,6,2642,6,2498,6,2567,7,2732,6,2660,6,2597,6,2619,6,2703,6,2686,6,2702,7,2675,7,2664,6,2642,6,2697,7,2684,6,2724,7,2764,7,2737,7,2566,6,2695,7,2719,6,2697,6,2640,7,2725,6,2489,6,2508,6,2472,6,3045,7,2926,6,3171,6,3101,7,3046,6,3081,7,3035,6,2796,6,3005,6
,0:40:00,37,2542,7,2482,6,2511,6,2543,7,2674,7,2689,6,2722,6,2719,7,2732,6,2679,6,2688,6,2779,7,2624,6,2506,6,2568,6,2749,6,2666,6,2599,7,2634,7,2714,7,2687,6,2707,6,2676,7,2659,6,2650,7,2705,7,2678,6,2725,6,2785,6,2735,6,2571,7,2694,7,2722,6,2702,6,2637,6,2732,6,2488,7,2505,6,2483,6,3030,6,2932,6,3170,6,3107,6,3035,6,3074,6,3036,6,2797,7,3001,6
,0:44:00,37,2552,6,2481,6,2523,7,2541,7,2689,6,2697,6,2730,6,2729,6,2742,7,2672,5,2687,7,2771,6,2637,6,2508,7,2573,6,2736,6,2665,7,2595,7,2627,7,2720,7,2707,6,2703,7,2685,6,2679,6,2643,7,2710,6,2695,7,2710,6,2767,6,2742,6,2575,6,2695,6,2740,7,2706,6,2632,6,2736,6,2492,7,2503,6,2476,6,3032,6,2940,6,3167,6,3102,5,3017,6,3078,6,3034,6,2803,6,2997,6
,0:48:00,37,2547,7,2487,6,2517,7,2549,6,2691,7,2707,6,2737,6,2729,6,2757,7,2672,6,2700,6,2771,7,2649,6,2501,6,2584,7,2743,7,2665,6,2612,6,2636,6,2726,6,2704,6,2695,6,2690,6,2682,6,2656,6,2705,7,2683,6,2731,7,2789,7,2749,7,2580,7,2702,6,2732,6,2709,5,2640,6,2740,6,2496,7,2506,5,2483,6,3038,7,2954,6,3182,6,3112,6,3038,6,3087,7,3037,6,2803,6,3004,5
,0:52:00,37,2552,7,2481,7,2516,6,2547,6,2694,6,2711,6,2724,6,2730,7,2754,6,2685,7,2690,6,2778,7,2639,7,2501,7,2580,6,2751,6,2665,7,2607,6,2636,7,2720,7,2710,6,2697,6,2699,6,2670,7,2651,7,2711,7,2694,6,2733,6,2769,6,2760,7,2584,6,2702,7,2737,6,2707,7,2639,6,2735,6,2496,6,2498,6,2484,6,3029,7,2940,6,3176,6,3094,6,3047,6,3065,6,3048,6,2801,6,3004,6
,0:56:00,37,2554,6,2491,6,2514,6,2547,6,2696,6,2708,7,2741,7,2739,6,2758,7,2672,6,2702,7,2773,6,2641,6,2512,7,2580,6,2757,6,2670,7,2609,7,2627,6,2723,6,2700,6,2704,6,2698,6,2669,6,2651,6,2708,6,2685,7,2730,6,2770,6,2754,6,2581,6,2696,6,2747,6,2711,6,2635,6,2739,6,2490,6,2504,6,2495,6,3043,7,2931,6,3179,6,3094,6,3033,6,3069,6,3049,6,2799,6,2994,5
,1:00:00,37.1,2551,6,2485,6,2520,7,2557,7,2684,6,2702,7,2741,6,2732,7,2755,6,2672,7,2691,7,2773,6,2643,6,2513,6,2573,6,2739,6,2662,7,2614,6,2630,7,2720,6,2706,7,2703,5,2702,6,2672,6,2657,6,2719,6,2699,6,2727,6,2775,6,2751,6,2576,7,2691,6,2744,7,2698,7,2641,6,2735,7,2493,6,2508,7,2486,6,3026,6,2930,7,3171,6,3100,7,3039,7,3071,6,3045,6,2795,6,3003,6
,1:04:00,37,2550,6,2491,6,2522,6,2541,6,2695,7,2722,6,2737,6,2735,6,2754,6,2674,6,2695,6,2759,6,2642,6,2514,6,2586,6,2750,6,2669,6,2615,6,2642,7,2729,6,2704,6,2697,6,2691,6,2683,6,2653,7,2709,6,2676,6,2735,6,2765,6,2750,7,2573,6,2703,6,2733,5,2723,6,2640,6,2738,6,2497,6,2524,6,2490,6,3028,6,2941,5,3174,7,3100,6,3037,7,3078,7,3035,6,2795,6,2996,6
,1:08:00,37,2553,7,2485,6,2523,7,2545,7,2704,6,2719,6,2731,6,2737,6,2753,7,2679,6,2693,6,2779,7,2648,6,2501,6,2576,6,2739,7,2678,6,2621,7,2650,6,2721,6,2705,7,2706,6,2701,6,2686,6,2662,6,2713,6,2688,6,2724,6,2778,6,2747,6,2589,7,2710,7,2736,7,2717,6,2641,6,2742,6,2495,7,2505,6,2487,6,3032,7,2938,6,3169,6,3104,6,3013,6,3064,6,3044,6,2797,6,3003,6
,1:12:00,37,2549,6,2488,7,2521,6,2554,6,2699,7,2720,6,2736,7,2735,6,2757,7,2675,6,2685,6,2780,6,2646,7,2507,7,2583,6,2742,6,2662,6,2624,6,2643,6,2732,7,2707,6,2713,5,2700,6,2677,6,2646,7,2712,6,2687,6,2738,7,2780,7,2764,6,2597,6,2704,6,2752,6,2723,6,2644,6,2750,6,2502,6,2512,6,2492,6,3030,6,2938,6,3164,7,3091,6,3032,6,3062,6,3036,6,2788,6,3008,6
,1:16:00,37,2556,6,2484,6,2515,6,2556,7,2703,7,2721,6,2741,6,2743,6,2762,7,2683,6,2688,7,2773,6,2652,6,2515,6,2589,7,2741,6,2661,6,2618,7,2647,6,2743,6,2708,6,2703,6,2706,6,2680,6,2657,6,2720,6,2691,6,2743,7,2789,6,2765,7,2596,6,2703,7,2747,6,2720,6,2649,6,2745,6,2509,6,2511,7,2497,6,3016,6,2933,7,3152,6,3093,6,3021,6,3071,6,3037,6,2785,6,3001,6
,1:20:00,37,2552,6,2477,7,2522,7,2556,6,2695,6,2713,6,2747,7,2746,6,2752,6,2674,6,2683,6,2777,6,2653,7,2506,6,2591,6,2748,7,2659,7,2619,6,2641,7,2740,6,2716,7,2696,6,2712,6,2681,6,2650,6,2717,6,2668,6,2738,6,2772,7,2761,6,2591,6,2713,6,2746,6,2708,6,2648,6,2750,6,2498,6,2511,7,2501,6,3014,6,2930,6,3153,5,3088,7,3016,6,3072,6,3023,7,2790,5,2999,6
,1:24:00,37,2551,7,2483,6,2523,6,2549,7,2697,7,2723,6,2756,6,2745,6,2757,7,2673,6,2695,6,2779,6,2643,7,2511,6,2592,7,2742,6,2658,6,2621,6,2652,6,2732,6,2719,7,2712,6,2703,6,2695,6,2644,6,2710,6,2686,6,2740,6,2778,7,2764,7,2590,7,2702,6,2749,6,2707,6,2638,7,2729,6,2505,6,2514,6,2500,6,3033,6,2940,6,3161,6,3089,7,3025,7,3065,6,3029,7,2792,7,2998,6
,1:28:00,37,2556,6,2486,7,2513,6,2551,6,2694,6,2723,7,2749,6,2737,7,2766,7,2671,7,2703,6,2782,6,2637,6,2509,6,2591,6,2752,6,2667,7,2626,7,2651,6,2745,6,2722,7,2703,6,2704,7,2688,6,2649,7,2717,7,2685,6,2737,6,2777,6,2777,6,2596,6,2717,7,2746,7,2713,6,2644,6,2746,6,2514,6,2508,7,2502,6,3016,6,2932,6,3150,6,3094,6,3030,6,3059,6,3031,6,2790,6,2990,6
,1:32:00,37,2552,7,2487,7,2515,6,2542,6,2696,6,2718,6,2750,6,2733,6,2769,7,2679,6,2688,7,2779,6,2652,7,2513,6,2594,6,2756,6,2676,7,2627,7,2659,7,2742,6,2728,7,2724,6,2712,7,2687,6,2654,7,2717,6,2687,7,2747,6,2786,6,2775,6,2606,6,2703,6,2758,6,2714,6,2651,6,2750,7,2510,6,2514,6,2497,6,3022,6,2923,6,3151,7,3097,6,3026,6,3069,6,3020,6,2800,5,2995,6
,1:36:00,37,2550,7,2485,6,2519,6,2546,7,2695,6,2721,7,2753,7,2740,7,2751,6,2664,6,2693,6,2780,6,2648,7,2508,7,2585,6,2741,6,2660,6,2618,6,2648,6,2735,6,2727,6,2706,6,2706,6,2700,5,2665,7,2714,7,2686,7,2735,6,2776,6,2772,6,2609,7,2702,6,2746,6,2715,6,2654,6,2746,6,2509,6,2512,6,2500,7,3024,6,2930,7,3161,6,3089,6,3024,6,3063,6,3035,7,2797,6,3000,6
,1:40:00,37,2554,6,2490,7,2525,7,2552,6,2698,6,2716,6,2742,6,2738,6,2768,7,2684,7,2685,6,2782,6,2641,7,2507,6,2578,6,2748,6,2667,6,2622,7,2657,7,2740,7,2742,6,2715,6,2708,6,2691,6,2655,6,2709,7,2688,5,2742,6,2780,7,2767,6,2596,6,2709,7,2758,6,2710,7,2656,6,2737,6,2517,6,2514,7,2498,7,3022,6,2926,6,3153,6,3097,6,3030,6,3074,6,3029,7,2794,6,3000,6
,1:44:00,37,2552,7,2482,6,2528,5,2552,6,2698,6,2719,7,2755,6,2741,7,2766,6,2670,6,2689,7,2782,6,2640,6,2507,6,2590,6,2755,7,2684,7,2633,6,2660,7,2737,6,2726,6,2710,5,2712,6,2689,7,2660,7,2707,6,2690,6,2741,6,2777,7,2773,7,2604,7,2711,6,2749,6,2716,7,2658,6,2751,6,2512,7,2512,6,2505,6,3012,6,2921,6,3150,6,3094,6,3022,6,3056,6,3027,6,2790,6,2995,6
,1:48:00,37.1,2555,6,2489,6,2540,6,2554,7,2700,7,2718,6,2755,6,2740,7,2760,6,2679,6,2690,7,2777,6,2652,6,2507,6,2588,6,2759,6,2669,6,2623,6,2659,8,2756,6,2730,6,2718,6,2707,6,2695,7,2648,7,2716,6,2693,6,2755,7,2785,6,2773,6,2609,6,2716,6,2753,6,2719,7,2647,7,2740,6,2518,6,2517,6,2510,6,3035,6,2931,6,3147,6,3079,6,3019,7,3062,6,3033,6,2798,6,3000,6
,1:52:00,37,2551,7,2480,6,2516,6,2550,6,2705,6,2718,6,2746,6,2747,6,2757,7,2677,6,2698,6,2776,6,2656,6,2512,6,2590,6,2750,6,2661,7,2621,7,2660,7,2747,6,2732,6,2713,5,2712,7,2703,6,2655,7,2709,6,2684,6,2739,6,2781,6,2769,6,2615,6,2710,6,2752,6,2716,6,2642,6,2744,6,2517,6,2511,7,2496,6,3020,7,2921,6,3149,6,3095,6,3017,7,3069,7,3029,6,2798,6,2992,6
,1:56:00,37,2552,6,2487,6,2520,6,2557,6,2710,6,2712,6,2759,7,2735,6,2754,6,2683,6,2684,6,2789,5,2650,7,2517,7,2597,6,2757,7,2676,6,2638,6,2659,6,2754,7,2734,7,2719,6,2717,6,2706,6,2665,7,2726,7,2682,6,2750,6,2785,7,2785,7,2609,6,2712,6,2758,7,2735,6,2657,6,2749,6,2515,6,2513,6,2505,6,3023,6,2938,6,3150,6,3095,6,3028,6,3067,7,3032,6,2799,6,2996,6
,2:00:00,37,2549,6,2487,6,2520,6,2555,6,2696,5,2726,6,2759,7,2745,7,2758,7,2683,6,2692,6,2793,6,2644,6,2507,6,2593,6,2757,6,2680,6,2639,6,2667,6,2753,6,2728,6,2713,6,2711,6,2709,6,2668,7,2726,6,2689,6,2740,6,2795,7,2781,6,2610,6,2729,7,2761,6,2724,6,2648,6,2749,7,2521,6,2512,6,2513,6,3023,7,2935,6,3149,6,3100,6,3034,7,3056,6,3034,6,2797,6,3006,6
,2:04:00,37,2549,7,2479,6,2527,6,2560,6,2712,7,2715,6,2758,7,2739,6,2755,7,2682,6,2693,6,2772,6,2651,7,2513,6,2594,6,2759,6,2660,6,2634,6,2655,7,2750,6,2733,6,2716,6,2713,7,2700,6,2651,7,2716,6,2691,6,2743,6,2782,6,2781,7,2621,6,2708,7,2751,7,2714,6,2661,7,2745,6,2519,6,2515,6,2504,6,3018,6,2920,6,3140,6,3083,6,3017,6,3061,7,3028,6,2787,6,2982,6
,2:08:00,37.1,2545,7,2493,5,2523,7,2545,7,2705,6,2717,6,2737,6,2736,7,2761,6,2671,7,2683,7,2779,6,2647,7,2505,6,2580,7,2758,7,2672,6,2631,6,2655,7,2744,6,2722,6,2721,6,2701,7,2701,6,2658,6,2707,6,2686,7,2748,7,2785,6,2780,6,2608,7,2705,7,2758,6,2726,5,2651,6,2749,6,2516,6,2521,7,2505,6,3007,5,2915,6,3153,6,3088,6,3013,6,3059,6,3021,6,2782,6,2989,6
,2:12:00,37,2547,6,2483,6,2508,6,2543,7,2689,7,2721,7,2743,6,2733,7,2767,7,2668,6,2682,6,2764,6,2636,6,2517,7,2584,6,2755,6,2657,6,2627,7,2661,7,2750,6,2724,6,2713,6,2705,5,2696,7,2662,6,2716,6,2681,6,2747,6,2792,6,2780,6,2614,7,2709,6,2748,6,2722,6,2658,6,2736,7,2523,6,2503,5,2501,6,3004,6,2915,6,3148,6,3078,6,2997,7,3042,6,3027,7,2782,6,2979,6
,2:16:00,37,2543,6,2479,6,2514,6,2550,6,2692,7,2718,7,2750,6,2746,7,2768,6,2660,6,2682,6,2775,6,2642,6,2510,6,2592,6,2749,7,2663,5,2618,6,2661,6,2741,7,2723,7,2716,6,2711,6,2698,6,2658,6,2716,6,2678,7,2743,7,2782,7,2786,6,2611,6,2713,7,2750,6,2711,6,2648,6,2745,6,2526,7,2519,6,2514,6,3015,7,2910,6,3133,6,3078,7,3004,6,3066,6,3015,6,2786,5,2983,6
,2:20:00,37,2546,6,2490,7,2512,6,2542,7,2702,7,2722,7,2755,6,2747,6,2758,7,2678,6,2693,6,2778,6,2662,7,2508,6,2586,6,2756,6,2668,6,2627,7,2672,6,2760,7,2731,6,2706,6,2720,6,2714,6,2659,6,2709,6,2689,6,2743,6,2794,6,2774,6,2616,7,2712,7,2747,6,2731,6,2655,6,2749,6,2528,6,2514,6,2521,6,3010,7,2923,6,3143,7,3079,6,3013,6,3059,6,3034,6,2799,7,2990,6
,2:24:00,37,2552,7,2483,6,2528,7,2552,7,2704,6,2720,7,2752,6,2746,7,2773,7,2677,6,2689,6,2776,6,2644,6,2518,6,2592,7,2761,6,2673,6,2627,7,2669,7,2754,6,2747,7,2715,6,2716,6,2713,7,2662,6,2719,6,2688,6,2758,6,2786,6,2785,6,2617,7,2713,8,2754,6,2722,7,2669,6,2745,6,2526,7,2517,6,2509,6,3019,6,2931,6,3154,5,3086,6,3022,5,3050,6,3030,7,2796,6,2988,6
,2:28:00,37,2556,6,2490,6,2514,7,2549,6,2705,6,2718,7,2757,7,2755,7,2764,6,2684,7,2700,6,2778,6,2636,6,2514,6,2596,7,2753,7,2668,7,2629,7,2667,7,2750,7,2739,6,2720,6,2724,6,2726,6,2668,7,2721,7,2698,6,2745,7,2790,6,2787,7,2620,6,2714,6,2763,6,2735,6,2655,6,2749,6,2529,6,2521,6,2514,6,3015,7,2927,6,3137,6,3083,6,3030,6,3061,6,3040,6,2795,6,2987,6
,2:32:00,37,2549,7,2483,6,2533,7,2549,7,2705,7,2724,6,2745,6,2742,6,2775,6,2675,6,2684,6,2792,6,2654,7,2507,6,2588,6,2757,6,2675,6,2637,7,2666,6,2758,6,2745,6,2719,6,2725,6,2706,7,2658,6,2713,6,2692,6,2751,6,2795,6,2778,7,2617,6,2720,6,2771,7,2709,6,2654,5,2747,5,2524,6,2508,6,2516,6,3017,7,2917,7,3136,6,3072,6,3014,7,3060,6,3024,6,2797,5,2999,6
,2:36:00,37,2541,6,2490,6,2526,6,2552,7,2702,6,2712,6,2747,6,2742,6,2754,7,2677,6,2680,7,2775,6,2640,6,2513,6,2585,6,2755,6,2671,6,2632,6,2660,7,2754,6,2734,6,2725,6,2714,7,2703,6,2664,6,2726,7,2689,6,2749,6,2790,6,2780,6,2618,6,2723,5,2763,6,2713,6,2652,6,2751,6,2526,6,2515,6,2500,6,3016,6,2932,6,3130,6,3080,6,3012,6,3055,7,3021,6,2795,6,2995,6
,2:40:00,37,2542,6,2487,6,2520,7,2555,6,2713,7,2717,6,2756,7,2745,6,2778,7,2665,6,2691,7,2776,6,2641,6,2512,7,2583,6,2750,7,2673,7,2632,6,2660,6,2756,6,2736,6,2728,6,2722,6,2711,6,2664,6,2707,6,2679,6,2744,6,2793,6,2781,7,2617,6,2712,7,2767,6,2724,6,2668,6,2741,6,2525,6,2518,6,2524,6,3014,7,2924,6,3137,5,3076,5,3017,6,3057,7,3022,6,2788,6,2982,6
,2:44:00,37,2553,6,2492,6,2528,6,2558,6,2704,6,2723,6,2747,7,2741,6,2772,7,2680,6,2694,7,2769,6,2646,6,2518,7,2596,6,2759,6,2674,6,2636,7,2667,6,2752,6,2744,6,2727,6,2720,6,2711,7,2657,6,2720,7,2695,6,2747,7,2802,6,2783,6,2620,6,2715,6,2759,6,2713,6,2661,6,2750,6,2527,6,2517,6,2515,6,3012,7,2920,6,3149,7,3083,6,3003,6,3056,6,3019,7,2782,6,2984,6
,2:48:00,37.1,2547,7,2489,7,2523,6,2555,6,2711,7,2724,6,2750,6,2749,6,2776,7,2678,6,2690,6,2781,6,2642,6,2515,7,2584,6,2762,7,2662,6,2627,7,2676,6,2759,6,2747,7,2718,6,2727,6,2706,6,2645,6,2707,6,2693,6,2761,6,2788,6,2777,7,2623,6,2715,6,2752,6,2728,6,2661,6,2738,6,2526,6,2519,6,2517,7,3012,6,2930,6,3138,7,3085,6,3016,7,3060,6,3032,6,2796,6,2990,6
,2:52:00,37,2544,6,2483,6,2525,6,2546,7,2704,6,2716,7,2763,6,2743,7,2769,6,2675,6,2688,7,2772,6,2655,6,2513,6,2603,6,2762,6,2674,7,2641,6,2670,6,2758,6,2743,6,2713,6,2724,6,2719,6,2668,7,2710,6,2691,7,2743,6,2796,7,2793,6,2617,6,2730,6,2765,6,2726,6,2657,6,2753,6,2537,6,2517,7,2519,6,3007,7,2924,6,3133,7,3069,6,3014,6,3064,7,3016,6,2782,6,2980,6
,2:56:00,37,2557,6,2484,6,2523,6,2558,6,2712,7,2736,7,2744,6,2753,7,2769,6,2676,6,2690,6,2784,5,2648,6,2517,6,2599,7,2770,6,2670,6,2644,6,2663,6,2758,6,2746,6,2724,5,2716,6,2719,6,2665,6,2723,6,2693,6,2760,6,2798,6,2790,6,2617,6,2731,6,2760,7,2723,6,2664,6,2745,6,2534,6,2517,6,2517,6,3002,7,2921,6,3146,7,3088,6,3018,6,3044,6,3014,6,2785,6,2993,6
,3:00:00,37,2550,7,2491,7,2528,7,2552,6,2719,6,2729,7,2764,6,2745,6,2764,6,2673,6,2686,6,2775,6,2639,7,2514,6,2597,6,2753,7,2667,6,2651,6,2669,6,2765,6,2740,6,2721,6,2724,6,2709,7,2657,7,2722,6,2690,5,2755,6,2786,6,2784,6,2632,6,2711,6,2761,6,2716,6,2668,6,2754,6,2522,7,2516,5,2517,5,3004,7,2924,6,3143,6,3091,5,3024,6,3054,6,3020,6,2786,6,2991,6
,3:04:00,37,2554,7,2484,6,2525,7,2553,7,2707,6,2729,6,2760,7,2751,7,2776,7,2684,6,2694,6,2776,6,2648,6,2511,6,2602,6,2760,7,2684,6,2647,6,2666,7,2762,6,2743,6,2725,6,2726,6,2717,6,2666,6,2718,6,2693,6,2759,6,2795,6,2799,7,2632,6,2729,8,2769,6,2723,6,2667,6,2753,5,2547,6,2527,6,2515,6,3013,6,2915,6,3135,6,3088,6,3023,6,3054,6,3024,6,2794,6,3002,6
,3:08:00,37,2545,6,2488,6,2523,6,2545,7,2713,7,2726,6,2758,6,2743,6,2776,6,2684,6,2686,6,2784,6,2653,6,2520,7,2593,7,2772,6,2667,6,2635,6,2667,7,2752,6,2736,6,2723,6,2727,7,2724,6,2664,6,2715,6,2693,6,2755,7,2794,6,2796,7,2633,7,2726,7,2770,6,2733,6,2657,6,2754,5,2538,6,2513,6,2514,6,3022,6,2933,6,3138,7,3080,6,3016,6,3067,6,3019,6,2793,6,2994,6
,3:12:00,37,2554,6,2483,6,2516,6,2547,6,2718,7,2726,6,2758,6,2746,6,2765,7,2673,6,2698,6,2778,6,2648,6,2514,7,2602,7,2756,6,2672,6,2634,6,2673,6,2763,6,2740,7,2721,7,2730,6,2706,6,2664,6,2713,6,2697,6,2739,6,2791,6,2786,6,2627,6,2718,6,2769,6,2727,5,2666,6,2760,6,2536,6,2525,6,2520,6,3006,6,2917,5,3155,6,3090,6,3015,7,3067,7,3035,5,2787,6,2981,6
,3:16:00,37,2551,7,2478,6,2515,5,2540,6,2701,7,2722,7,2747,6,2738,7,2764,6,2687,6,2692,6,2772,6,2638,6,2513,6,2596,6,2750,6,2679,6,2641,6,2665,6,2759,7,2732,6,2710,6,2710,6,2717,6,2660,6,2710,6,2688,6,2740,6,2792,6,2789,6,2628,7,2715,6,2761,6,2724,6,2650,6,2740,6,2534,5,2513,6,2514,6,3018,6,2923,6,3133,7,3084,6,2997,6,3052,7,3015,7,2787,6,2985,6
,3:20:00,37,2539,6,2483,6,2522,6,2551,6,2707,6,2719,7,2747,6,2745,7,2759,7,2678,6,2683,6,2772,6,2648,6,2510,6,2591,7,2756,6,2669,6,2636,7,2663,7,2758,7,2726,6,2728,6,2727,6,2712,7,2664,6,2703,6,2685,7,2747,7,2797,7,2797,6,2621,6,2712,7,2763,6,2728,6,2659,6,2747,7,2524,6,2516,6,2517,6,3005,6,2913,6,3135,6,3075,6,3010,6,3057,6,3014,6,2780,6,2981,5
,3:24:00,37,2555,6,2480,7,2525,6,2550,6,2709,6,2718,6,2745,6,2740,6,2767,7,2680,6,2699,6,2781,6,2647,6,2513,6,2589,6,2757,6,2674,6,2638,6,2656,6,2765,7,2738,6,2729,6,2720,6,2710,5,2657,6,2716,6,2686,5,2751,6,2793,6,2799,7,2620,7,2729,7,2768,7,2731,6,2660,6,2753,6,2535,6,2518,6,2515,6,3009,7,2920,7,3134,6,3084,6,3017,6,3064,6,3027,6,2776,5,2979,6
,3:28:00,37,2552,6,2493,6,2529,7,2546,6,2708,7,2725,6,2753,7,2751,6,2771,7,2670,6,2688,6,2776,6,2652,6,2518,6,2595,7,2760,6,2674,7,2648,6,2672,7,2756,6,2735,6,2728,5,2727,7,2714,7,2662,6,2717,6,2691,6,2755,6,2799,6,2784,6,2633,6,2717,7,2767,6,2720,6,2668,6,2749,6,2530,6,2534,6,2522,6,3018,6,2920,6,3139,6,3078,6,3011,6,3053,6,3025,6,2783,6,2992,6
,3:32:00,37.1,2555,6,2489,6,2529,7,2553,7,2717,7,2727,6,2755,7,2741,6,2763,6,2683,6,2694,6,2784,6,2649,6,2522,6,2594,7,2760,7,2672,6,2652,7,2679,6,2763,7,2738,6,2742,6,2722,6,2718,6,2663,7,2712,6,2693,6,2750,6,2812,6,2787,6,2622,6,2727,7,2773,6,2724,7,2662,6,2756,6,2544,6,2507,6,2526,6,3020,6,2929,6,3147,6,3058,6,3018,6,3046,6,3029,6,2792,6,2996,6
,3:36:00,37,2545,6,2493,6,2528,6,2558,7,2710,6,2724,6,2760,6,2754,7,2776,6,2690,6,2685,6,2788,7,2651,6,2521,6,2593,6,2763,6,2676,6,2647,7,2679,6,2768,6,2749,6,2721,6,2739,6,2721,6,2664,6,2709,7,2698,6,2751,7,2798,6,2793,6,2644,6,2721,6,2781,6,2729,6,2667,6,2764,6,2535,6,2513,6,2530,6,3017,6,2926,6,3146,6,3100,6,3023,7,3063,6,3027,5,2788,6,2990,6
,3:40:00,37,2541,7,2483,7,2518,6,2556,6,2708,7,2722,6,2752,6,2748,6,2775,6,2683,7,2694,6,2785,6,2641,7,2514,6,2589,6,2758,7,2676,6,2643,6,2683,7,2770,7,2751,6,2736,6,2723,6,2709,6,2656,7,2719,6,2683,6,2755,7,2793,6,2793,6,2637,6,2729,6,2770,6,2721,6,2668,6,2751,6,2543,5,2534,6,2537,7,3014,6,2915,6,3134,6,3081,6,3012,7,3048,6,3027,6,2785,6,2987,5
,3:44:00,37,2554,6,2475,7,2520,6,2546,6,2706,7,2734,6,2756,6,2739,7,2767,6,2681,6,2690,6,2777,6,2657,6,2518,7,2591,6,2755,7,2683,6,2645,6,2673,7,2758,6,2745,7,2718,6,2730,6,2717,6,2661,6,2714,6,2693,6,2753,6,2793,6,2786,6,2642,6,2728,6,2772,6,2732,7,2662,6,2741,6,2549,6,2525,6,2524,6,3005,6,2910,6,3148,6,3090,6,3006,7,3052,7,3019,6,2786,6,2994,6
,3:48:00,37,2545,6,2496,6,2531,7,2559,6,2709,6,2708,7,2760,6,2756,7,2775,7,2673,6,2694,6,2776,6,2652,6,2510,6,2602,7,2758,7,2668,7,2649,6,2673,7,2759,6,2742,7,2728,6,2734,7,2726,6,2664,6,2714,6,2693,6,2754,7,2803,6,2785,6,2621,6,2723,6,2788,7,2739,7,2661,6,2751,6,2547,6,2509,6,2528,6,3012,6,2916,6,3134,6,3080,6,3007,7,3055,6,3014,5,2801,6,2986,6
,3:52:00,37.1,2550,6,2482,6,2515,6,2543,6,2701,7,2714,6,2764,6,2738,7,2768,7,2681,6,2680,6,2768,6,2648,6,2511,6,2595,6,2752,7,2665,6,2653,6,2681,6,2752,6,2750,7,2726,6,2726,6,2717,6,2657,7,2723,6,2686,6,2757,7,2791,6,2797,6,2635,7,2728,6,2775,6,2731,6,2673,6,2744,6,2545,6,2510,6,2519,6,3000,6,2924,6,3148,6,3077,6,3011,6,3043,6,3024,7,2781,6,2981,6
,3:56:00,37,2554,6,2490,6,2520,6,2545,6,2704,6,2731,6,2760,7,2751,7,2777,6,2678,6,2698,6,2775,7,2645,6,2523,5,2598,6,2759,6,2686,6,2641,6,2687,7,2763,6,2744,6,2739,6,2737,6,2720,6,2671,7,2716,7,2693,6,2748,6,2807,6,2800,6,2637,6,2728,7,2773,7,2720,6,2661,6,2756,6,2541,6,2524,6,2527,6,3018,6,2927,6,3146,6,3079,6,3022,6,3056,6,3029,6,2788,6,2996,5
,4:00:00,37,2552,7,2483,6,2521,6,2551,6,2714,6,2735,7,2769,6,2748,6,2788,6,2681,7,2694,6,2773,7,2648,6,2515,6,2609,6,2764,7,2680,6,2646,6,2675,6,2766,6,2753,6,2734,6,2745,7,2709,6,2670,6,2727,6,2698,6,2745,6,2797,6,2789,6,2630,6,2719,6,2782,7,2728,6,2664,6,2756,6,2546,6,2517,6,2524,7,3013,6,2920,6,3137,6,3077,5,3018,7,3056,7,3025,6,2794,6,2992,6
,4:04:00,37,2551,7,2490,6,2521,7,2558,7,2711,6,2732,7,2769,6,2749,6,2774,6,2678,7,2702,6,2775,6,2653,6,2516,6,2594,6,2767,7,2673,6,2650,6,2675,6,2769,6,2747,6,2734,6,2748,6,2721,7,2676,7,2714,6,2693,6,2759,7,2803,6,2793,6,2631,7,2733,6,2784,6,2727,6,2675,6,2752,6,2551,6,2523,6,2534,6,3006,6,2930,6,3142,6,3082,6,3018,6,3063,6,3021,6,2801,6,2982,6
,4:08:00,37,2546,6,2486,7,2524,6,2558,7,2717,6,2733,6,2765,6,2759,7,2775,6,2687,7,2699,6,2780,6,2655,6,2521,7,2589,6,2758,6,2679,6,2646,6,2687,7,2773,7,2757,6,2743,6,2736,7,2726,6,2663,6,2709,6,2698,6,2757,6,2803,5,2803,6,2636,6,2728,6,2774,6,2716,6,2661,6,2755,5,2542,6,2517,6,2528,6,3013,6,2924,6,3133,6,3088,6,3010,7,3061,6,3022,6,2791,6,2991,6
,4:12:00,37,2555,6,2491,7,2521,6,2561,6,2715,6,2735,6,2760,6,2743,6,2770,7,2685,6,2695,6,2778,6,2660,6,2524,6,2597,6,2769,6,2688,6,2642,6,2666,6,2759,6,2759,6,2728,6,2722,7,2721,6,2675,6,2721,6,2705,6,2754,7,2802,6,2799,6,2631,6,2736,7,2777,6,2745,6,2668,6,2756,6,2546,6,2519,6,2535,6,3012,6,2930,7,3143,6,3081,6,3013,6,3052,6,3033,7,2798,6,2986,6
,4:16:00,37,2559,6,2484,6,2529,7,2564,6,2718,7,2735,6,2763,6,2742,6,2779,6,2687,6,2700,6,2779,6,2653,5,2516,6,2598,6,2761,6,2682,6,2653,6,2686,6,2776,6,2751,6,2731,6,2738,7,2734,7,2675,6,2724,6,2692,6,2758,7,2791,6,2799,6,2636,6,2731,7,2768,7,2732,6,2681,6,2754,5,2541,6,2530,6,2528,6,3023,7,2909,6,3136,7,3086,6,3024,6,3058,6,3029,6,2787,6,2985,6
,4:20:00,37.1,2555,6,2482,6,2521,6,2560,7,2715,7,2718,6,2753,7,2749,6,2767,7,2689,6,2696,6,2775,6,2651,6,2517,6,2588,7,2765,6,2681,6,2651,6,2674,7,2767,6,2733,6,2738,5,2729,6,2739,7,2654,6,2717,6,2691,6,2764,6,2808,6,2789,6,2641,6,2728,7,2780,6,2733,6,2676,6,2753,6,2551,6,2520,6,2537,6,3009,6,2921,6,3146,7,3084,6,3024,7,3054,6,3017,6,2778,6,3005,6
,4:24:00,37,2534,6,2486,7,2522,6,2552,6,2714,6,2738,6,2754,6,2748,6,2775,7,2683,6,2689,6,2781,6,2648,6,2523,6,2587,6,2752,6,2679,6,2653,7,2677,6,2773,6,2747,7,2718,5,2732,6,2716,7,2660,6,2713,6,2687,6,2743,7,2801,6,2799,6,2626,7,2721,6,2779,6,2717,7,2658,6,2758,6,2547,5,2521,7,2521,6,3010,6,2910,6,3140,6,3071,7,3005,7,3060,7,3016,6,2790,6,2997,6
,4:28:00,37,2546,6,2488,6,2519,6,2554,7,2715,6,2722,6,2765,7,2750,7,2776,6,2676,6,2690,7,2776,5,2639,7,2518,7,2595,6,2769,7,2684,6,2644,6,2673,7,2765,6,2745,7,2728,7,2729,6,2729,6,2662,6,2718,6,2692,6,2751,6,2801,6,2793,7,2645,6,2722,7,2779,7,2725,7,2670,6,2747,6,2542,5,2513,6,2529,6,3008,6,2924,6,3139,6,3075,7,3008,7,3052,7,3016,6,2797,6,2988,5
,4:32:00,37,2553,7,2494,6,2523,6,2556,6,2717,6,2733,6,2765,7,2755,7,2765,7,2689,7,2695,6,2798,6,2656,6,2521,6,2590,7,2779,6,2683,6,2650,6,2684,6,2762,6,2755,7,2736,6,2743,6,2725,6,2671,7,2723,6,2699,6,2766,6,2803,7,2804,7,2646,6,2725,6,2772,6,2731,6,2674,6,2749,7,2546,6,2526,6,2531,5,3017,6,2937,6,3140,6,3078,6,3014,6,3054,7,3021,6,2784,6,2993,6
,4:36:00,37,2557,6,2490,6,2529,6,2556,6,2711,7,2734,6,2759,6,2746,6,2773,7,2689,6,2699,6,2781,6,2650,6,2510,6,2605,5,2766,6,2686,7,2656,6,2678,7,2768,6,2751,7,2730,6,2747,6,2722,6,2672,6,2720,7,2711,6,2765,6,2802,6,2780,6,2646,6,2731,7,2782,7,2728,6,2672,6,2747,6,2551,7,2528,6,2535,6,3012,7,2909,5,3138,6,3084,6,3015,7,3051,6,3022,6,2782,6,2985,6
,4:40:00,37,2552,6,2492,6,2533,7,2562,7,2703,7,2735,7,2765,7,2757,6,2785,6,2681,6,2700,6,2787,7,2647,6,2517,7,2597,6,2765,7,2689,6,2651,6,2685,6,2768,6,2757,7,2736,6,2732,7,2724,6,2668,6,2726,6,2699,6,2763,6,2804,7,2809,6,2644,6,2734,6,2780,6,2749,6,2671,6,2768,6,2556,6,2512,6,2545,6,3015,7,2934,7,3147,7,3090,6,3020,6,3058,6,3032,6,2790,6,2998,6
,4:44:00,37.1,2548,6,2483,6,2541,6,2553,6,2722,6,2732,6,2762,6,2761,7,2771,7,2690,6,2688,6,2790,6,2646,6,2519,6,2609,6,2771,7,2687,7,2657,6,2673,6,2766,7,2754,7,2738,6,2738,6,2722,7,2672,7,2720,6,2698,7,2762,7,2803,6,2793,6,2645,6,2738,6,2780,6,2739,6,2678,7,2751,6,2544,6,2528,6,2525,6,3013,7,2919,6,3138,7,3084,6,3020,7,3058,6,3020,6,2782,6,2990,6
,4:48:00,37,2557,6,2481,6,2525,6,2566,7,2713,6,2735,6,2763,6,2746,6,2782,7,2681,7,2697,6,2775,6,2652,6,2513,7,2602,7,2760,6,2683,6,2648,6,2676,5,2774,6,2760,6,2733,6,2740,6,2725,6,2673,7,2717,6,2693,6,2761,7,2794,6,2809,6,2629,7,2729,7,2788,6,2730,6,2680,7,2745,6,2567,6,2514,6,2537,7,3009,6,2908,6,3141,6,3088,6,3010,6,3061,6,3026,7,2785,6,2980,5
,4:52:00,37,2550,6,2500,7,2525,7,2569,7,2709,6,2731,7,2762,6,2754,6,2784,7,2689,6,2693,6,2774,6,2652,6,2524,6,2607,7,2765,7,2669,6,2649,5,2691,6,2768,6,2760,6,2737,6,2736,6,2732,6,2672,6,2716,7,2692,6,2757,6,2804,6,2800,6,2644,6,2721,6,2780,6,2737,6,2676,6,2755,6,2556,6,2533,7,2526,6,3008,6,2918,6,3144,7,3075,6,3019,6,3063,6,3030,6,2805,6,2997,6
,4:56:00,37,2551,6,2486,6,2527,7,2552,6,2711,6,2725,7,2761,7,2754,6,2776,7,2691,6,2696,6,2785,6,2645,6,2512,6,2598,6,2761,6,2677,6,2647,6,2679,6,2766,6,2756,6,2737,6,2736,6,2733,6,2670,7,2714,6,2696,6,2758,6,2797,6,2799,6,2638,6,2726,6,2781,6,2731,6,2660,7,2755,5,2560,6,2524,7,2531,7,3001,6,2915,6,3131,7,3070,6,3006,6,3052,7,3023,7,2788,6,2989,6
,5:00:00,37,2556,6,2487,6,2529,7,2554,6,2708,6,2733,6,2764,6,2755,6,2770,7,2680,7,2688,7,2788,6,2650,7,2531,7,2598,6,2768,5,2685,6,2649,6,2687,7,2765,6,2760,6,2735,7,2733,6,2723,6,2663,6,2720,6,2692,6,2752,6,2799,6,2799,6,2637,6,2732,6,2781,6,2738,6,2676,6,2744,7,2554,6,2518,6,2535,6,2995,7,2925,6,3135,6,3086,6,3011,6,3062,6,3027,6,2789,6,2989,7
,5:04:00,37,2556,6,2493,6,2532,7,2559,7,2718,7,2735,6,2779,7,2751,7,2780,7,2680,6,2692,6,2777,6,2651,6,2525,6,2600,6,2765,6,2676,6,2659,6,2680,7,2768,7,2745,6,2736,6,2740,6,2724,6,2663,6,2719,6,2690,7,2757,7,2797,7,2804,6,2645,6,2735,7,2785,6,2728,6,2679,6,2764,5,2560,6,2515,6,2533,6,3022,7,2910,6,3144,6,3077,7,3011,7,3058,7,3030,5,2797,6,2992,6
,5:08:00,37,2563,6,2489,6,2531,6,2566,7,2719,6,2719,6,2764,6,2741,6,2775,7,2683,6,2690,6,2795,6,2644,6,2532,6,2607,6,2767,6,2689,7,2660,7,2682,6,2773,7,2762,7,2730,7,2735,6,2734,6,2672,5,2712,6,2701,6,2760,7,2794,6,2806,6,2650,6,2726,7,2796,6,2739,6,2674,6,2748,6,2555,6,2528,6,2541,5,3016,7,2927,7,3144,6,3089,6,3013,6,3054,7,3021,5,2780,6,2976,6
,5:12:00,37,2549,7,2484,6,2524,6,2561,5,2727,6,2731,7,2765,6,2757,6,2787,6,2690,7,2689,6,2776,6,2646,6,2521,6,2607,7,2759,6,2684,6,2662,6,2689,6,2765,6,2752,6,2741,6,2745,6,2718,6,2668,7,2720,6,2697,7,2741,6,2801,7,2804,7,2642,6,2739,6,2785,7,2747,6,2681,6,2754,6,2556,6,2528,6,2532,6,3015,7,2915,6,3149,7,3078,7,3010,6,3050,6,3025,6,2792,6,2988,6
,5:16:00,37,2548,7,2485,6,2542,6,2565,6,2714,7,2732,7,2772,7,2748,6,2766,6,2683,6,2696,6,2798,6,2650,6,2518,7,2595,7,2779,7,2694,7,2656,6,2688,6,2773,6,2751,6,2729,6,2747,6,2721,6,2670,6,2721,6,2696,6,2765,7,2808,7,2805,6,2646,6,2739,6,2779,6,2729,6,2682,6,2750,6,2564,6,2529,6,2535,6,3008,6,2925,6,3138,6,3079,6,3014,6,3052,7,3025,5,2798,6,2992,6
,5:20:00,37,2556,7,2496,6,2530,6,2558,7,2720,6,2737,6,2757,6,2755,6,2778,6,2684,6,2697,6,2786,6,2655,6,2528,6,2613,6,2787,6,2683,6,2648,7,2691,6,2766,6,2751,7,2727,5,2747,6,2739,6,2677,6,2726,6,2704,6,2774,6,2804,6,2804,6,2648,7,2735,7,2792,6,2736,6,2682,6,2749,5,2563,6,2525,7,2525,6,3009,6,2918,6,3147,6,3067,6,3010,6,3043,6,3030,6,2788,6,2987,6
,5:24:00,37.1,2555,6,2502,7,2525,6,2560,7,2712,6,2739,6,2767,6,2754,6,2769,7,2680,6,2691,7,2784,7,2648,6,2532,6,2603,6,2771,7,2688,6,2665,6,2696,7,2773,6,2752,6,2743,6,2746,6,2736,6,2685,7,2720,6,2691,6,2770,8,2805,5,2808,6,2639,6,2728,6,2784,7,2732,6,2679,6,2751,5,2563,6,2529,6,2544,7,3016,7,2920,7,3139,6,3082,6,3011,6,3060,6,3034,7,2794,6,2991,6
,5:28:00,37.1,2545,7,2493,6,2526,6,2558,6,2710,7,2727,7,2756,6,2747,7,2779,7,2683,6,2700,7,2781,6,2653,5,2527,6,2606,6,2770,6,2685,6,2654,7,2678,7,2781,7,2751,6,2727,6,2751,6,2727,6,2665,7,2716,7,2689,6,2761,6,2803,6,2796,6,2645,6,2719,6,2782,7,2737,6,2678,6,2757,6,2560,6,2525,6,2540,6,3006,6,2922,7,3145,6,3073,6,3015,6,3058,6,3010,6,2791,6,3001,6
,5:32:00,37,2556,7,2492,6,2528,6,2549,6,2712,6,2734,6,2758,6,2741,6,2783,6,2681,5,2691,7,2783,6,2658,7,2518,6,2598,6,2755,6,2678,7,2657,6,2698,7,2770,6,2757,6,2736,7,2745,6,2713,6,2665,6,2724,7,2697,6,2761,6,2801,7,2803,6,2645,6,2725,7,2791,6,2737,6,2680,6,2753,5,2567,5,2524,6,2537,6,3004,7,2918,6,3150,6,3076,6,3011,6,3059,7,3025,6,2787,6,2981,6
,5:36:00,37,2554,7,2502,6,2534,6,2561,7,2718,6,2724,7,2750,6,2758,7,2772,7,2693,7,2696,6,2775,6,2657,6,2508,6,2598,6,2774,7,2687,7,2654,6,2685,7,2775,7,2750,6,2731,6,2744,6,2734,5,2674,6,2727,7,2694,6,2759,6,2807,6,2798,6,2646,7,2738,6,2796,6,2740,6,2681,6,2755,6,2572,6,2525,7,2531,6,3016,6,2924,6,3147,6,3074,6,3008,6,3061,7,3025,6,2789,7,3002,6
,5:40:00,37.1,2555,6,2484,6,2525,7,2554,7,2713,7,2735,6,2755,6,2750,6,2788,6,2682,6,2686,6,2784,6,2665,6,2523,6,2610,6,2770,7,2680,6,2657,5,2677,6,2772,6,2752,7,2745,6,2741,6,2726,6,2674,6,2724,7,2713,6,2766,6,2807,6,2814,6,2642,7,2737,7,2790,6,2741,6,2691,7,2755,7,2568,6,2533,6,2527,6,3028,6,2924,6,3144,6,3083,7,3023,6,3065,6,3038,6,2806,6,2994,6
,5:44:00,37,2558,6,2497,6,2529,7,2550,6,2719,6,2735,6,2776,6,2760,7,2772,6,2693,7,2702,6,2797,6,2659,7,2529,6,2605,6,2775,6,2693,7,2669,7,2696,6,2784,6,2753,7,2740,6,2756,7,2737,6,2673,5,2719,6,2706,6,2773,7,2812,6,2801,6,2653,6,2735,6,2784,6,2742,6,2681,6,2758,7,2561,6,2530,6,2537,5,3014,6,2911,6,3137,7,3079,7,3020,6,3059,6,3021,6,2802,5,3005,6
,5:48:00,37,2555,6,2494,6,2526,6,2556,7,2723,6,2737,7,2760,7,2754,7,2763,6,2693,6,2700,6,2786,7,2656,7,2527,6,2610,7,2774,6,2672,7,2664,6,2694,6,2784,6,2757,6,2754,6,2748,6,2733,6,2668,6,2731,7,2699,5,2759,6,2808,7,2798,6,2656,7,2738,6,2785,7,2740,6,2681,6,2745,6,2567,7,2526,6,2544,6,3013,6,2928,6,3148,6,3086,6,3019,6,3063,6,3018,6,2801,6,2998,6
,5:52:00,37.1,2559,7,2489,7,2526,7,2566,7,2721,6,2736,6,2772,6,2763,6,2779,6,2695,6,2687,6,2788,6,2652,6,2528,6,2598,5,2767,7,2694,6,2673,6,2695,6,2782,7,2765,6,2738,6,2745,7,2738,6,2681,6,2727,6,2707,6,2755,7,2809,6,2809,6,2656,6,2739,7,2798,6,2744,6,2678,6,2765,6,2566,7,2539,6,2535,6,3010,7,2931,6,3128,6,3081,5,3029,7,3058,6,3010,7,2785,6,2997,6
,5:56:00,37,2556,7,2499,6,2525,6,2564,6,2728,6,2736,7,2765,6,2746,6,2785,7,2681,6,2692,6,2791,6,2661,7,2527,7,2602,6,2767,6,2686,7,2660,6,2699,6,2775,7,2756,6,2730,6,2747,6,2749,6,2664,7,2734,6,2705,6,2766,6,2806,6,2808,6,2654,7,2744,6,2786,6,2747,7,2678,7,2756,5,2565,6,2526,6,2537,6,3011,7,2920,6,3139,6,3087,7,3025,6,3060,6,3022,6,2792,5,2997,5
,6:00:00,37,2560,6,2502,7,2528,7,2567,7,2728,7,2734,6,2766,6,2759,7,2783,6,2684,6,2702,7,2785,6,2668,6,2534,6,2608,6,2773,6,2697,6,2663,6,2692,6,2771,7,2766,6,2745,6,2745,7,2731,6,2671,6,2719,6,2713,6,2769,6,2806,7,2808,6,2655,6,2737,6,2794,7,2749,6,2683,6,2755,6,2563,6,2527,6,2539,6,3004,7,2918,6,3142,6,3081,6,3013,6,3057,6,3022,7,2790,7,3005,6
,6:04:00,37,2559,6,2496,6,2533,6,2565,7,2731,6,2740,6,2769,6,2757,7,2797,6,2681,6,2705,6,2787,6,2672,6,2527,6,2603,6,2777,7,2692,7,2662,7,2696,6,2775,7,2766,6,2737,6,2753,6,2737,6,2670,6,2727,6,2706,6,2761,6,2811,7,2809,7,2648,6,2745,6,2807,6,2742,6,2687,6,2753,6,2562,7,2522,6,2539,6,3018,6,2917,7,3148,6,3085,6,3013,7,3055,7,3034,5,2792,6,2996,6
,6:08:00,37,2562,7,2497,6,2537,6,2561,6,2730,6,2736,6,2771,7,2765,7,2782,6,2693,6,2693,6,2793,6,2650,6,2525,6,2601,6,2771,6,2690,6,2663,6,2699,6,2784,6,2754,6,2747,6,2745,6,2736,6,2677,6,2735,6,2705,6,2770,7,2804,6,2811,7,2653,7,2746,7,2797,7,2758,7,2683,7,2757,7,2572,6,2526,6,2541,6,3018,6,2918,7,3132,6,3080,6,3022,6,3047,7,3033,7,2804,6,2990,6
,6:12:00,37.1,2551,6,2502,6,2525,6,2560,6,2720,7,2737,7,2772,6,2758,6,2786,6,2692,6,2705,7,2801,6,2652,6,2521,6,2613,6,2762,6,2689,6,2662,7,2699,7,2781,6,2756,6,2743,6,2754,6,2737,6,2684,6,2725,6,2701,6,2760,7,2816,6,2814,6,2658,7,2742,6,2798,6,2744,7,2689,6,2762,6,2570,6,2531,6,2548,7,3014,6,2927,6,3157,6,3091,6,3016,7,3064,7,3030,7,2796,6,2995,6
,6:16:00,37,2563,6,2497,7,2538,6,2562,6,2717,7,2730,6,2775,6,2758,7,2775,6,2692,6,2696,6,2792,6,2657,6,2546,6,2611,6,2779,6,2690,6,2664,6,2691,5,2781,7,2764,7,2739,6,2756,6,2745,6,2678,6,2741,6,2707,6,2773,6,2810,6,2814,7,2656,6,2727,7,2803,5,2743,6,2691,6,2765,6,2576,6,2527,6,2547,6,3022,6,2934,6,3139,6,3095,6,3020,7,3061,7,3028,7,2790,6,2987,6
,6:20:00,37,2566,6,2502,6,2535,6,2564,6,2726,7,2744,7,2776,6,2760,7,2769,6,2692,7,2708,6,2790,6,2664,6,2528,6,2618,6,2782,6,2703,6,2655,6,2698,6,2783,6,2763,7,2744,6,2751,6,2740,6,2673,6,2716,5,2708,7,2764,7,2810,7,2812,6,2653,6,2735,7,2802,6,2751,7,2692,6,2754,6,2576,6,2537,6,2547,6,3021,7,2921,6,3146,7,3075,7,3016,7,3062,7,3027,6,2792,6,2996,6
,6:24:00,37,2562,6,2496,6,2531,6,2565,6,2729,6,2749,6,2774,6,2762,7,2785,6,2701,6,2707,7,2792,6,2660,6,2541,6,2609,6,2784,6,2702,6,2674,6,2701,6,2787,6,2773,6,2759,6,2753,6,2744,6,2678,6,2736,6,2713,6,2784,7,2816,6,2823,6,2669,7,2740,6,2803,7,2741,6,2679,6,2758,6,2573,6,2543,6,2550,7,3020,6,2931,6,3150,6,3084,6,3016,7,3074,6,3027,6,2815,6,3003,6
,6:28:00,37,2552,6,2491,6,2531,6,2564,6,2714,6,2735,6,2770,6,2766,6,2788,6,2704,5,2698,6,2785,7,2661,6,2538,6,2612,6,2781,6,2692,6,2673,6,2704,6,2781,6,2769,7,2736,6,2750,7,2734,6,2683,7,2729,6,2719,6,2770,6,2819,6,2804,6,2648,6,2734,7,2809,6,2758,7,2687,6,2760,5,2567,6,2527,6,2543,6,3014,7,2924,6,3156,6,3095,6,3032,6,3063,6,3026,6,2802,5,2987,6
,6:32:00,37,2570,7,2496,6,2528,6,2567,6,2723,5,2740,6,2768,7,2757,6,2781,6,2690,6,2706,6,2801,6,2660,6,2527,7,2606,6,2779,6,2687,6,2668,7,2700,6,2780,6,2761,6,2752,6,2751,6,2744,6,2680,6,2732,6,2704,6,2762,6,2804,7,2808,6,2654,6,2746,7,2786,7,2752,6,2690,6,2766,6,2573,6,2532,7,2558,6,3013,6,2919,6,3143,6,3080,6,3031,7,3075,6,3034,6,2792,6,3002,6
,6:36:00,37,2561,6,2496,6,2526,7,2566,6,2726,7,2740,6,2770,6,2758,7,2785,6,2688,6,2705,6,2793,7,2661,7,2533,6,2607,6,2776,7,2688,7,2662,6,2692,7,2778,6,2758,6,2752,6,2744,6,2749,7,2677,6,2731,6,2702,6,2772,6,2808,7,2807,6,2657,7,2739,7,2793,7,2752,6,2696,6,2754,6,2569,7,2527,6,2552,6,3020,6,2925,6,3144,6,3085,6,3026,6,3054,6,3026,6,2798,6,2991,5
,6:40:00,37,2561,6,2505,7,2534,6,2574,6,2720,6,2752,7,2773,7,2759,6,2793,6,2698,6,2717,6,2804,6,2658,6,2537,6,2613,6,2778,6,2688,5,2671,6,2699,6,2782,6,2765,6,2750,6,2756,6,2742,7,2681,6,2732,6,2711,6,2765,7,2813,7,2810,6,2657,7,2759,6,2812,6,2757,6,2688,6,2768,6,2575,6,2529,7,2548,6,3029,7,2928,6,3143,6,3079,6,3021,7,3075,6,3035,5,2796,6,3003,6
,6:44:00,37,2566,6,2494,6,2541,6,2571,6,2725,7,2745,7,2770,6,2763,6,2781,7,2696,6,2711,7,2794,6,2678,6,2531,6,2616,6,2787,6,2694,6,2677,6,2707,6,2802,7,2772,7,2757,6,2758,7,2748,6,2675,6,2733,6,2703,7,2770,6,2816,6,2819,7,2670,6,2735,6,2809,7,2752,6,2698,6,2769,6,2576,6,2531,6,2561,5,3035,6,2934,6,3154,6,3089,6,3022,6,3063,7,3022,6,2818,7,3003,6
,6:48:00,37,2572,6,2497,6,2556,7,2570,6,2716,6,2748,6,2788,6,2762,7,2785,6,2693,6,2700,6,2795,6,2667,6,2546,7,2608,6,2784,6,2698,6,2675,6,2705,6,2778,7,2767,6,2752,6,2756,6,2753,6,2680,6,2737,6,2714,7,2775,7,2827,6,2830,6,2660,5,2745,7,2801,6,2747,6,2687,6,2764,6,2581,6,2523,6,2552,6,3011,7,2927,6,3153,6,3093,6,3023,6,3062,6,3029,7,2804,6,2990,6
,6:52:00,37,2566,7,2502,6,2535,7,2562,7,2716,6,2736,6,2774,6,2764,7,2780,7,2698,6,2708,7,2800,6,2669,6,2537,6,2614,7,2773,6,2706,6,2680,7,2707,6,2783,7,2775,6,2762,6,2755,6,2757,6,2696,6,2727,6,2713,7,2773,6,2820,6,2823,6,2653,7,2744,6,2806,6,2762,6,2702,6,2760,6,2571,6,2526,6,2546,6,3024,6,2931,6,3141,6,3081,6,3023,6,3073,6,3030,6,2799,6,3005,7
,6:56:00,37,2573,6,2506,6,2541,6,2570,6,2729,6,2739,6,2775,6,2763,7,2797,6,2700,6,2702,7,2795,6,2683,6,2540,6,2606,7,2782,7,2697,6,2673,6,2694,7,2773,6,2766,7,2750,6,2752,7,2754,6,2691,6,2725,6,2707,7,2775,7,2816,6,2801,7,2665,6,2744,6,2812,6,2753,6,2681,6,2770,7,2565,6,2533,6,2548,7,3017,6,2922,6,3157,6,3086,7,3022,6,3065,6,3028,6,2793,6,2987,6
,7:00:00,37.1,2565,6,2496,6,2538,7,2573,7,2723,6,2746,7,2781,6,2757,7,2778,6,2702,7,2697,6,2793,6,2666,6,2541,6,2615,7,2773,7,2697,7,2660,7,2691,6,2778,6,2758,7,2748,6,2748,6,2747,6,2685,6,2730,6,2709,6,2767,6,2823,7,2818,7,2646,7,2756,7,2804,7,2746,6,2681,6,2758,6,2580,6,2527,6,2551,5,3029,6,2938,7,3148,6,3095,6,3030,6,3067,6,3029,6,2796,6,3001,6
,7:04:00,37,2563,7,2492,6,2524,7,2569,6,2739,7,2732,6,2777,6,2762,6,2790,6,2690,6,2702,7,2795,6,2673,6,2536,6,2611,6,2776,6,2705,6,2670,6,2700,7,2793,7,2766,6,2753,6,2750,6,2753,7,2670,6,2727,6,2709,6,2770,7,2824,6,2821,6,2664,7,2732,7,2800,7,2760,6,2696,6,2764,6,2573,7,2528,6,2542,6,3014,7,2934,6,3145,5,3099,6,3022,7,3060,6,3025,6,2799,6,3005,6
,7:08:00,37.1,2556,6,2494,7,2529,7,2569,6,2727,6,2739,6,2775,6,2760,7,2785,6,2688,6,2709,6,2779,6,2658,6,2534,6,2603,7,2769,7,2695,6,2664,7,2694,6,2780,7,2761,7,2747,6,2750,6,2743,7,2674,6,2734,7,2708,6,2768,6,2816,6,2814,6,2655,7,2745,6,2809,6,2757,6,2689,6,2757,6,2584,6,2527,6,2549,6,3016,7,2928,7,3143,6,3080,6,3008,6,3057,6,3019,6,2793,6,3003,6
,7:12:00,37,2566,7,2497,6,2543,6,2577,6,2723,7,2747,6,2764,7,2763,6,2794,6,2694,6,2714,5,2787,7,2669,7,2527,6,2611,6,2774,7,2705,7,2671,6,2717,7,2779,6,2779,5,2759,7,2752,6,2751,6,2682,6,2718,6,2709,6,2769,7,2815,7,2823,6,2656,7,2754,6,2811,6,2749,6,2690,6,2767,6,2580,6,2533,6,2549,6,3018,5,2920,6,3146,6,3091,6,3022,6,3055,7,3032,7,2811,6,3002,5
,7:16:00,37,2556,7,2505,6,2522,6,2566,7,2726,7,2738,6,2765,6,2753,7,2781,6,2687,7,2709,6,2785,6,2653,6,2527,6,2613,6,2777,6,2693,7,2673,6,2706,7,2783,7,2764,7,2749,6,2753,6,2749,6,2683,6,2729,6,2702,5,2780,6,2813,6,2814,7,2656,7,2748,7,2807,6,2746,6,2694,7,2760,6,2580,6,2531,6,2554,5,3020,6,2918,6,3147,6,3094,6,3012,7,3070,6,3024,6,2801,6,2993,6
,7:20:00,37,2570,6,2498,6,2547,6,2574,7,2726,6,2734,6,2783,7,2754,7,2786,6,2700,6,2710,6,2789,6,2663,6,2537,6,2612,7,2780,6,2697,7,2674,6,2699,6,2788,6,2770,7,2755,6,2768,6,2744,6,2684,5,2733,6,2711,6,2772,6,2822,7,2819,5,2656,7,2744,6,2800,6,2754,6,2694,6,2765,7,2579,6,2530,6,2554,7,3028,6,2925,7,3134,6,3085,6,3026,7,3059,6,3031,6,2804,6,2998,6
,7:24:00,37,2568,6,2497,6,2543,7,2565,7,2721,6,2742,7,2764,7,2763,6,2783,6,2697,6,2713,6,2800,6,2668,7,2542,6,2615,7,2780,7,2686,7,2676,6,2704,6,2778,7,2778,7,2749,6,2756,6,2750,6,2684,6,2728,6,2704,7,2772,6,2826,6,2821,6,2654,6,2741,7,2802,7,2767,6,2698,6,2747,6,2584,6,2522,6,2544,6,3014,7,2927,6,3148,6,3095,6,3018,6,3059,6,3018,6,2795,6,3000,6
,7:28:00,37,2576,6,2494,6,2536,6,2572,7,2717,6,2743,6,2773,7,2771,6,2781,7,2703,6,2709,6,2788,6,2665,6,2532,7,2622,7,2781,7,2700,6,2688,6,2705,6,2782,6,2764,6,2756,6,2756,6,2745,7,2691,6,2735,7,2699,6,2777,6,2815,6,2817,7,2650,6,2753,6,2799,7,2743,5,2695,6,2756,6,2571,6,2536,7,2548,6,3028,6,2934,7,3143,6,3096,6,3019,6,3074,7,3031,7,2809,6,3009,5
,7:32:00,37,2573,6,2502,7,2540,6,2570,7,2725,5,2747,7,2778,6,2763,6,2791,7,2703,6,2711,6,2785,6,2669,6,2540,6,2618,6,2768,6,2699,6,2669,6,2718,6,2781,6,2772,7,2747,7,2756,6,2743,6,2698,6,2739,6,2714,6,2777,6,2823,7,2816,6,2660,6,2744,7,2809,7,2761,6,2690,6,2758,6,2577,6,2534,6,2556,6,3019,6,2932,6,3153,7,3085,6,3019,6,3075,6,3031,6,2817,6,2987,6
,7:36:00,37,2558,6,2499,6,2538,6,2569,7,2717,7,2753,6,2774,7,2767,6,2783,6,2688,6,2702,6,2793,6,2664,6,2536,6,2610,6,2788,6,2692,6,2670,6,2706,6,2776,7,2770,7,2746,6,2749,6,2750,6,2685,6,2718,7,2706,6,2776,7,2806,7,2822,6,2667,5,2743,6,2811,7,2756,6,2694,6,2766,6,2575,6,2536,7,2559,6,3021,6,2916,6,3141,6,3086,6,3020,7,3056,6,3031,7,2795,6,3003,6
,7:40:00,36.9,2566,7,2498,6,2536,6,2568,7,2721,7,2746,6,2765,7,2766,6,2782,6,2686,6,2706,7,2789,6,2657,6,2537,6,2609,6,2769,6,2699,6,2668,6,2703,6,2784,6,2770,6,2746,6,2754,6,2750,6,2676,6,2736,6,2708,6,2770,7,2818,6,2810,7,2679,7,2736,6,2801,7,2761,5,2693,6,2756,7,2574,6,2526,6,2551,6,3008,6,2929,6,3138,6,3092,6,3010,6,3066,6,3028,6,2806,6,2987,6
,7:44:00,37,2558,6,2503,6,2535,6,2561,6,2724,6,2730,7,2772,7,2762,6,2795,6,2697,6,2703,6,2789,6,2666,6,2534,7,2608,6,2783,6,2697,6,2663,6,2695,7,2787,6,2766,6,2738,6,2747,6,2757,7,2686,7,2732,6,2708,6,2773,6,2827,6,2825,7,2655,6,2745,6,2799,6,2752,6,2690,6,2741,6,2578,6,2530,6,2544,6,3008,7,2922,6,3145,7,3081,6,3019,7,3076,6,3025,6,2798,7,3013,6
,7:48:00,37,2563,6,2506,6,2536,6,2573,6,2731,7,2734,6,2773,7,2777,7,2795,7,2707,6,2705,6,2805,6,2654,7,2532,7,2619,7,2779,6,2697,6,2674,7,2702,6,2779,7,2783,6,2754,6,2748,6,2740,7,2683,7,2732,7,2704,6,2781,7,2821,7,2824,6,2666,6,2748,7,2800,6,2767,6,2703,6,2759,7,2583,7,2531,6,2564,6,3019,6,2928,7,3140,7,3082,6,3028,7,3068,6,3025,6,2802,6,2997,5
,7:52:00,37,2568,6,2507,6,2549,7,2577,6,2728,6,2741,7,2777,7,2767,7,2790,6,2706,6,2705,7,2802,6,2660,6,2543,6,2613,6,2779,7,2715,5,2685,6,2708,6,2793,7,2768,7,2750,7,2753,6,2749,5,2691,6,2736,6,2728,6,2770,6,2820,6,2838,6,2654,6,2757,7,2818,6,2751,6,2701,7,2761,6,2581,6,2526,5,2556,7,3016,7,2930,6,3145,6,3084,6,3034,6,3069,6,3026,6,2806,6,3010,6
,7:56:00,37.1,2564,6,2508,6,2539,6,2577,7,2721,6,2750,6,2782,7,2765,6,2791,7,2710,6,2704,6,2787,6,2662,7,2545,6,2616,6,2786,7,2702,6,2677,6,2695,6,2790,6,2769,6,2750,6,2767,6,2747,6,2688,6,2733,6,2707,6,2776,7,2819,6,2813,6,2666,7,2749,6,2810,6,2761,6,2704,6,2761,6,2581,6,2536,6,2561,6,3015,7,2929,6,3161,6,3086,5,3020,7,3058,6,3026,6,2804,6,3009,6
,8:00:00,37.1,2559,6,2490,6,2539,6,2565,6,2716,7,2741,7,2771,7,2771,6,2800,6,2695,6,2711,6,2785,7,2665,6,2529,6,2603,6,2775,6,2702,6,2671,7,2696,6,2787,7,2783,7,2756,6,2761,7,2748,6,2684,6,2724,6,2711,6,2786,6,2817,7,2813,6,2663,7,2745,6,2809,6,2746,6,2700,6,2751,6,2576,6,2536,7,2551,6,3036,6,2929,6,3153,6,3083,6,3027,7,3069,6,3019,6,2806,6,3001,6
,8:04:00,37,2564,6,2496,6,2545,7,2571,6,2725,7,2745,6,2781,7,2760,7,2782,6,2707,6,2709,7,2791,7,2658,6,2536,6,2615,7,2766,6,2689,7,2671,6,2708,6,2793,6,2776,6,2758,6,2760,6,2745,6,2681,6,2729,5,2719,5,2767,7,2820,6,2813,6,2670,6,2755,7,2810,6,2762,7,2687,6,2753,6,2578,6,2540,6,2558,7,3023,6,2921,6,3155,6,3084,6,3018,6,3059,6,3017,7,2800,5,3000,6
,8:08:00,37,2562,6,2506,6,2534,6,2568,6,2735,6,2752,6,2783,7,2763,7,2787,6,2706,6,2706,5,2786,7,2667,7,2531,6,2619,6,2775,7,2706,6,2676,7,2722,6,2797,6,2768,6,2764,6,2751,6,2759,6,2690,7,2728,6,2709,6,2772,6,2810,7,2817,6,2661,6,2745,6,2815,6,2759,6,2702,6,2754,6,2578,6,2542,7,2561,6,3015,7,2924,6,3148,6,3083,6,3020,6,3066,7,3021,6,2802,7,3002,6
,8:12:00,36.9,2565,6,2496,6,2542,6,2571,6,2731,6,2746,6,2776,6,2764,6,2789,6,2694,6,2710,6,2788,6,2653,6,2546,6,2619,6,2772,6,2696,6,2669,6,2706,7,2772,7,2776,7,2765,6,2753,6,2748,6,2684,6,2731,6,2714,6,2778,6,2811,6,2820,7,2658,6,2752,6,2810,7,2757,6,2700,6,2752,6,2585,6,2534,6,2548,6,3012,6,2930,7,3154,6,3084,6,3023,6,3055,6,3027,7,2802,6,2998,6
,8:16:00,37.1,2575,6,2503,6,2531,7,2566,6,2725,7,2746,6,2776,6,2771,6,2785,7,2702,6,2704,6,2803,6,2662,7,2551,7,2623,6,2782,7,2695,6,2686,6,2709,6,2787,6,2775,7,2758,6,2768,6,2756,7,2691,7,2724,6,2722,7,2785,6,2819,7,2817,6,2667,6,2752,7,2829,7,2756,6,2718,6,2750,6,2584,6,2544,5,2563,6,3027,7,2918,6,3142,6,3099,6,3027,6,3074,7,3031,6,2803,6,3007,6
,8:20:00,37,2567,7,2509,6,2538,6,2566,6,2730,6,2758,6,2787,6,2763,6,2792,7,2709,6,2712,7,2795,6,2659,6,2538,6,2620,6,2787,6,2698,7,2675,6,2706,6,2798,7,2793,7,2771,6,2760,6,2749,7,2690,6,2742,6,2722,6,2780,6,2819,7,2831,7,2665,7,2755,7,2812,6,2776,6,2710,6,2761,6,2585,5,2546,6,2560,6,3013,7,2924,6,3144,6,3095,6,3032,7,3061,7,3028,6,2797,6,2999,6
,8:24:00,37,2566,7,2497,6,2535,7,2579,6,2724,6,2747,6,2777,6,2774,6,2795,6,2706,6,2709,6,2795,6,2667,6,2539,6,2616,6,2784,6,2712,6,2677,6,2715,7,2807,6,2776,6,2766,7,2767,7,2749,6,2694,6,2730,6,2729,6,2782,6,2825,7,2821,7,2660,6,2746,7,2818,7,2770,6,2720,6,2764,6,2594,7,2542,6,2572,6,3025,7,2929,6,3143,7,3092,6,3036,6,3067,7,3032,6,2800,6,3017,6
,8:28:00,37,2563,7,2515,6,2552,6,2583,7,2730,7,2741,7,2771,7,2774,6,2799,6,2715,6,2722,6,2812,6,2670,6,2541,6,2617,6,2791,7,2705,6,2687,6,2711,6,2787,7,2778,6,2760,6,2773,6,2766,6,2696,6,2743,7,2716,7,2776,6,2837,6,2828,6,2659,6,2748,6,2817,6,2758,6,2702,6,2752,7,2593,6,2537,6,2560,6,3031,6,2931,6,3164,6,3090,6,3029,7,3071,6,3028,6,2807,6,3004,6
,8:32:00,37,2570,6,2500,6,2551,6,2578,6,2732,6,2754,6,2782,6,2767,6,2804,7,2713,6,2704,6,2798,7,2663,7,2544,6,2624,6,2796,7,2713,6,2673,6,2710,6,2792,7,2775,6,2760,6,2766,6,2756,6,2689,6,2742,6,2718,6,2788,7,2838,6,2819,7,2651,7,2752,6,2818,6,2773,6,2708,6,2765,6,2584,6,2536,6,2572,6,3032,7,2921,7,3155,6,3089,6,3035,6,3077,6,3033,6,2795,6,3001,7
,8:36:00,37,2567,7,2513,6,2551,6,2576,6,2730,6,2748,6,2777,6,2768,6,2796,6,2706,6,2709,6,2791,6,2660,6,2540,6,2622,7,2790,6,2705,6,2668,6,2712,6,2785,6,2777,6,2767,6,2761,6,2748,6,2697,7,2744,7,2716,6,2781,6,2823,6,2817,6,2661,7,2760,6,2809,6,2753,6,2692,6,2762,6,2587,6,2527,6,2562,6,3015,6,2925,6,3159,7,3091,6,3022,6,3067,6,3030,6,2809,6,3003,6
,8:40:00,37,2571,6,2514,7,2540,6,2571,7,2733,7,2763,6,2764,7,2767,6,2793,6,2701,6,2705,6,2788,6,2666,6,2533,7,2616,6,2780,7,2707,6,2685,7,2712,7,2792,6,2768,6,2752,6,2758,6,2754,6,2685,7,2739,6,2718,6,2773,6,2826,7,2825,6,2661,6,2751,6,2811,7,2750,6,2706,6,2755,6,2581,7,2540,6,2558,6,3019,7,2926,5,3152,6,3086,6,3036,7,3069,6,3026,6,2818,6,2995,7
,8:44:00,37,2573,6,2500,6,2539,6,2579,6,2724,6,2749,6,2767,6,2764,7,2787,6,2704,5,2702,6,2792,6,2664,6,2536,7,2626,6,2785,6,2707,6,2679,6,2710,7,2783,7,2760,6,2758,6,2747,6,2759,6,2706,6,2740,6,2721,6,2779,6,2812,6,2817,7,2664,6,2747,5,2816,7,2757,6,2710,6,2749,6,2585,6,2534,6,2554,6,3023,6,2919,6,3145,6,3100,6,3026,7,3066,6,3013,6,2806,6,3005,5
,8:48:00,37,2561,6,2507,6,2535,6,2574,7,2725,6,2747,7,2777,6,2764,7,2789,6,2697,6,2718,6,2786,6,2653,6,2533,7,2612,6,2787,6,2698,6,2687,6,2708,6,2788,6,2780,6,2758,6,2767,6,2755,6,2680,7,2734,6,2719,6,2788,7,2828,7,2822,6,2662,6,2746,6,2811,6,2771,6,2710,6,2757,6,2585,6,2534,6,2560,6,3015,6,2924,6,3145,6,3084,6,3034,7,3057,7,3036,6,2794,5,2993,6
,8:52:00,37,2575,6,2505,7,2535,6,2568,7,2731,6,2751,7,2775,6,2761,7,2797,6,2698,6,2706,7,2810,7,2673,6,2536,6,2615,6,2797,6,2694,6,2680,6,2707,6,2793,7,2780,7,2761,6,2761,6,2763,6,2696,6,2729,6,2711,7,2786,6,2829,6,2832,6,2659,7,2754,6,2821,6,2768,6,2704,6,2762,6,2598,7,2542,6,2567,6,3022,6,2921,6,3151,6,3089,6,3028,6,3074,7,3036,7,2811,6,3007,6
,8:56:00,37,2570,6,2505,7,2549,6,2589,6,2736,6,2743,7,2784,6,2779,7,2810,6,2721,7,2710,6,2800,6,2656,6,2536,7,2631,6,2787,7,2710,6,2684,6,2709,6,2790,6,2790,6,2763,6,2763,6,2756,6,2693,6,2743,7,2725,7,2790,6,2831,6,2830,7,2678,6,2758,6,2827,7,2765,6,2714,6,2756,6,2597,6,2537,6,2567,6,3032,6,2934,6,3146,6,3098,6,3030,6,3066,7,3039,6,2819,6,3011,6
,9:00:00,37,2574,6,2520,7,2541,6,2580,7,2733,6,2752,6,2797,6,2780,6,2804,7,2701,6,2710,6,2793,6,2660,6,2534,7,2618,7,2779,6,2700,6,2692,6,2716,6,2810,6,2776,6,2756,6,2765,6,2761,6,2688,7,2718,6,2720,7,2784,6,2834,6,2840,6,2670,6,2756,7,2826,7,2771,7,2702,6,2766,6,2605,6,2539,6,2565,6,3036,6,2934,6,3169,6,3102,6,3024,7,3068,6,3033,6,2814,6,3002,6
,9:04:00,37.1,2577,7,2500,6,2541,7,2585,7,2722,7,2748,6,2776,7,2769,7,2801,6,2704,6,2714,6,2803,6,2670,7,2542,7,2617,6,2783,6,2702,6,2678,7,2721,6,2791,6,2775,6,2758,6,2768,5,2761,6,2690,6,2728,5,2722,6,2777,7,2821,7,2822,6,2675,7,2757,7,2822,6,2766,6,2699,6,2770,6,2584,6,2534,7,2558,6,3027,6,2924,7,3158,6,3083,6,3032,6,3066,6,3025,6,2807,6,2999,6
,9:08:00,37,2575,6,2508,6,2547,6,2574,7,2743,7,2752,6,2781,6,2769,6,2795,6,2710,6,2708,6,2792,6,2674,6,2535,6,2615,5,2791,6,2711,7,2685,6,2710,7,2793,6,2773,7,2765,7,2769,6,2742,6,2691,6,2733,6,2709,6,2791,7,2820,6,2833,6,2676,6,2760,6,2812,6,2772,6,2702,6,2769,6,2590,6,2533,6,2567,7,3023,7,2932,6,3145,6,3102,6,3025,7,3067,6,3037,6,2820,6,2995,6
,9:12:00,37,2575,6,2509,6,2555,7,2573,6,2739,7,2750,7,2782,7,2766,7,2801,7,2709,6,2715,7,2812,6,2668,6,2546,6,2621,6,2788,6,2712,6,2687,6,2717,6,2802,7,2778,6,2766,6,2772,6,2771,6,2698,6,2747,7,2721,6,2782,6,2829,6,2831,6,2665,6,2756,6,2822,6,2773,6,2730,6,2767,6,2600,6,2540,6,2562,6,3021,6,2944,6,3149,6,3100,7,3022,6,3059,6,3033,6,2797,6,3005,5
,9:16:00,37,2581,6,2513,6,2547,6,2577,7,2736,7,2748,6,2785,7,2766,7,2799,6,2711,6,2701,7,2803,6,2668,7,2538,6,2625,6,2791,6,2707,6,2681,5,2721,7,2797,6,2780,6,2759,6,2764,6,2754,6,2694,6,2736,6,2708,7,2790,7,2823,6,2830,6,2680,6,2760,6,2815,6,2764,6,2714,7,2764,6,2592,6,2541,6,2559,6,3026,7,2923,6,3151,6,3089,6,3023,6,3066,6,3031,6,2796,7,3003,6
,9:20:00,37,2579,6,2507,6,2544,7,2579,6,2734,6,2744,6,2783,7,2776,7,2794,6,2716,6,2712,7,2795,6,2664,6,2553,7,2624,6,2794,6,2709,7,2693,7,2713,7,2806,6,2784,7,2756,6,2765,7,2763,7,2688,6,2742,6,2723,6,2781,6,2821,7,2828,7,2681,6,2756,6,2815,7,2764,6,2704,7,2750,6,2589,6,2538,6,2560,6,3025,6,2934,6,3153,7,3093,6,3024,7,3067,6,3045,6,2807,6,3009,6
,9:24:00,37,2579,7,2517,6,2541,7,2576,6,2738,6,2753,7,2788,7,2771,6,2795,7,2709,6,2715,6,2795,7,2673,6,2547,6,2615,6,2794,7,2711,6,2686,6,2714,7,2795,6,2783,6,2765,6,2775,6,2759,7,2693,7,2744,6,2727,6,2774,7,2833,7,2841,6,2676,6,2766,6,2813,6,2772,6,2704,6,2760,6,2590,6,2546,6,2576,6,3026,6,2937,6,3157,6,3087,7,3023,7,3071,6,3032,6,2812,5,2995,6
,9:28:00,37.1,2570,7,2508,7,2539,6,2576,7,2741,7,2754,7,2773,7,2772,6,2796,7,2697,6,2721,6,2806,6,2667,7,2541,6,2622,7,2795,7,2722,6,2681,6,2709,6,2794,7,2776,6,2771,6,2766,7,2757,6,2686,7,2743,7,2734,7,2793,7,2832,7,2825,6,2682,6,2753,6,2823,6,2762,6,2717,6,2772,6,2597,6,2550,6,2575,6,3030,6,2932,6,3152,6,3095,6,3017,6,3061,7,3025,6,2812,6,3003,6
,9:32:00,37,2575,6,2516,6,2557,6,2580,7,2731,6,2754,6,2784,7,2770,6,2799,7,2705,5,2720,6,2800,6,2668,6,2548,6,2623,7,2792,6,2706,7,2692,7,2719,7,2796,6,2779,7,2762,5,2772,6,2750,6,2684,7,2741,7,2717,6,2789,6,2828,7,2823,6,2684,6,2751,7,2814,6,2770,6,2711,6,2757,6,2598,6,2533,6,2580,6,3028,6,2923,6,3160,7,3085,6,3033,6,3073,7,3032,6,2806,7,3009,6
,9:36:00,37.1,2578,7,2510,6,2546,6,2583,7,2734,6,2748,7,2775,6,2769,6,2801,7,2704,7,2729,7,2802,6,2667,6,2547,6,2622,6,2794,6,2707,6,2695,6,2716,6,2797,7,2795,7,2760,6,2765,6,2773,6,2688,6,2735,6,2718,6,2779,7,2827,7,2839,6,2686,6,2760,6,2828,6,2770,7,2711,6,2761,6,2590,6,2535,7,2574,6,3035,7,2924,6,3156,6,3092,6,3025,6,3084,7,3025,6,2806,6,3010,6
,9:40:00,37,2574,6,2527,6,2548,6,2584,6,2727,6,2758,7,2784,7,2773,6,2796,6,2702,6,2728,7,2803,7,2683,7,2533,7,2630,6,2796,6,2707,6,2693,6,2716,6,2795,6,2783,6,2768,6,2776,6,2768,5,2704,7,2736,7,2730,6,2801,6,2832,6,2827,6,2678,6,2763,6,2822,6,2775,6,2714,6,2768,6,2600,6,2547,5,2569,6,3030,6,2934,6,3161,6,3097,6,3028,6,3063,6,3034,7,2812,6,3020,6
,9:44:00,37,2575,6,2502,6,2549,6,2577,7,2732,7,2758,6,2786,7,2770,6,2799,7,2701,7,2715,6,2797,6,2674,6,2544,6,2625,6,2795,6,2710,6,2682,6,2713,6,2794,7,2786,6,2758,6,2766,6,2760,6,2697,7,2742,7,2728,6,2785,7,2827,6,2827,6,2667,6,2763,7,2819,6,2763,6,2711,6,2754,5,2585,6,2539,6,2562,6,3028,6,2937,6,3159,6,3097,6,3024,6,3059,6,3039,6,2794,6,2995,7
,9:48:00,37,2579,6,2507,7,2544,7,2572,6,2736,7,2754,7,2782,6,2771,6,2795,6,2719,6,2711,5,2792,6,2666,6,2546,6,2622,6,2777,6,2703,6,2685,6,2721,6,2794,7,2779,6,2765,6,2768,6,2750,6,2683,6,2740,6,2711,6,2784,7,2828,7,2822,6,2675,6,2748,6,2816,7,2768,6,2710,6,2754,6,2596,6,2534,6,2564,5,3019,6,2923,6,3144,6,3089,6,3014,7,3068,6,3024,6,2813,7,3001,6
,9:52:00,37,2566,7,2513,7,2543,6,2575,7,2724,6,2755,6,2774,6,2755,6,2799,6,2703,6,2707,7,2798,6,2667,6,2555,6,2620,7,2788,7,2709,6,2682,6,2705,6,2804,7,2784,6,2776,6,2766,7,2766,6,2686,6,2734,7,2719,6,2780,6,2824,6,2827,7,2673,7,2754,7,2799,6,2763,5,2704,6,2764,6,2591,7,2533,7,2561,5,3026,6,2934,7,3146,6,3086,6,3026,6,3061,6,3030,6,2798,6,2984,6
,9:56:00,37,2575,6,2520,6,2553,7,2574,6,2737,6,2751,6,2766,6,2765,6,2790,7,2718,5,2724,6,2797,6,2674,6,2549,7,2627,6,2789,6,2713,7,2689,7,2711,6,2797,7,2786,7,2761,7,2775,6,2754,6,2698,6,2732,7,2722,6,2782,6,2826,7,2827,7,2665,6,2758,7,2812,6,2775,6,2710,7,2758,7,2597,6,2540,6,2572,6,3025,7,2938,6,3150,6,3084,6,3024,6,3065,6,3030,6,2807,6,3001,6
,10:00:00,37,2573,5,2509,6,2551,6,2573,6,2737,6,2747,6,2784,6,2764,6,2798,6,2705,6,2714,6,2802,6,2667,6,2547,6,2625,6,2788,6,2716,6,2688,6,2710,7,2804,6,2782,6,2767,6,2767,7,2772,7,2698,7,2749,6,2723,5,2788,7,2825,6,2832,6,2682,6,2757,7,2830,6,2774,7,2717,6,2751,6,2590,6,2543,6,2560,6,3032,6,2935,6,3162,6,3091,6,3019,6,3070,6,3039,6,2812,6,3000,6
,10:04:00,37,2568,6,2517,7,2544,6,2582,6,2740,6,2750,6,2791,6,2767,7,2809,7,2713,6,2713,7,2807,6,2671,6,2547,6,2629,6,2802,6,2717,6,2679,6,2714,6,2795,6,2781,6,2773,6,2771,6,2756,6,2692,6,2743,6,2717,6,2789,6,2831,7,2830,6,2678,6,2770,6,2831,6,2772,6,2713,6,2758,5,2591,6,2547,7,2579,6,3027,7,2944,7,3157,6,3095,6,3027,7,3069,6,3035,7,2814,6,3005,6
,10:08:00,37,2583,6,2517,6,2553,6,2578,7,2727,6,2760,6,2790,6,2771,6,2789,7,2712,6,2717,6,2808,6,2661,7,2556,6,2627,6,2796,6,2713,6,2687,6,2717,6,2788,7,2790,6,2769,6,2780,6,2763,6,2703,7,2735,6,2730,6,2785,6,2834,6,2828,7,2673,7,2757,5,2829,6,2770,6,2714,6,2767,6,2599,6,2548,6,2561,6,3034,6,2920,6,3152,6,3094,6,3030,6,3079,6,3043,6,2809,7,3008,6
,10:12:00,37,2575,6,2508,7,2544,6,2586,6,2742,7,2748,7,2781,6,2782,6,2789,6,2708,5,2707,6,2810,6,2667,7,2546,6,2618,6,2786,5,2711,6,2684,6,2717,6,2787,6,2784,6,2761,7,2776,6,2762,6,2689,6,2747,6,2725,6,2793,7,2829,6,2839,6,2679,7,2764,6,2814,6,2780,7,2715,6,2756,6,2601,6,2542,6,2568,6,3027,6,2936,6,3167,7,3104,5,3018,6,3072,7,3037,7,2815,6,3015,6
,10:16:00,37,2577,6,2522,6,2552,6,2584,6,2735,7,2754,6,2786,7,2779,7,2799,6,2710,6,2719,6,2796,6,2663,6,2543,6,2623,7,2789,6,2718,6,2691,7,2717,6,2792,7,2790,6,2780,6,2772,6,2770,6,2692,6,2742,6,2735,7,2785,6,2828,7,2828,6,2676,7,2766,7,2833,6,2773,6,2712,6,2751,6,2597,6,2547,6,2574,6,3026,6,2924,6,3154,7,3099,6,3016,6,3061,6,3040,6,2821,6,3012,6
,10:20:00,37,2581,7,2512,6,2551,6,2582,6,2737,7,2756,6,2795,6,2772,6,2792,6,2709,7,2725,7,2801,7,2671,6,2550,7,2624,6,2793,6,2706,6,2687,6,2726,6,2800,7,2790,6,2769,6,2778,7,2762,6,2695,6,2745,6,2735,6,2777,7,2829,6,2828,6,2680,6,2766,6,2812,7,2775,6,2705,6,2761,6,2593,6,2533,6,2574,6,3021,7,2922,6,3144,6,3093,6,3026,7,3070,6,3038,7,2815,6,3010,6
,10:24:00,37,2584,7,2517,7,2548,6,2585,6,2741,6,2753,7,2777,7,2771,6,2808,6,2706,6,2723,6,2793,7,2689,6,2556,6,2622,7,2795,6,2703,6,2692,7,2712,7,2801,6,2781,6,2780,5,2790,6,2762,6,2696,6,2740,6,2721,6,2793,6,2841,6,2832,6,2694,7,2755,6,2818,6,2780,6,2696,6,2758,6,2613,6,2547,6,2570,6,3033,6,2926,6,3161,6,3093,6,3037,6,3073,7,3031,6,2803,6,3008,6
,10:28:00,37,2580,6,2514,6,2552,6,2580,7,2732,6,2751,6,2790,6,2774,6,2798,6,2704,5,2722,6,2800,6,2670,6,2548,6,2631,5,2798,6,2708,6,2683,6,2714,6,2794,7,2768,6,2777,7,2780,6,2758,6,2698,6,2745,6,2729,6,2785,6,2840,7,2850,6,2673,6,2762,6,2823,7,2767,6,2724,6,2766,6,2604,6,2547,6,2572,6,3015,7,2934,6,3152,6,3096,6,3029,6,3068,7,3030,6,2811,6,3008,6
,10:32:00,37,2580,6,2511,6,2547,6,2574,7,2727,6,2755,6,2782,6,2779,6,2798,6,2709,6,2718,6,2798,6,2668,7,2553,6,2620,6,2793,6,2717,6,2686,6,2713,7,2800,6,2793,6,2777,6,2774,6,2766,6,2691,7,2734,6,2722,6,2787,7,2835,7,2844,7,2674,7,2754,6,2820,6,2777,6,2719,5,2767,7,2609,6,2536,6,2573,6,3027,7,2927,6,3147,6,3086,6,3017,6,3068,6,3039,6,2806,6,3014,6
,10:36:00,37,2577,6,2512,6,2550,6,2583,6,2732,7,2752,7,2776,7,2777,6,2805,6,2714,6,2709,7,2809,6,2672,7,2556,6,2636,6,2791,7,2722,6,2699,7,2717,6,2794,6,2799,6,2765,6,2762,6,2777,6,2687,6,2741,7,2726,6,2785,7,2831,6,2843,6,2678,7,2750,6,2832,6,2777,6,2714,6,2761,6,2605,6,2537,7,2568,7,3024,6,2938,6,3149,7,3110,6,3022,6,3068,7,3033,6,2813,6,3008,6
,10:40:00,37,2578,6,2512,6,2552,7,2584,6,2740,6,2757,6,2791,7,2775,6,2800,6,2721,7,2722,7,2804,6,2668,6,2552,6,2632,7,2787,7,2710,7,2693,6,2716,6,2804,6,2785,6,2770,7,2786,6,2764,6,2695,7,2746,6,2730,6,2789,7,2839,6,2830,6,2682,6,2766,6,2821,6,2777,7,2715,6,2770,6,2606,6,2543,7,2571,6,3028,6,2935,6,3156,6,3093,6,3025,6,3067,6,3032,6,2809,6,3014,6
,10:44:00,37,2584,7,2518,6,2562,7,2584,7,2745,6,2766,6,2795,6,2781,7,2803,6,2718,6,2722,6,2807,6,2670,6,2554,6,2635,6,2804,6,2721,6,2692,7,2722,6,2812,6,2781,7,2775,6,2788,6,2767,6,2696,6,2741,6,2730,6,2797,6,2836,7,2840,6,2680,6,2760,7,2837,6,2782,6,2726,7,2759,6,2613,6,2538,6,2573,6,3027,6,2949,6,3162,6,3104,6,3041,7,3088,6,3032,7,2807,6,3001,6
,10:48:00,37,2583,6,2516,6,2548,7,2586,6,2735,7,2762,6,2788,7,2783,6,2791,7,2714,6,2728,6,2799,6,2665,6,2553,6,2627,6,2799,7,2714,6,2681,6,2719,7,2801,6,2797,7,2771,6,2787,6,2769,6,2703,6,2740,6,2726,6,2803,7,2843,6,2833,6,2678,7,2754,6,2827,7,2775,6,2715,7,2751,6,2603,6,2549,6,2572,6,3031,6,2944,6,3158,6,3096,5,3019,6,3061,7,3036,6,2806,6,3017,5
,10:52:00,37,2582,6,2509,7,2554,6,2574,6,2734,7,2750,7,2780,6,2781,6,2800,6,2721,5,2714,6,2802,6,2669,6,2538,6,2618,6,2776,6,2715,7,2688,6,2724,7,2800,6,2798,7,2775,6,2782,6,2755,6,2709,6,2729,6,2718,6,2794,6,2836,6,2837,6,2672,6,2757,7,2823,7,2774,7,2720,6,2748,6,2605,6,2543,6,2573,7,3020,6,2927,5,3146,6,3080,6,3024,6,3067,6,3024,6,2813,6,3012,6
,10:56:00,37,2579,6,2511,7,2546,6,2579,7,2739,6,2746,7,2767,6,2759,7,2795,6,2706,6,2712,6,2800,6,2669,7,2558,6,2614,6,2785,6,2708,5,2679,6,2714,7,2796,6,2787,7,2774,7,2772,6,2769,6,2689,7,2741,7,2717,6,2783,7,2833,7,2832,7,2670,6,2750,6,2810,6,2774,7,2710,7,2753,7,2604,6,2538,6,2575,6,3022,7,2926,7,3145,6,3083,6,3034,6,3054,6,3025,5,2806,6,2996,6
,11:00:00,37.1,2586,6,2518,6,2547,7,2575,6,2738,7,2763,6,2786,6,2761,6,2797,6,2708,6,2718,6,2803,6,2670,6,2544,6,2618,5,2797,7,2724,6,2683,6,2714,6,2789,7,2779,6,2781,6,2776,6,2762,6,2691,7,2738,7,2733,6,2791,6,2826,6,2826,6,2663,6,2764,7,2820,6,2767,6,2721,7,2765,6,2591,6,2540,7,2570,6,3023,6,2935,7,3163,6,3093,6,3024,7,3069,6,3031,6,2805,6,2997,7
,11:04:00,37,2587,6,2520,6,2549,6,2585,7,2732,6,2753,7,2784,6,2776,7,2793,7,2714,6,2720,6,2794,6,2671,6,2551,7,2636,7,2790,7,2712,6,2689,6,2732,6,2804,6,2785,6,2766,7,2774,6,2764,6,2700,7,2743,7,2730,6,2786,6,2826,6,2827,6,2686,7,2766,6,2830,7,2765,6,2730,6,2754,6,2597,6,2548,6,2563,6,3026,7,2937,6,3156,6,3103,6,3026,6,3068,6,3027,6,2809,6,3008,6
,11:08:00,37,2588,6,2519,6,2549,6,2586,7,2727,6,2759,6,2775,5,2787,7,2796,6,2719,6,2724,6,2804,6,2673,7,2559,7,2626,6,2794,6,2722,6,2692,6,2719,7,2791,6,2788,6,2775,6,2770,6,2770,6,2695,7,2751,6,2724,6,2792,6,2827,6,2836,6,2689,7,2763,6,2828,6,2778,6,2717,5,2770,6,2611,6,2543,6,2580,6,3025,6,2936,7,3161,6,3094,6,3034,7,3083,6,3035,6,2805,6,3014,6
,11:12:00,37,2568,7,2510,6,2556,6,2585,6,2744,7,2763,7,2788,6,2769,6,2805,6,2709,6,2714,6,2810,6,2671,6,2556,6,2631,6,2799,7,2719,7,2688,7,2712,6,2793,6,2787,6,2778,6,2775,7,2767,6,2700,6,2739,6,2725,6,2792,7,2832,6,2841,6,2677,6,2761,6,2830,6,2782,6,2721,6,2769,6,2613,6,2542,7,2558,7,3021,6,2939,7,3154,6,3087,6,3033,6,3077,6,3043,6,2802,6,3010,6
,11:16:00,37,2584,6,2518,6,2548,7,2592,7,2735,6,2755,7,2780,6,2772,7,2806,6,2719,6,2723,6,2788,7,2671,6,2555,6,2616,6,2791,7,2717,7,2690,6,2715,6,2795,5,2792,6,2772,6,2776,6,2767,6,2699,6,2741,5,2717,6,2786,6,2837,6,2837,6,2682,6,2753,6,2821,7,2784,6,2727,6,2758,6,2596,6,2554,6,2565,6,3029,6,2926,6,3151,6,3088,6,3021,6,3069,7,3040,6,2812,6,3002,6
,11:20:00,37,2594,6,2521,6,2540,6,2587,6,2738,6,2762,7,2786,6,2779,6,2797,6,2712,6,2720,7,2793,6,2666,6,2546,6,2626,6,2799,6,2728,6,2697,6,2724,7,2798,6,2791,7,2770,6,2784,6,2766,7,2701,6,2749,6,2729,6,2784,6,2835,6,2835,6,2684,6,2760,6,2828,6,2777,6,2720,6,2766,6,2609,6,2544,7,2571,6,3033,6,2926,6,3148,6,3092,6,3028,7,3073,7,3024,5,2800,6,3010,6
,11:24:00,37,2587,6,2516,6,2554,7,2593,6,2737,7,2760,6,2789,6,2772,6,2789,6,2711,6,2733,6,2799,7,2671,7,2564,6,2622,7,2796,6,2715,7,2696,6,2720,5,2807,6,2798,7,2769,6,2773,6,2777,6,2696,6,2728,6,2722,6,2783,6,2833,6,2838,6,2678,6,2758,7,2832,6,2775,7,2727,6,2758,6,2606,6,2539,6,2578,6,3027,6,2941,6,3155,7,3093,6,3017,7,3072,6,3039,6,2813,6,3009,6
,11:28:00,37,2588,6,2516,6,2551,6,2588,6,2744,6,2756,7,2774,6,2776,7,2803,7,2710,7,2722,7,2807,6,2665,6,2554,7,2622,6,2783,6,2705,7,2689,6,2709,6,2800,6,2789,6,2779,6,2774,6,2766,6,2699,7,2746,6,2736,7,2775,6,2829,7,2840,7,2680,6,2760,6,2823,6,2764,7,2708,5,2758,6,2608,6,2546,6,2573,6,3043,6,2931,6,3145,7,3096,7,3034,6,3068,6,3022,6,2810,6,3008,6
,11:32:00,37,2588,7,2523,6,2551,7,2582,7,2749,6,2759,6,2791,7,2782,6,2795,7,2718,7,2724,6,2813,6,2672,6,2553,6,2629,6,2789,6,2721,7,2700,7,2715,6,2808,7,2799,6,2778,6,2777,5,2764,6,2696,6,2746,6,2739,7,2790,6,2842,6,2846,7,2691,6,2757,6,2829,6,2770,6,2721,6,2751,6,2604,6,2551,6,2566,6,3019,7,2934,5,3157,6,3105,6,3024,6,3078,6,3037,6,2819,6,3010,6
,11:36:00,37,2585,6,2528,5,2549,6,2572,7,2740,7,2757,6,2783,6,2784,7,2797,6,2717,6,2731,6,2800,5,2670,6,2553,7,2628,7,2796,6,2719,6,2691,7,2724,6,2794,6,2796,6,2772,6,2775,6,2768,6,2710,6,2737,7,2732,6,2789,6,2822,6,2832,7,2684,7,2759,7,2827,7,2765,6,2716,7,2765,6,2615,6,2545,6,2579,6,3028,7,2943,6,3162,7,3089,5,3022,7,3062,6,3026,6,2801,6,2999,6
,11:40:00,37,2582,6,2516,6,2558,6,2589,6,2743,6,2755,7,2779,6,2777,6,2802,7,2708,6,2713,6,2805,6,2675,6,2562,6,2630,6,2798,6,2722,6,2697,6,2722,6,2801,7,2793,7,2779,7,2771,6,2761,7,2701,7,2751,6,2736,7,2799,7,2831,7,2849,6,2681,6,2763,6,2825,7,2775,6,2730,6,2762,6,2610,5,2541,6,2568,6,3024,6,2939,7,3163,7,3108,6,3035,6,3076,7,3017,6,2808,6,3014,6
,11:44:00,37,2584,7,2514,7,2543,6,2584,6,2740,7,2765,6,2791,6,2780,6,2795,7,2718,7,2723,6,2808,6,2673,6,2557,7,2625,6,2799,6,2728,6,2715,7,2716,7,2804,6,2793,6,2788,6,2780,6,2762,7,2692,5,2747,7,2722,7,2798,7,2840,7,2837,6,2685,6,2765,6,2823,7,2782,7,2722,7,2764,5,2609,6,2547,6,2574,6,3027,7,2931,6,3146,6,3098,6,3023,6,3074,7,3039,6,2814,6,3004,6
,11:48:00,37,2576,6,2539,6,2556,6,2576,7,2741,7,2757,6,2788,6,2779,6,2800,7,2710,6,2723,6,2798,6,2679,6,2552,6,2642,6,2797,7,2727,7,2693,6,2736,6,2807,7,2801,6,2782,5,2791,6,2769,6,2692,6,2740,6,2736,6,2791,6,2840,6,2835,6,2677,6,2761,6,2816,7,2772,6,2713,6,2771,6,2616,6,2552,6,2581,6,3027,7,2939,7,3158,6,3088,6,3047,7,3072,7,3034,6,2812,6,3003,5
,11:52:00,37,2594,6,2516,6,2554,5,2584,7,2740,7,2757,6,2797,7,2783,6,2803,6,2714,6,2726,7,2805,6,2671,6,2558,6,2627,6,2792,7,2722,6,2693,7,2721,6,2809,6,2799,6,2780,7,2758,6,2769,7,2709,6,2746,6,2727,6,2797,7,2847,7,2838,6,2695,7,2771,6,2827,6,2773,6,2708,7,2758,6,2621,7,2544,6,2569,6,3042,7,2938,6,3166,7,3096,6,3019,7,3078,6,3037,7,2818,6,3012,6
,11:56:00,37.1,2574,6,2520,6,2559,6,2581,7,2732,6,2754,6,2790,6,2770,6,2800,6,2720,6,2726,5,2806,6,2687,7,2548,7,2626,6,2797,6,2729,6,2691,6,2719,6,2802,7,2791,6,2785,6,2775,6,2768,6,2696,7,2735,6,2731,6,2790,6,2838,6,2835,6,2679,6,2769,6,2827,6,2773,6,2717,6,2760,6,2613,6,2536,6,2571,6,3023,6,2930,6,3170,6,3099,6,3018,6,3062,6,3024,6,2808,6,2997,6
,12:00:00,37,2583,7,2518,7,2550,7,2585,6,2736,6,2758,6,2774,6,2766,6,2797,6,2709,6,2734,6,2806,5,2661,6,2546,7,2621,6,2800,6,2721,7,2687,6,2717,6,2801,6,2781,7,2781,6,2791,6,2770,7,2701,6,2744,6,2722,6,2788,6,2825,7,2831,6,2674,6,2763,7,2817,6,2782,5,2720,6,2762,6,2610,6,2545,6,2578,7,3021,7,2931,6,3158,6,3100,6,3030,7,3071,7,3035,6,2814,6,3009,7
,12:04:00,37,2577,6,2524,6,2546,6,2582,7,2736,6,2746,7,2784,7,2767,6,2792,6,2712,7,2720,6,2799,6,2654,7,2545,7,2625,6,2787,7,2722,6,2703,6,2715,6,2790,6,2789,6,2774,6,2765,6,2753,7,2693,6,2742,6,2728,6,2806,6,2838,7,2842,6,2681,6,2753,6,2816,7,2777,6,2728,6,2760,6,2622,6,2538,6,2566,6,3011,6,2934,6,3155,6,3097,6,3015,6,3059,6,3026,6,2803,6,3003,6
,12:08:00,37,2591,6,2529,6,2550,7,2596,7,2742,7,2755,6,2789,7,2781,6,2797,6,2712,6,2728,6,2804,6,2684,6,2555,6,2630,6,2796,7,2727,6,2694,6,2724,7,2799,6,2785,6,2786,6,2780,6,2765,6,2705,6,2745,7,2727,6,2808,6,2839,6,2842,7,2686,6,2773,6,2832,6,2780,7,2734,6,2771,6,2614,6,2557,6,2573,6,3031,7,2927,6,3150,6,3089,5,3017,6,3069,6,3032,6,2808,6,3005,6
,12:12:00,36.9,2583,7,2533,6,2563,6,2592,5,2735,6,2762,6,2789,6,2775,6,2807,7,2715,6,2727,7,2824,6,2685,6,2552,6,2627,6,2810,6,2715,7,2708,6,2729,7,2811,6,2800,7,2775,5,2780,6,2765,7,2702,6,2751,6,2734,6,2796,6,2848,6,2839,7,2686,6,2771,7,2833,7,2786,5,2719,6,2768,6,2623,7,2545,5,2585,6,3024,6,2940,6,3152,7,3101,6,3029,7,3070,6,3026,6,2807,6,3011,7
,12:16:00,37.1,2587,6,2523,6,2561,6,2588,6,2743,6,2753,6,2800,6,2770,7,2804,7,2719,6,2726,6,2791,6,2676,6,2551,6,2642,6,2799,7,2715,6,2704,7,2727,6,2803,7,2795,5,2783,6,2785,6,2777,5,2703,6,2744,7,2726,6,2797,6,2846,6,2835,6,2687,7,2768,7,2834,6,2777,7,2723,6,2767,6,2630,6,2547,7,2577,5,3032,7,2929,6,3149,6,3088,6,3033,6,3070,7,3022,6,2815,6,3013,6
,12:20:00,37,2587,6,2522,6,2562,6,2589,6,2745,7,2756,6,2791,7,2780,6,2804,6,2726,6,2731,6,2807,6,2674,7,2553,6,2631,6,2810,6,2723,6,2703,6,2727,6,2803,6,2790,6,2784,6,2778,7,2770,6,2704,6,2743,6,2728,6,2805,7,2848,6,2852,6,2688,6,2779,6,2836,6,2786,6,2722,5,2762,6,2615,7,2558,6,2574,7,3027,7,2931,6,3160,6,3096,6,3025,7,3076,6,3033,6,2817,6,3004,6
,12:24:00,37,2592,6,2519,7,2561,6,2588,6,2728,6,2745,6,2792,6,2777,7,2806,7,2717,6,2721,6,2806,6,2670,6,2540,7,2626,5,2796,7,2718,7,2693,7,2732,7,2806,6,2794,7,2771,6,2782,6,2765,6,2696,5,2739,6,2733,6,2791,7,2834,7,2840,7,2681,6,2764,6,2832,7,2781,7,2726,6,2750,6,2602,7,2547,7,2574,6,3023,6,2929,6,3154,7,3098,7,3017,6,3062,7,3027,6,2800,6,2991,7
,12:28:00,37,2591,6,2532,6,2558,6,2591,7,2731,6,2761,6,2790,6,2775,7,2804,6,2720,6,2736,6,2803,6,2676,6,2553,6,2634,6,2808,6,2738,6,2696,6,2719,6,2809,6,2797,7,2778,6,2789,7,2770,6,2695,6,2749,6,2724,6,2787,6,2851,6,2841,7,2700,6,2766,7,2833,5,2776,6,2722,6,2773,6,2621,7,2549,7,2587,6,3020,6,2928,5,3147,6,3099,6,3026,6,3066,7,3025,6,2820,6,3007,6
,12:32:00,37,2586,7,2526,6,2570,7,2591,7,2734,6,2760,7,2779,7,2783,6,2804,6,2706,6,2715,6,2807,6,2669,6,2550,7,2627,6,2804,7,2720,7,2695,6,2732,6,2791,6,2788,6,2780,6,2780,6,2765,6,2701,7,2743,6,2727,6,2798,7,2831,6,2851,7,2684,7,2765,6,2821,7,2780,6,2723,6,2759,6,2624,7,2542,6,2571,6,3022,6,2928,6,3145,6,3088,6,3026,7,3053,6,3023,6,2811,6,2996,6
,12:36:00,37,2601,6,2525,7,2558,6,2586,6,2745,6,2752,7,2792,6,2779,6,2809,7,2711,5,2728,6,2799,5,2672,7,2549,6,2638,6,2804,6,2721,6,2705,6,2728,7,2810,6,2800,6,2779,6,2782,6,2768,7,2691,6,2754,6,2731,6,2793,7,2844,7,2840,6,2691,7,2766,5,2834,6,2774,6,2723,6,2771,5,2618,6,2543,6,2589,6,3035,7,2932,6,3149,6,3089,7,3027,6,3067,6,3019,6,2791,5,3004,6
,12:40:00,37,2586,6,2531,6,2568,7,2585,7,2728,6,2750,6,2797,6,2777,7,2797,6,2725,6,2730,7,2810,6,2676,6,2547,6,2626,7,2812,6,2723,6,2690,7,2727,7,2811,7,2797,7,2779,6,2795,7,2775,6,2706,6,2742,6,2732,6,2796,7,2839,6,2841,6,2682,6,2777,7,2821,6,2774,6,2717,6,2764,6,2621,6,2540,6,2572,7,3023,7,2927,6,3155,7,3100,6,3015,6,3068,6,3027,6,2820,6,3007,6
,12:44:00,37,2584,6,2528,6,2559,6,2587,6,2746,7,2768,7,2792,6,2783,6,2799,6,2723,6,2728,7,2812,5,2664,6,2555,6,2631,7,2803,6,2725,7,2695,6,2720,6,2796,6,2795,7,2787,6,2781,7,2764,6,2704,6,2746,6,2731,7,2794,6,2846,7,2846,5,2695,6,2768,5,2835,6,2780,6,2714,5,2764,6,2620,6,2553,6,2573,6,3021,7,2941,6,3160,6,3086,6,3034,7,3074,6,3028,6,2811,6,2997,5
,12:48:00,37,2589,7,2528,5,2564,6,2597,6,2734,7,2753,6,2782,6,2783,6,2789,6,2722,6,2725,6,2816,6,2672,6,2557,6,2644,6,2805,6,2733,6,2695,7,2725,6,2813,6,2800,6,2789,6,2784,6,2771,6,2706,6,2760,6,2743,6,2803,7,2849,6,2837,6,2681,6,2767,6,2835,6,2776,6,2723,6,2774,6,2626,6,2545,7,2576,6,3027,6,2950,6,3147,6,3105,6,3030,6,3071,6,3031,5,2811,6,3008,6
,12:52:00,37,2598,6,2525,7,2562,6,2595,6,2745,6,2755,6,2782,6,2792,7,2796,6,2728,6,2735,7,2802,6,2671,6,2557,7,2633,7,2790,6,2722,6,2696,7,2723,6,2795,6,2790,6,2791,6,2781,6,2765,6,2707,7,2749,6,2740,6,2795,6,2835,6,2852,6,2675,6,2772,7,2830,6,2782,6,2722,7,2764,6,2620,6,2556,6,2581,6,3022,6,2938,7,3149,6,3102,6,3039,7,3064,6,3011,6,2818,7,3014,6
,12:56:00,37,2592,6,2534,6,2566,6,2589,6,2747,6,2760,7,2789,6,2777,6,2805,6,2727,7,2729,6,2819,6,2666,6,2563,7,2633,6,2804,6,2729,6,2698,6,2731,6,2802,7,2798,6,2785,7,2789,6,2785,5,2709,6,2756,6,2723,6,2798,7,2847,6,2845,7,2690,6,2762,7,2829,7,2776,6,2732,7,2771,6,2626,6,2559,7,2578,6,3024,6,2934,5,3153,6,3094,6,3032,6,3069,7,3026,7,2816,5,2998,5
,13:00:00,37,2585,6,2526,7,2559,6,2587,7,2739,6,2755,6,2773,6,2772,6,2808,7,2722,6,2730,6,2793,5,2666,7,2559,6,2627,6,2801,7,2727,6,2696,6,2731,7,2806,6,2801,6,2782,6,2786,5,2776,6,2708,6,2738,6,2726,6,2792,6,2837,6,2838,7,2694,6,2773,7,2838,7,2784,6,2714,6,2756,6,2619,6,2546,6,2576,6,3017,6,2932,7,3170,7,3093,6,3022,6,3080,6,3030,6,2804,6,3009,6
,13:04:00,37,2601,7,2520,7,2564,7,2594,6,2738,6,2755,6,2778,6,2767,6,2797,7,2726,6,2729,7,2805,7,2668,7,2548,6,2630,6,2793,6,2728,6,2704,6,2730,7,2793,7,2789,7,2793,6,2783,6,2765,6,2704,5,2743,6,2735,6,2801,7,2840,7,2844,6,2681,6,2769,6,2845,7,2779,6,2717,6,2759,6,2613,7,2549,6,2581,6,3022,6,2929,6,3151,7,3095,7,3027,7,3064,6,3032,6,2811,6,3002,6
,13:08:00,36.9,2595,6,2532,6,2569,7,2592,6,2740,6,2746,7,2788,7,2770,7,2805,6,2714,6,2720,7,2811,7,2667,6,2553,7,2630,6,2800,7,2729,6,2697,7,2735,7,2801,7,2792,7,2782,5,2793,6,2762,6,2702,6,2744,6,2733,6,2786,6,2844,6,2846,6,2690,6,2765,6,2822,6,2780,7,2726,6,2758,6,2625,7,2548,7,2570,5,3027,7,2933,6,3152,6,3097,6,3029,6,3066,6,3038,6,2800,6,3003,6
,13:12:00,37,2605,6,2534,6,2573,6,2593,7,2737,6,2756,7,2797,6,2784,7,2813,7,2724,6,2725,6,2807,6,2680,7,2556,6,2630,5,2802,7,2731,7,2688,6,2726,7,2808,6,2794,7,2783,6,2783,6,2782,7,2700,6,2751,6,2728,6,2802,7,2841,6,2836,6,2695,6,2765,7,2845,6,2790,6,2725,6,2768,7,2634,6,2552,7,2580,6,3037,7,2939,7,3149,7,3089,6,3038,7,3062,6,3029,6,2810,6,2999,6
,13:16:00,37,2598,6,2534,6,2560,7,2588,6,2747,6,2755,6,2785,7,2775,7,2813,6,2723,6,2733,6,2804,7,2664,6,2564,6,2641,6,2810,6,2726,7,2695,6,2743,6,2797,6,2795,6,2794,7,2784,7,2778,7,2714,6,2752,6,2734,7,2805,7,2839,6,2848,7,2693,6,2772,6,2829,7,2783,5,2724,6,2768,6,2629,6,2557,6,2588,6,3012,7,2939,6,3153,6,3095,6,3028,6,3063,6,3037,6,2817,6,3004,6
,13:20:00,37,2614,6,2531,6,2558,7,2595,7,2750,6,2763,7,2786,6,2791,6,2809,6,2723,6,2740,6,2805,6,2673,7,2561,6,2644,7,2803,7,2730,6,2700,7,2728,7,2803,7,2801,6,2787,6,2789,5,2775,6,2704,6,2746,6,2746,7,2814,7,2850,7,2839,6,2697,6,2767,7,2843,6,2790,6,2726,6,2761,7,2630,6,2555,7,2583,6,3023,6,2939,6,3156,6,3093,6,3027,6,3064,7,3034,7,2822,6,3001,6
,13:24:00,37,2608,6,2530,7,2567,6,2595,6,2737,6,2760,6,2799,6,2771,6,2805,6,2729,6,2739,6,2808,7,2667,6,2559,6,2638,7,2807,6,2719,5,2705,7,2741,7,2811,6,2816,7,2798,6,2798,6,2771,6,2705,5,2759,6,2745,6,2803,7,2846,6,2850,6,2690,6,2776,7,2821,7,2781,6,2728,6,2763,6,2629,6,2552,7,2585,6,3025,6,2935,6,3162,6,3105,6,3029,7,3061,7,3037,7,2798,6,3011,6
,13:28:00,37,2596,7,2533,6,2559,7,2584,6,2744,6,2760,6,2780,7,2764,7,2793,6,2719,7,2742,7,2810,7,2679,6,2552,5,2639,5,2802,6,2730,6,2697,6,2732,7,2808,7,2799,7,2786,6,2786,6,2782,6,2704,6,2749,6,2737,5,2801,6,2849,7,2852,6,2701,7,2773,7,2843,6,2784,6,2730,6,2756,6,2624,7,2562,6,2579,6,3020,6,2933,6,3148,7,3093,7,3032,7,3065,6,3027,6,2820,6,3013,7
,13:32:00,37.1,2611,6,2532,6,2568,6,2597,7,2741,6,2762,6,2786,6,2779,6,2792,6,2716,6,2740,7,2812,5,2667,7,2560,7,2629,6,2796,6,2728,7,2694,6,2739,6,2805,6,2794,6,2796,7,2794,6,2770,6,2708,7,2748,6,2732,6,2795,7,2848,6,2843,6,2693,7,2776,7,2853,6,2791,6,2722,6,2774,6,2628,6,2563,6,2584,6,3037,6,2934,6,3156,6,3097,6,3032,6,3077,6,3035,6,2813,6,2996,6
,13:36:00,37,2598,6,2531,6,2573,7,2592,6,2736,6,2758,6,2780,7,2785,7,2807,6,2721,6,2729,6,2801,6,2666,6,2555,6,2638,6,2809,6,2738,6,2687,6,2741,6,2805,7,2799,6,2797,5,2793,6,2774,7,2704,6,2745,6,2745,7,2797,7,2846,7,2851,6,2702,6,2770,6,2841,7,2788,6,2739,7,2767,6,2638,6,2554,6,2585,6,3027,7,2931,6,3156,6,3093,6,3039,7,3067,7,3026,6,2809,6,3016,5
,13:40:00,37,2608,6,2532,6,2576,6,2596,7,2739,6,2758,6,2792,7,2786,7,2814,6,2723,5,2744,6,2801,6,2677,6,2561,6,2638,6,2801,7,2730,6,2699,7,2731,6,2807,6,2797,6,2787,6,2785,6,2775,6,2698,7,2747,6,2729,6,2812,6,2844,7,2841,7,2698,6,2773,7,2829,6,2785,7,2735,7,2770,6,2630,7,2557,7,2583,6,3014,7,2928,6,3146,6,3089,6,3022,7,3067,6,3032,6,2811,7,2993,7
,13:44:00,37,2611,6,2543,6,2572,6,2603,6,2741,7,2757,7,2800,7,2766,6,2807,7,2727,6,2750,7,2797,6,2673,6,2561,6,2644,7,2811,6,2720,6,2713,6,2734,6,2809,7,2796,7,2797,6,2787,6,2778,6,2711,7,2757,7,2739,6,2806,6,2858,6,2851,5,2697,6,2775,7,2835,6,2792,6,2732,6,2771,6,2634,7,2556,6,2585,6,3035,7,2936,6,3150,6,3086,6,3024,7,3064,6,3050,6,2817,6,3008,6
,13:48:00,37,2616,6,2529,6,2574,6,2596,7,2732,7,2748,6,2784,7,2775,6,2800,7,2718,6,2742,7,2808,6,2677,6,2561,6,2646,7,2802,6,2732,6,2715,6,2729,6,2814,6,2801,7,2796,6,2788,6,2783,7,2710,7,2738,6,2741,7,2794,6,2845,6,2847,7,2682,6,2773,6,2832,6,2793,6,2721,6,2766,6,2623,6,2556,6,2574,6,3022,7,2928,6,3156,7,3094,7,3022,6,3068,7,3033,6,2816,6,2997,6
,13:52:00,37,2606,7,2536,6,2564,6,2594,7,2734,6,2759,7,2787,6,2775,7,2810,7,2729,6,2743,7,2808,6,2669,6,2567,6,2645,6,2808,7,2735,6,2706,6,2743,6,2807,6,2810,7,2797,6,2786,7,2782,6,2713,6,2745,7,2729,6,2805,7,2855,7,2849,6,2699,7,2776,6,2835,6,2785,7,2731,6,2764,6,2632,5,2557,6,2579,6,3025,6,2946,6,3145,6,3088,7,3023,6,3071,6,3019,6,2814,7,3014,5
,13:56:00,37,2610,6,2535,5,2575,7,2599,7,2749,6,2760,6,2806,7,2781,6,2803,6,2729,6,2734,6,2802,6,2673,6,2562,6,2630,5,2820,6,2729,6,2689,6,2737,7,2813,7,2803,6,2798,6,2795,6,2783,6,2704,6,2757,6,2732,6,2805,6,2859,6,2849,7,2695,7,2777,6,2839,6,2772,6,2722,6,2769,6,2628,6,2561,6,2586,6,3028,7,2931,6,3169,6,3076,6,3030,7,3072,6,3027,7,2815,5,2998,5
,14:00:00,37,2619,7,2540,6,2565,6,2593,7,2741,6,2761,6,2796,6,2780,6,2808,5,2731,6,2739,6,2806,6,2674,7,2566,6,2635,7,2803,7,2733,6,2717,7,2746,7,2814,6,2799,6,2789,6,2801,7,2786,6,2710,7,2758,6,2742,6,2815,6,2852,7,2842,6,2709,6,2776,6,2838,6,2797,6,2728,6,2766,6,2636,6,2557,6,2585,6,3028,6,2936,6,3159,7,3106,6,3030,6,3071,6,3032,6,2811,7,3007,6
,14:04:00,37,2606,6,2545,6,2576,7,2596,5,2749,6,2763,7,2789,6,2770,6,2815,6,2722,6,2739,6,2811,6,2676,5,2569,7,2639,6,2808,6,2734,6,2707,6,2745,6,2819,6,2801,6,2802,6,2793,6,2780,5,2704,6,2755,6,2739,6,2810,6,2848,7,2855,6,2700,7,2772,6,2836,6,2788,7,2736,6,2778,5,2636,6,2556,6,2598,6,3030,6,2939,6,3156,7,3106,6,3032,7,3077,6,3041,6,2809,6,3008,6
,14:08:00,37,2614,6,2539,6,2573,5,2590,6,2750,6,2761,6,2786,6,2777,7,2800,7,2732,7,2742,6,2803,6,2674,7,2555,6,2639,6,2803,6,2733,6,2698,7,2732,6,2808,6,2795,7,2785,7,2784,6,2780,7,2708,6,2751,5,2746,7,2801,6,2863,6,2842,6,2700,6,2773,6,2840,7,2784,6,2739,6,2774,6,2628,6,2557,6,2586,6,3017,6,2936,6,3150,6,3087,6,3026,6,3067,7,3033,6,2812,6,3011,6
,14:12:00,37,2622,6,2538,6,2577,7,2598,6,2727,6,2759,7,2790,6,2779,6,2809,6,2722,6,2741,6,2807,6,2674,7,2562,7,2643,6,2801,6,2731,6,2703,7,2730,7,2809,6,2794,7,2795,6,2787,6,2780,6,2706,6,2750,6,2734,6,2814,6,2843,6,2843,6,2683,6,2785,6,2836,7,2789,6,2741,6,2765,7,2637,7,2556,6,2579,7,3024,6,2935,6,3152,6,3089,6,3030,6,3069,6,3026,6,2814,7,3005,6
,14:16:00,37,2610,6,2545,7,2579,5,2604,7,2739,6,2749,7,2786,7,2788,6,2812,6,2728,6,2742,6,2805,6,2677,6,2559,7,2639,5,2807,6,2738,6,2702,6,2743,6,2814,6,2808,6,2802,6,2791,7,2784,6,2712,7,2749,6,2738,6,2801,7,2862,6,2848,5,2704,6,2768,7,2847,6,2800,6,2740,6,2768,6,2644,7,2556,6,2593,6,3031,6,2932,6,3168,6,3103,6,3021,6,3072,6,3038,6,2800,6,3013,6
,14:20:00,37.1,2614,6,2554,6,2577,6,2609,6,2746,7,2752,6,2778,6,2778,6,2800,6,2735,6,2748,6,2796,6,2675,7,2561,6,2642,6,2803,7,2730,6,2710,7,2738,6,2811,6,2805,6,2805,6,2789,6,2777,6,2702,6,2761,7,2748,6,2823,6,2864,6,2845,6,2703,6,2784,6,2843,6,2775,6,2738,6,2770,7,2644,6,2564,6,2591,6,3014,7,2939,7,3158,7,3091,6,3024,6,3072,7,3039,6,2814,6,3009,6
,14:24:00,37,2614,6,2532,6,2580,6,2604,6,2747,7,2765,7,2788,6,2779,6,2801,7,2728,6,2745,7,2807,5,2678,6,2569,6,2643,6,2810,7,2736,7,2711,6,2742,6,2803,6,2813,6,2788,5,2798,7,2783,6,2711,6,2753,5,2734,6,2809,6,2863,6,2844,6,2700,7,2777,7,2837,6,2792,6,2736,6,2775,6,2651,7,2556,6,2588,5,3030,7,2929,6,3159,7,3101,6,3025,6,3070,7,3030,6,2821,6,3001,6
,14:28:00,37,2611,6,2533,7,2574,7,2604,6,2724,7,2757,6,2783,6,2765,7,2804,7,2738,6,2746,6,2805,6,2673,7,2561,6,2650,7,2811,6,2736,6,2703,6,2739,6,2813,6,2794,6,2796,6,2791,6,2777,6,2711,6,2747,6,2734,6,2814,6,2852,6,2850,6,2692,7,2785,7,2845,6,2779,6,2743,6,2781,6,2645,6,2566,6,2589,6,3020,6,2934,5,3159,6,3087,6,3025,7,3060,6,3038,6,2806,6,3002,6
,14:32:00,37.1,2621,7,2544,5,2571,7,2603,7,2747,6,2758,6,2794,6,2782,6,2804,6,2731,7,2746,6,2808,6,2665,7,2555,6,2644,6,2803,7,2737,7,2706,7,2746,6,2824,8,2810,6,2799,6,2798,6,2781,6,2715,6,2756,6,2737,7,2805,6,2856,6,2854,7,2702,6,2779,7,2830,6,2773,5,2739,6,2769,6,2639,6,2563,7,2591,7,3021,6,2930,6,3160,6,3090,7,3019,6,3059,6,3020,6,2805,6,3004,6
,14:36:00,37,2610,7,2549,6,2578,7,2595,6,2743,6,2761,7,2790,6,2774,6,2808,7,2729,6,2753,6,2801,6,2669,6,2566,6,2629,7,2803,7,2731,6,2705,7,2740,6,2799,7,2796,7,2801,6,2781,7,2787,6,2711,6,2757,6,2742,6,2820,6,2853,6,2852,7,2692,6,2773,6,2841,6,2794,6,2737,7,2778,6,2643,6,2571,6,2590,6,3028,6,2925,6,3155,7,3100,6,3028,6,3075,7,3035,6,2814,6,3005,6
,14:40:00,37,2617,7,2542,6,2580,7,2606,6,2740,6,2758,7,2800,6,2773,6,2802,7,2731,6,2745,6,2807,6,2676,7,2566,6,2643,6,2815,7,2736,6,2709,6,2745,7,2817,7,2805,7,2810,6,2796,7,2779,6,2720,6,2757,6,2748,6,2813,6,2853,6,2849,6,2703,6,2781,7,2844,7,2798,5,2734,6,2775,6,2661,5,2571,6,2593,6,3034,6,2933,6,3153,6,3097,6,3039,7,3074,6,3038,6,2818,6,3003,6
,14:44:00,37,2624,6,2557,6,2583,6,2608,7,2741,7,2748,6,2790,7,2783,6,2800,7,2737,6,2751,7,2808,6,2671,6,2564,7,2629,6,2808,6,2739,6,2714,6,2736,7,2821,7,2814,6,2788,6,2777,6,2799,6,2713,7,2738,6,2749,6,2817,6,2872,6,2849,6,2705,6,2782,7,2833,6,2779,6,2736,6,2769,6,2635,7,2568,6,2590,6,3018,6,2935,6,3144,6,3083,6,3026,7,3059,6,3027,6,2810,6,2996,6
,14:48:00,37,2620,6,2541,6,2585,6,2598,6,2751,6,2746,7,2781,6,2785,6,2801,6,2727,6,2763,6,2812,6,2673,6,2560,7,2640,7,2804,7,2741,6,2712,6,2737,7,2821,7,2801,6,2803,6,2790,6,2784,6,2705,6,2749,6,2745,6,2821,6,2860,6,2853,7,2698,6,2778,7,2834,7,2787,6,2735,7,2765,6,2648,6,2557,6,2587,5,3033,6,2917,7,3152,7,3096,7,3032,7,3064,7,3036,6,2826,7,3003,7
,14:52:00,37,2622,6,2552,6,2577,7,2606,6,2746,6,2765,7,2795,6,2770,7,2802,6,2732,6,2757,7,2797,7,2672,6,2574,6,2634,7,2815,7,2747,6,2715,6,2733,6,2813,6,2799,6,2800,6,2792,6,2799,7,2709,6,2749,6,2741,6,2825,6,2854,7,2852,7,2705,6,2778,6,2841,7,2787,5,2745,7,2774,6,2648,6,2565,6,2598,5,3015,7,2932,6,3148,6,3091,6,3025,6,3059,7,3023,6,2813,6,3005,6
,14:56:00,37.1,2621,6,2547,6,2587,7,2605,6,2743,6,2761,6,2796,6,2780,7,2801,6,2736,6,2748,6,2808,6,2677,7,2568,6,2651,6,2821,6,2752,7,2707,6,2746,7,2804,8,2809,6,2813,5,2798,5,2806,6,2707,6,2745,6,2733,6,2823,7,2868,6,2857,6,2708,7,2783,6,2839,6,2791,6,2736,6,2783,6,2641,6,2567,6,2598,6,3029,7,2926,6,3167,6,3091,6,3025,6,3082,6,3033,6,2813,5,3014,6
,15:00:00,37,2622,6,2545,6,2582,6,2598,6,2749,7,2773,6,2800,6,2782,7,2794,7,2723,6,2754,6,2805,5,2672,6,2568,7,2643,6,2810,6,2738,6,2709,6,2740,6,2817,6,2797,7,2805,6,2791,7,2795,7,2711,6,2756,5,2741,6,2822,7,2865,7,2856,6,2691,6,2787,6,2847,6,2789,6,2738,7,2783,6,2651,6,2576,6,2589,6,3032,6,2946,7,3149,6,3097,6,3028,6,3085,6,3038,7,2806,6,3010,6
,,,,,,,,,,,,,,,,,,,,,,,,,,,,,,,,,,,,,,,,,,,,,,,,,,,,,,,,,,,,,,,,,,,,,,,,,,,,,,,,,,,,,,,,,,,,,,,,,,
"485,610",,,,,,,,,,,,,,,,,,,,,,,,,,,,,,,,,,,,,,,,,,,,,,,,,,,,,,,,,,,,,,,,,,,,,,,,,,,,,,,,,,,,,,,,,,,,,,,,,,
,,,,,,,,,,,,,,,,,,,,,,,,,,,,,,,,,,,,,,,,,,,,,,,,,,,,,,,,,,,,,,,,,,,,,,,,,,,,,,,,,,,,,,,,,,,,,,,,,,
,Time,"T° 485,610",A1,A2,A3,A4,A5,A6,A7,A8,A9,A10,A11,A12,A13,A14,A15,A16,A17,A18,A19,A20,A21,A22,A23,A24,B1,B2,B3,B4,B5,B6,B7,B8,B9,B10,B11,B12,B13,B14,B15,B16,B17,B18,B19,B20,B21,B22,B23,B24,C1,C2,C3,C4,C5,C6,C7,C8,C9,C10,C11,C12,C13,C14,C15,C16,C17,C18,C19,C20,C21,C22,C23,C24,D1,D2,D3,D4,D5,D6,D7,D8,D9,D10,D11,D12,D13,D14,D15,D16,D17,D18,D19,D20,D21,D22,D23,D24
,0:01:04,37,1452,2,1451,2,1426,2,1491,1,1495,2,1459,2,1479,2,1587,2,1711,2,1649,1,1681,2,1603,2,1504,2,1492,2,1545,3,1594,2,1539,2,1522,2,1612,2,1538,2,1656,2,1609,2,1516,2,1626,2,1683,2,1712,2,1726,2,1770,2,1759,2,1796,3,1801,2,1649,2,1634,2,1766,2,1618,2,1729,2,1695,2,1699,2,1665,2,1712,2,1703,2,1679,2,1665,1,1770,2,1678,2,1692,2,1654,2,1624,2
,0:05:04,37,1422,2,1434,2,1410,1,1486,2,1489,2,1451,2,1454,2,1561,2,1692,2,1650,2,1668,2,1605,2,1493,2,1490,2,1537,2,1593,2,1523,2,1512,2,1595,2,1533,2,1633,2,1611,2,1514,2,1608,2,1665,2,1695,2,1730,2,1748,2,1728,2,1763,2,1782,2,1628,2,1613,2,1748,2,1591,2,1717,2,1675,2,1693,2,1657,2,1708,2,1693,2,1660,2,1639,2,1759,2,1681,2,1678,2,1648,2,1627,2
,0:09:04,37,1411,2,1412,2,1400,2,1465,1,1470,2,1451,2,1452,2,1538,2,1673,2,1642,2,1651,1,1604,1,1483,2,1481,2,1529,2,1577,1,1521,2,1494,2,1572,2,1522,2,1627,2,1588,3,1498,3,1616,2,1644,1,1679,2,1709,2,1717,2,1711,2,1750,2,1754,2,1607,2,1601,2,1736,2,1570,2,1698,2,1643,2,1670,2,1629,2,1679,2,1671,2,1645,2,1625,2,1753,2,1668,2,1670,2,1627,2,1611,2
,0:13:04,37,1403,2,1400,2,1399,2,1442,2,1456,2,1442,2,1442,2,1528,2,1652,2,1641,2,1641,2,1589,2,1481,1,1472,2,1514,1,1569,2,1509,2,1476,2,1562,2,1515,2,1612,2,1583,2,1494,2,1595,2,1635,2,1658,2,1697,2,1703,2,1702,2,1737,2,1736,2,1582,2,1582,2,1717,2,1544,2,1678,2,1628,2,1655,2,1609,2,1664,2,1657,2,1621,2,1612,3,1732,2,1653,2,1652,2,1619,2,1607,2
,0:17:04,37,1402,2,1403,2,1396,2,1440,2,1450,2,1437,2,1446,2,1528,2,1653,2,1639,2,1640,2,1589,2,1468,2,1481,2,1518,2,1555,2,1506,2,1478,2,1551,2,1510,2,1612,1,1573,2,1486,2,1603,2,1626,2,1652,2,1675,2,1704,2,1683,2,1714,2,1725,2,1569,2,1570,2,1713,2,1545,2,1679,2,1617,2,1641,1,1597,2,1653,3,1650,2,1603,2,1593,2,1712,2,1643,2,1645,2,1606,2,1596,2
,0:21:04,37,1397,1,1395,2,1384,2,1436,2,1435,1,1438,2,1444,2,1517,2,1630,2,1627,1,1647,2,1593,2,1467,2,1472,1,1508,2,1550,2,1503,2,1465,2,1543,2,1503,2,1600,2,1565,2,1479,2,1600,2,1621,2,1640,2,1674,1,1682,2,1673,2,1708,2,1723,2,1549,2,1553,1,1701,2,1525,2,1664,1,1605,2,1626,2,1588,2,1634,2,1632,2,1591,2,1577,2,1710,2,1632,2,1640,2,1587,2,1589,1
,0:25:04,37,1396,2,1400,2,1384,2,1438,2,1438,1,1440,1,1442,2,1511,2,1629,2,1635,2,1636,1,1574,2,1465,2,1478,1,1509,2,1540,2,1497,2,1468,2,1543,2,1495,2,1595,3,1560,2,1476,2,1587,2,1625,1,1631,2,1660,2,1686,2,1666,2,1705,2,1711,1,1550,2,1559,2,1692,2,1514,2,1654,2,1594,2,1629,1,1574,2,1628,2,1628,2,1584,3,1578,1,1698,2,1624,2,1629,2,1593,2,1584,2
,0:29:04,37,1385,1,1394,2,1379,2,1431,2,1440,2,1437,2,1443,1,1509,2,1630,2,1633,2,1630,2,1596,2,1470,2,1471,2,1500,2,1537,2,1497,2,1466,2,1542,2,1493,2,1593,2,1560,2,1475,2,1595,2,1614,2,1636,1,1659,2,1666,2,1658,1,1703,2,1711,2,1545,2,1550,2,1696,2,1499,2,1659,2,1594,2,1620,2,1570,2,1629,2,1621,3,1579,2,1573,2,1691,2,1618,2,1622,2,1587,2,1587,2
,0:33:04,37,1383,2,1394,2,1376,2,1436,1,1440,2,1427,2,1433,2,1503,2,1622,2,1628,2,1632,2,1574,1,1478,2,1468,2,1503,2,1537,2,1500,2,1455,2,1536,2,1488,3,1597,2,1561,2,1474,2,1592,2,1612,2,1638,2,1662,2,1667,2,1659,2,1700,2,1710,2,1538,2,1543,1,1690,2,1503,2,1654,2,1589,2,1616,2,1571,2,1619,2,1615,2,1573,2,1568,2,1695,2,1617,2,1619,2,1579,2,1582,2
,0:37:04,37,1392,2,1392,2,1373,2,1429,2,1433,2,1425,2,1441,2,1504,1,1623,2,1618,2,1628,2,1578,2,1470,2,1475,2,1503,2,1533,2,1492,1,1458,2,1540,2,1492,2,1592,2,1554,2,1480,2,1589,2,1608,2,1634,2,1666,2,1676,2,1659,2,1699,2,1694,2,1543,2,1546,2,1693,2,1492,1,1660,2,1587,1,1623,1,1561,2,1615,2,1610,2,1563,2,1564,2,1686,2,1607,2,1625,2,1587,2,1579,2
,0:41:04,37,1387,1,1392,2,1376,2,1435,2,1429,2,1429,2,1427,2,1501,1,1629,2,1621,1,1632,2,1578,2,1472,2,1472,2,1506,2,1531,2,1492,2,1461,1,1533,2,1492,2,1596,2,1558,2,1469,2,1588,2,1605,2,1644,2,1659,2,1669,2,1660,2,1701,2,1699,3,1546,2,1539,2,1693,2,1486,2,1658,2,1592,1,1620,2,1565,2,1614,2,1611,2,1563,2,1559,2,1702,2,1611,3,1625,2,1589,2,1574,2
,0:45:04,37,1390,2,1391,2,1377,2,1430,2,1441,2,1426,2,1434,1,1505,2,1622,2,1629,2,1621,2,1584,2,1471,2,1471,2,1497,2,1530,2,1493,2,1465,2,1534,2,1485,1,1593,2,1546,2,1484,2,1593,2,1608,2,1628,2,1660,2,1671,2,1657,2,1692,3,1698,2,1548,2,1542,2,1687,2,1486,2,1660,2,1584,2,1613,2,1562,1,1614,2,1615,2,1573,2,1558,2,1687,2,1609,2,1614,2,1589,3,1583,1
,0:49:04,37,1386,3,1386,2,1370,2,1425,1,1433,2,1428,2,1430,2,1507,1,1623,2,1624,2,1628,1,1582,2,1473,2,1476,2,1502,2,1528,2,1489,2,1461,2,1536,2,1488,2,1599,3,1544,2,1477,1,1591,2,1606,2,1634,2,1659,2,1672,2,1661,2,1695,2,1698,2,1541,2,1542,3,1686,2,1484,2,1651,2,1585,2,1617,2,1559,2,1611,2,1605,2,1563,2,1561,2,1693,2,1610,2,1610,2,1584,2,1581,2
,0:53:04,37,1381,1,1394,2,1371,3,1427,2,1437,2,1428,2,1430,2,1507,2,1618,2,1620,2,1628,2,1583,2,1474,2,1474,2,1499,2,1524,2,1490,2,1453,2,1529,2,1489,2,1588,2,1546,2,1468,2,1590,2,1601,2,1635,2,1661,2,1671,2,1658,2,1689,2,1713,2,1547,2,1542,2,1695,2,1485,2,1663,2,1591,2,1613,2,1563,2,1613,2,1611,2,1566,2,1559,2,1690,2,1610,2,1611,2,1585,2,1581,2
,0:57:04,37,1385,2,1392,1,1361,2,1424,2,1435,2,1428,2,1437,2,1492,2,1612,2,1618,2,1633,2,1580,2,1473,2,1472,1,1495,2,1532,1,1487,2,1457,1,1538,2,1495,2,1582,2,1549,2,1474,2,1595,2,1607,2,1634,2,1660,2,1670,2,1658,2,1694,2,1700,1,1549,2,1528,2,1688,2,1484,2,1658,2,1586,2,1609,2,1557,1,1613,2,1618,3,1562,2,1547,2,1689,2,1602,2,1615,2,1580,2,1581,2
,1:01:04,37.1,1380,2,1389,2,1367,1,1425,2,1441,2,1428,2,1426,2,1502,2,1623,2,1621,2,1625,2,1574,2,1469,1,1472,2,1501,2,1523,1,1488,2,1459,2,1533,2,1493,2,1588,2,1542,2,1465,2,1596,2,1602,2,1638,2,1656,1,1668,1,1650,2,1694,2,1695,2,1538,2,1525,2,1687,2,1484,2,1644,2,1586,2,1617,2,1555,3,1614,2,1609,3,1554,2,1557,2,1695,2,1607,2,1623,2,1582,2,1584,2
,1:05:04,37,1386,2,1388,2,1362,1,1433,2,1438,1,1428,2,1430,2,1497,2,1621,2,1614,2,1637,2,1577,2,1467,2,1471,2,1499,2,1524,2,1487,2,1452,2,1534,2,1484,2,1584,2,1549,2,1478,2,1590,2,1604,2,1640,2,1651,2,1670,2,1658,2,1692,2,1694,2,1536,2,1531,2,1679,2,1480,2,1658,2,1581,2,1615,2,1555,2,1597,2,1600,2,1546,3,1553,2,1690,3,1598,2,1615,2,1574,2,1585,2
,1:09:04,37,1377,2,1394,2,1368,2,1428,2,1435,2,1435,2,1434,2,1490,2,1614,2,1618,2,1628,2,1570,2,1474,2,1469,2,1497,2,1520,2,1491,2,1458,2,1535,2,1490,2,1594,2,1546,2,1469,2,1587,2,1603,2,1634,2,1661,2,1671,2,1653,2,1698,2,1702,2,1540,2,1530,2,1687,2,1471,2,1648,2,1566,2,1616,2,1554,2,1613,2,1595,2,1546,2,1548,2,1686,2,1604,2,1618,2,1578,2,1565,2
,1:13:04,37,1384,2,1396,2,1365,2,1428,1,1439,1,1426,2,1427,2,1499,2,1617,2,1617,2,1629,2,1569,2,1478,2,1479,2,1496,2,1516,2,1489,2,1459,2,1526,2,1492,2,1584,2,1546,1,1470,2,1593,2,1601,2,1642,2,1651,2,1668,2,1654,2,1690,2,1698,2,1538,2,1532,2,1690,2,1471,2,1648,3,1577,2,1611,1,1556,2,1609,2,1606,2,1555,2,1547,2,1691,2,1598,2,1613,2,1572,2,1576,2
,1:17:04,37,1387,2,1391,2,1361,2,1426,2,1430,2,1430,2,1428,2,1494,2,1623,2,1619,2,1633,2,1587,1,1472,2,1468,2,1497,2,1519,1,1493,1,1460,2,1526,2,1487,2,1590,2,1543,2,1477,2,1593,2,1606,2,1631,2,1650,2,1670,2,1650,2,1693,2,1706,2,1540,2,1532,2,1686,2,1462,2,1648,2,1578,2,1615,2,1554,2,1602,2,1600,2,1553,2,1548,2,1691,2,1602,2,1613,2,1580,2,1574,2
,1:21:04,37,1377,2,1387,2,1363,2,1425,2,1430,2,1424,2,1425,1,1491,2,1626,1,1620,2,1627,2,1574,2,1471,2,1466,2,1505,2,1513,2,1488,2,1462,1,1521,2,1484,2,1583,2,1540,2,1470,2,1589,2,1606,2,1630,2,1658,1,1666,2,1655,2,1696,2,1703,2,1529,2,1525,2,1689,2,1465,2,1640,2,1567,2,1616,2,1558,2,1605,2,1610,2,1552,2,1545,2,1691,3,1601,2,1615,2,1575,2,1578,2
,1:25:04,37,1371,2,1391,2,1362,2,1428,2,1438,2,1430,2,1423,2,1494,2,1614,2,1606,2,1627,2,1577,2,1469,2,1465,2,1495,2,1522,2,1493,1,1455,2,1521,2,1486,2,1585,2,1537,2,1469,3,1580,2,1600,2,1635,1,1652,2,1668,2,1649,2,1690,2,1698,2,1542,2,1523,2,1686,2,1467,2,1648,2,1570,2,1607,2,1554,2,1594,2,1600,2,1550,2,1541,2,1686,2,1597,2,1609,2,1576,2,1571,2
,1:29:04,37,1375,2,1386,2,1359,2,1427,3,1431,2,1424,2,1433,3,1490,2,1628,2,1618,2,1629,2,1583,2,1472,2,1465,2,1498,2,1518,2,1485,2,1454,2,1528,2,1489,2,1589,1,1538,2,1477,2,1591,2,1607,1,1630,1,1659,2,1668,2,1660,2,1692,2,1702,2,1536,2,1528,2,1689,2,1455,2,1645,2,1569,2,1608,1,1553,2,1600,2,1597,2,1541,2,1531,2,1690,2,1593,2,1609,2,1572,2,1579,2
,1:33:04,37,1388,2,1394,2,1362,1,1414,2,1434,2,1430,1,1426,2,1498,2,1620,3,1618,2,1628,2,1577,2,1478,2,1473,2,1495,2,1518,2,1478,2,1458,2,1525,2,1484,2,1587,2,1540,2,1475,2,1592,1,1599,1,1636,2,1652,1,1667,1,1638,2,1696,3,1697,2,1536,2,1531,2,1684,2,1458,2,1649,2,1569,2,1606,2,1554,2,1607,2,1607,1,1541,2,1544,2,1686,1,1596,2,1610,2,1571,3,1564,2
,1:37:04,37,1372,2,1382,2,1362,2,1428,2,1436,2,1426,2,1425,2,1500,2,1616,2,1616,2,1629,2,1568,2,1469,2,1468,2,1503,2,1519,2,1489,2,1459,2,1525,2,1488,2,1593,2,1533,2,1472,2,1591,2,1604,2,1634,2,1653,2,1661,2,1651,2,1698,2,1694,2,1545,2,1522,2,1680,2,1463,2,1651,2,1574,2,1606,2,1547,2,1586,2,1601,2,1539,2,1545,2,1682,2,1595,2,1617,2,1570,2,1566,2
,1:41:04,37,1385,2,1388,1,1354,2,1418,2,1436,2,1431,2,1423,2,1489,2,1615,2,1621,2,1624,2,1568,2,1479,2,1464,2,1501,2,1522,2,1485,2,1455,2,1533,2,1490,2,1585,2,1537,2,1481,2,1591,2,1591,2,1631,2,1644,2,1670,2,1654,2,1694,2,1698,2,1540,2,1525,2,1681,2,1455,2,1648,2,1572,2,1604,2,1545,2,1591,2,1598,2,1540,2,1537,2,1684,2,1582,2,1613,2,1579,2,1574,2
,1:45:04,37,1380,2,1385,2,1355,2,1424,2,1423,2,1420,1,1425,2,1493,2,1621,3,1615,2,1626,1,1563,2,1471,2,1463,2,1489,2,1523,2,1485,2,1451,2,1527,2,1489,2,1584,2,1536,2,1474,2,1593,2,1597,2,1629,2,1650,2,1659,2,1647,2,1686,2,1687,2,1546,2,1523,1,1683,2,1458,1,1646,2,1567,2,1612,2,1538,2,1586,2,1599,2,1542,2,1545,2,1682,2,1592,2,1604,2,1578,2,1571,2
,1:49:04,37.1,1375,2,1387,2,1353,2,1418,2,1420,2,1419,2,1421,2,1488,2,1617,2,1614,2,1622,2,1576,2,1465,2,1463,2,1497,2,1514,2,1484,1,1453,2,1525,3,1488,2,1587,2,1540,2,1471,2,1587,2,1595,2,1627,2,1649,2,1665,2,1648,2,1688,2,1692,2,1535,2,1524,2,1678,2,1450,2,1642,2,1566,2,1604,2,1538,2,1590,1,1597,2,1533,2,1537,2,1679,3,1585,2,1609,2,1576,2,1569,2
,1:53:04,37,1374,2,1391,2,1354,1,1411,2,1432,2,1426,2,1417,2,1492,2,1608,1,1617,2,1626,1,1575,2,1459,2,1467,1,1493,2,1523,2,1486,2,1456,2,1530,2,1488,2,1586,2,1544,2,1461,2,1585,2,1601,2,1634,2,1658,2,1659,2,1646,2,1694,2,1696,2,1538,2,1521,2,1683,2,1444,2,1654,3,1565,2,1602,2,1551,2,1585,1,1595,2,1544,2,1536,2,1689,2,1591,2,1611,2,1571,2,1569,2
,1:57:04,37,1383,2,1389,2,1353,2,1424,2,1425,2,1427,2,1424,2,1489,2,1616,2,1616,2,1627,2,1573,1,1474,3,1465,2,1499,2,1512,2,1479,1,1455,2,1527,2,1488,2,1589,2,1540,2,1469,2,1590,2,1602,2,1632,2,1641,2,1668,2,1646,2,1692,2,1691,2,1541,2,1526,2,1684,2,1452,2,1639,2,1556,2,1607,1,1546,2,1595,2,1593,1,1530,2,1540,3,1677,2,1592,2,1615,2,1567,2,1567,2
,2:01:04,37,1382,2,1384,2,1355,1,1418,2,1435,2,1422,2,1426,2,1494,2,1609,3,1614,2,1633,2,1560,2,1466,1,1476,2,1495,2,1513,2,1486,2,1451,2,1531,2,1491,2,1591,2,1533,2,1473,2,1587,2,1598,3,1628,2,1649,2,1666,2,1649,2,1696,2,1692,2,1547,2,1519,2,1683,2,1450,1,1648,2,1563,2,1614,2,1542,2,1590,2,1594,2,1538,2,1537,2,1687,2,1593,2,1611,2,1564,2,1569,1
,2:05:04,37,1373,2,1389,2,1345,2,1423,3,1432,2,1424,2,1416,2,1493,2,1617,2,1613,2,1634,2,1566,2,1469,2,1467,2,1493,2,1515,2,1483,1,1458,2,1532,2,1486,2,1582,2,1531,2,1476,2,1588,2,1600,2,1615,2,1652,2,1668,1,1651,2,1692,2,1687,2,1537,2,1520,2,1672,2,1445,2,1646,2,1555,2,1609,2,1541,2,1585,2,1588,2,1529,2,1533,1,1677,2,1589,2,1607,2,1570,2,1570,2
,2:09:04,37.1,1372,1,1392,2,1350,1,1409,2,1420,1,1419,2,1422,2,1498,2,1611,2,1613,1,1624,2,1561,2,1468,2,1466,2,1494,2,1514,2,1481,2,1458,2,1529,2,1486,2,1578,2,1530,2,1462,2,1588,2,1601,2,1620,2,1652,2,1669,2,1645,2,1692,2,1695,1,1543,2,1517,2,1676,1,1449,2,1642,2,1554,2,1602,2,1539,2,1581,2,1591,2,1532,3,1525,2,1684,2,1584,1,1604,2,1569,2,1562,2
,2:13:04,37,1374,2,1385,2,1351,2,1414,3,1431,2,1430,2,1416,2,1488,2,1614,2,1609,2,1630,2,1558,2,1460,2,1466,2,1491,1,1512,2,1480,2,1456,2,1532,2,1486,2,1571,2,1532,2,1465,2,1582,2,1597,2,1624,2,1650,2,1661,2,1647,1,1691,2,1700,2,1542,2,1516,2,1681,2,1437,2,1640,2,1558,2,1603,2,1541,2,1587,2,1597,2,1526,2,1535,2,1675,2,1580,2,1607,2,1569,2,1565,2
,2:17:04,37,1371,1,1378,2,1353,2,1419,2,1427,2,1424,2,1414,2,1496,2,1614,2,1612,2,1624,2,1562,2,1465,2,1468,2,1494,2,1512,1,1486,2,1448,2,1531,2,1483,2,1586,2,1533,2,1475,2,1581,1,1606,1,1626,2,1641,2,1665,2,1640,2,1695,2,1698,2,1536,2,1514,2,1679,2,1442,2,1640,2,1553,2,1612,2,1536,2,1594,2,1592,2,1530,2,1530,2,1685,2,1586,2,1610,2,1557,2,1563,2
,2:21:04,37,1374,2,1385,2,1355,2,1422,3,1429,2,1427,2,1426,2,1495,2,1609,2,1607,2,1630,2,1571,1,1473,2,1468,2,1490,1,1516,2,1484,2,1446,2,1527,2,1483,2,1590,2,1532,2,1469,2,1580,2,1599,2,1634,1,1645,2,1668,2,1650,2,1695,2,1697,2,1534,2,1514,2,1690,2,1438,2,1642,2,1557,2,1599,2,1536,2,1585,2,1590,2,1518,2,1530,3,1684,2,1581,2,1612,2,1569,2,1570,2
,2:25:04,37,1379,3,1383,2,1343,2,1409,2,1427,2,1427,1,1425,3,1491,2,1610,2,1617,2,1622,2,1565,2,1465,1,1467,2,1492,2,1512,2,1486,2,1448,2,1527,2,1482,2,1586,2,1540,3,1469,2,1583,2,1598,2,1631,2,1643,2,1661,2,1642,2,1692,1,1699,2,1537,2,1516,1,1680,2,1438,2,1643,2,1562,1,1601,2,1532,2,1582,2,1592,2,1532,1,1528,2,1686,2,1581,2,1607,2,1573,2,1570,2
,2:29:04,37,1368,2,1384,2,1350,2,1417,1,1434,2,1416,2,1422,2,1486,2,1615,2,1618,2,1622,2,1561,2,1473,2,1461,1,1490,2,1510,2,1479,1,1448,1,1529,2,1480,2,1581,2,1536,3,1468,2,1578,2,1602,2,1632,2,1646,2,1665,1,1650,2,1678,2,1689,2,1537,2,1518,2,1679,2,1442,2,1644,2,1564,2,1610,2,1539,1,1583,2,1589,2,1534,2,1523,2,1689,3,1576,2,1605,2,1565,2,1565,2
,2:33:04,37,1376,1,1388,2,1347,2,1417,2,1432,2,1421,1,1423,2,1491,2,1614,2,1615,2,1623,2,1557,2,1460,1,1468,1,1489,2,1519,1,1476,1,1451,2,1535,2,1483,2,1584,2,1528,2,1467,2,1579,2,1600,2,1620,2,1651,2,1664,2,1643,2,1686,2,1694,2,1534,2,1511,3,1679,2,1433,2,1644,2,1559,1,1596,2,1531,2,1586,2,1590,2,1531,2,1528,2,1684,2,1583,2,1609,2,1561,3,1569,2
,2:37:04,37,1375,2,1386,2,1336,1,1419,2,1427,2,1427,2,1425,2,1494,2,1616,2,1616,2,1623,2,1564,1,1465,2,1473,2,1491,2,1517,2,1478,1,1447,2,1518,2,1484,2,1590,2,1531,2,1472,2,1587,2,1597,2,1626,2,1646,2,1657,2,1646,2,1681,2,1693,2,1538,2,1513,2,1684,2,1432,2,1644,2,1546,2,1594,1,1535,2,1579,2,1583,2,1533,2,1528,2,1680,1,1576,2,1614,2,1560,2,1561,2
,2:41:04,37,1377,2,1384,2,1344,2,1411,2,1431,2,1428,2,1418,2,1485,2,1607,2,1612,2,1634,3,1557,2,1459,1,1460,2,1491,1,1505,2,1478,2,1450,2,1518,2,1480,2,1578,1,1530,2,1468,2,1586,2,1599,2,1624,2,1647,2,1659,2,1637,2,1686,2,1690,2,1534,2,1516,2,1681,2,1427,2,1638,2,1559,2,1603,2,1533,2,1577,2,1579,2,1527,2,1526,2,1678,2,1588,2,1607,2,1561,2,1561,2
,2:45:04,37,1379,2,1381,2,1340,2,1420,2,1427,3,1419,2,1420,2,1491,2,1610,2,1608,2,1627,2,1571,2,1467,2,1469,2,1498,2,1514,2,1485,1,1451,2,1528,2,1487,2,1582,2,1531,2,1472,2,1580,2,1598,1,1625,2,1646,2,1658,2,1644,2,1694,1,1691,2,1529,2,1515,2,1679,2,1439,2,1644,2,1550,1,1599,2,1530,2,1578,2,1582,2,1528,2,1521,2,1679,2,1575,2,1608,2,1564,2,1564,2
,2:49:04,37.1,1368,1,1387,2,1344,1,1417,2,1426,2,1424,2,1416,2,1489,2,1620,2,1608,2,1625,2,1559,2,1468,2,1467,2,1494,1,1506,2,1476,2,1449,2,1530,2,1486,2,1588,2,1530,2,1471,2,1582,2,1601,2,1625,2,1645,2,1657,2,1642,2,1688,2,1698,2,1532,2,1518,2,1683,2,1430,2,1646,2,1551,2,1599,2,1529,1,1579,2,1583,2,1523,2,1529,2,1679,2,1578,2,1611,2,1561,2,1564,2
,2:53:04,37,1368,2,1384,2,1342,2,1410,2,1431,1,1421,2,1418,2,1488,2,1617,2,1619,2,1630,2,1563,2,1468,2,1469,2,1492,2,1511,2,1485,2,1447,2,1526,2,1483,2,1582,2,1527,2,1467,2,1580,2,1594,2,1629,2,1645,2,1657,1,1649,2,1686,1,1690,2,1530,2,1514,1,1676,2,1427,2,1631,2,1547,2,1597,2,1535,2,1578,2,1580,2,1527,2,1519,2,1672,2,1578,2,1606,2,1565,2,1568,2
,2:57:04,37,1370,2,1386,1,1350,1,1414,2,1426,2,1424,2,1425,2,1493,2,1614,2,1613,2,1626,2,1560,2,1466,2,1462,2,1495,2,1508,2,1484,2,1449,2,1532,2,1480,2,1588,2,1530,2,1467,2,1587,2,1599,2,1617,2,1640,2,1659,2,1640,2,1688,2,1694,2,1540,2,1523,2,1683,2,1433,2,1638,2,1553,2,1599,2,1531,2,1579,2,1585,2,1523,2,1517,2,1680,2,1579,2,1617,2,1561,2,1560,2
,3:01:04,37,1378,2,1383,2,1341,2,1413,2,1432,2,1421,2,1409,2,1491,2,1610,2,1613,2,1636,2,1557,2,1461,2,1474,2,1494,2,1507,2,1484,2,1447,1,1532,1,1487,2,1579,2,1527,2,1465,2,1586,2,1598,2,1625,2,1644,2,1662,2,1645,2,1689,2,1689,2,1543,2,1512,2,1678,2,1427,2,1635,2,1549,2,1591,1,1533,2,1578,2,1576,2,1524,2,1526,2,1679,2,1576,2,1605,2,1557,2,1557,2
,3:05:04,37,1374,2,1385,2,1344,1,1410,1,1427,1,1418,2,1417,2,1485,2,1609,2,1621,2,1626,2,1558,1,1472,2,1467,2,1491,2,1518,2,1483,1,1454,1,1527,2,1483,2,1580,2,1525,2,1462,2,1581,2,1604,1,1620,1,1638,2,1658,2,1643,2,1677,2,1690,2,1536,2,1512,2,1682,2,1432,2,1636,2,1548,2,1595,2,1527,1,1577,1,1587,2,1518,2,1521,2,1687,2,1576,2,1599,2,1559,2,1562,2
,3:09:04,37,1381,2,1381,2,1341,2,1411,2,1425,1,1414,2,1413,2,1488,2,1608,2,1610,2,1627,2,1565,2,1466,2,1465,2,1486,2,1505,2,1478,2,1456,2,1520,2,1479,2,1578,2,1529,2,1462,2,1583,2,1592,1,1617,1,1637,1,1659,2,1642,2,1687,2,1697,2,1533,2,1513,2,1671,2,1427,2,1637,2,1549,2,1593,3,1538,2,1574,2,1588,2,1526,2,1527,2,1684,2,1569,2,1600,2,1559,2,1565,1
,3:13:04,37,1380,2,1385,2,1341,2,1415,2,1426,2,1426,2,1427,2,1492,2,1613,2,1611,2,1634,2,1555,2,1469,2,1462,2,1483,2,1497,2,1476,2,1446,2,1519,2,1482,2,1583,2,1524,1,1461,2,1576,2,1601,2,1622,1,1633,2,1661,2,1646,2,1687,2,1684,2,1529,2,1509,2,1671,2,1422,2,1641,2,1549,2,1592,2,1525,2,1579,2,1583,2,1531,2,1526,2,1680,2,1571,2,1602,2,1552,2,1558,2
,3:17:04,37,1370,1,1383,2,1343,2,1409,2,1419,2,1421,2,1413,2,1486,2,1607,2,1608,2,1624,1,1554,2,1470,2,1464,2,1492,1,1507,2,1484,2,1450,2,1529,2,1478,2,1579,2,1522,2,1466,2,1575,2,1601,2,1618,2,1643,2,1662,2,1648,2,1685,2,1694,2,1530,2,1512,2,1677,2,1429,2,1635,1,1550,2,1585,2,1531,2,1578,2,1579,2,1529,1,1524,2,1678,2,1573,2,1612,2,1551,2,1559,2
,3:21:04,37,1376,1,1385,1,1338,2,1410,2,1431,2,1415,2,1417,3,1484,2,1613,2,1612,2,1628,2,1556,2,1460,2,1466,2,1499,2,1514,2,1476,2,1447,2,1528,2,1482,2,1583,2,1531,2,1467,2,1570,2,1596,2,1626,2,1636,2,1647,2,1639,2,1690,2,1685,2,1533,2,1509,2,1680,2,1427,3,1633,2,1544,1,1585,2,1528,2,1577,2,1580,1,1530,2,1516,2,1679,1,1564,2,1605,2,1556,2,1565,2
,3:25:04,37,1368,2,1389,2,1340,2,1404,2,1430,2,1420,2,1417,2,1489,2,1606,2,1621,2,1629,1,1560,2,1465,2,1470,2,1492,3,1515,2,1484,2,1444,2,1530,2,1481,2,1577,2,1525,2,1460,2,1576,2,1596,2,1624,2,1639,1,1663,2,1641,2,1690,2,1687,2,1531,2,1513,1,1675,2,1430,2,1644,2,1550,2,1595,2,1530,2,1579,2,1572,2,1532,2,1519,2,1681,1,1575,3,1611,2,1554,2,1564,3
,3:29:04,37,1374,2,1389,2,1340,2,1406,2,1423,2,1425,2,1420,2,1484,2,1613,2,1613,2,1628,2,1552,2,1464,2,1467,2,1499,2,1507,2,1481,2,1446,2,1516,2,1478,2,1586,2,1530,2,1472,2,1573,2,1598,2,1621,2,1635,2,1657,3,1641,2,1688,2,1689,2,1533,2,1511,2,1676,2,1422,2,1639,2,1553,2,1596,2,1526,2,1578,2,1581,2,1519,2,1521,2,1675,2,1569,2,1606,2,1555,3,1559,2
,3:33:04,37.1,1372,1,1385,2,1342,2,1408,2,1428,2,1421,2,1413,2,1485,2,1610,2,1609,2,1631,2,1563,2,1468,1,1467,2,1493,2,1508,2,1484,2,1446,2,1526,2,1485,2,1587,1,1531,2,1466,2,1574,2,1604,2,1621,2,1644,2,1660,2,1646,2,1689,2,1690,2,1525,2,1507,2,1679,2,1422,2,1639,2,1545,2,1594,2,1530,2,1571,2,1574,2,1521,2,1522,2,1679,2,1567,2,1600,2,1558,2,1565,2
,3:37:04,37,1376,2,1382,2,1338,2,1408,2,1429,2,1425,2,1414,2,1492,2,1611,2,1612,1,1630,2,1559,2,1468,2,1470,2,1489,2,1512,2,1476,2,1441,2,1522,1,1480,2,1572,2,1523,2,1473,2,1581,2,1598,2,1618,1,1637,2,1657,2,1640,2,1681,2,1688,2,1533,2,1514,2,1678,2,1426,1,1632,1,1543,2,1592,2,1525,2,1578,2,1588,1,1526,2,1521,2,1677,3,1571,2,1603,2,1553,2,1567,2
,3:41:04,37,1363,2,1388,1,1334,1,1403,2,1423,2,1423,1,1413,1,1484,2,1605,2,1602,3,1623,2,1557,2,1462,1,1463,2,1495,1,1507,2,1482,2,1449,2,1532,1,1485,3,1589,2,1531,2,1466,1,1574,2,1593,2,1615,2,1636,1,1654,2,1642,2,1677,2,1693,2,1533,2,1505,2,1679,2,1420,2,1639,2,1539,2,1589,2,1524,3,1569,2,1583,2,1519,2,1521,2,1668,2,1570,2,1606,2,1554,2,1553,2
,3:45:04,37,1374,2,1381,1,1331,2,1404,2,1429,2,1423,2,1418,2,1488,2,1613,2,1614,2,1616,2,1547,2,1468,1,1468,2,1488,2,1509,2,1474,2,1450,2,1524,2,1479,2,1589,2,1536,2,1468,2,1582,2,1601,1,1619,1,1631,2,1658,2,1644,2,1686,2,1687,2,1527,2,1515,2,1677,2,1418,2,1640,1,1541,2,1588,2,1530,2,1578,2,1574,2,1520,2,1518,2,1676,2,1567,2,1602,2,1548,2,1562,2
,3:49:04,37,1370,2,1385,2,1335,2,1410,2,1430,2,1416,1,1420,2,1487,2,1607,2,1613,2,1629,2,1554,2,1463,1,1463,2,1490,2,1515,2,1478,2,1443,2,1524,2,1481,2,1578,2,1523,2,1464,1,1578,2,1585,2,1627,2,1637,2,1658,2,1641,2,1686,2,1693,2,1536,2,1508,2,1676,2,1420,2,1632,2,1544,1,1590,2,1529,1,1576,2,1581,2,1527,2,1518,2,1677,2,1558,2,1612,2,1555,2,1567,1
,3:53:04,37.1,1369,1,1384,2,1327,1,1403,2,1422,2,1422,2,1409,2,1488,2,1606,2,1611,2,1624,2,1560,2,1475,1,1465,2,1489,2,1514,2,1481,2,1445,2,1513,2,1483,2,1584,2,1526,2,1466,2,1572,2,1600,1,1630,2,1635,2,1652,2,1644,2,1689,2,1689,2,1535,2,1505,2,1684,2,1424,2,1637,2,1544,2,1589,2,1530,2,1582,2,1578,2,1520,2,1520,2,1686,2,1568,2,1603,2,1556,2,1559,2
,3:57:04,37,1377,2,1383,2,1336,2,1413,2,1424,2,1412,2,1420,2,1485,2,1614,2,1619,2,1628,2,1558,1,1468,2,1464,2,1491,2,1509,2,1481,2,1451,2,1533,2,1485,1,1577,2,1529,2,1471,2,1570,2,1601,1,1614,2,1637,2,1657,3,1636,2,1691,2,1695,2,1533,2,1516,2,1678,2,1411,2,1632,2,1538,2,1594,2,1523,2,1571,2,1577,1,1532,2,1519,2,1676,2,1569,2,1608,2,1559,2,1566,2
,4:01:04,37,1373,2,1377,1,1341,2,1415,2,1430,2,1419,2,1419,2,1480,2,1611,2,1611,2,1631,2,1554,2,1469,2,1465,2,1482,2,1507,2,1482,1,1454,2,1521,2,1484,2,1575,2,1527,2,1463,2,1579,2,1595,2,1628,1,1637,2,1655,2,1633,2,1687,3,1692,2,1531,2,1506,2,1679,2,1415,2,1639,1,1537,2,1590,2,1527,2,1578,2,1572,2,1522,2,1523,2,1675,2,1565,2,1614,2,1559,2,1558,2
,4:05:04,37,1367,2,1384,1,1341,2,1404,2,1425,2,1421,2,1422,1,1490,2,1611,3,1609,2,1631,1,1558,2,1467,2,1470,2,1496,2,1513,2,1474,2,1450,2,1525,2,1485,2,1580,2,1519,2,1469,1,1562,2,1597,2,1623,2,1632,2,1665,2,1639,1,1691,2,1694,2,1536,1,1507,2,1673,2,1416,2,1631,2,1540,2,1595,1,1530,2,1573,2,1574,2,1531,2,1523,2,1679,2,1573,2,1608,1,1551,2,1561,2
,4:09:04,37,1373,2,1374,2,1337,1,1401,2,1421,2,1416,2,1412,1,1482,2,1614,2,1615,1,1632,2,1560,2,1470,2,1468,2,1495,2,1505,2,1480,2,1446,2,1530,1,1481,2,1580,2,1526,2,1468,2,1575,2,1598,2,1611,2,1633,2,1661,2,1640,2,1686,2,1695,2,1538,2,1507,2,1676,1,1425,2,1635,2,1539,2,1597,2,1526,2,1566,2,1584,2,1524,2,1525,2,1674,2,1567,2,1603,2,1559,2,1563,2
,4:13:04,37,1374,2,1381,2,1333,2,1405,1,1426,2,1418,2,1422,2,1489,2,1608,2,1611,2,1627,2,1554,2,1469,2,1458,2,1493,2,1515,2,1479,2,1441,2,1527,2,1485,1,1582,2,1527,2,1467,2,1574,2,1603,1,1612,2,1639,2,1650,2,1635,2,1686,2,1693,2,1537,2,1512,2,1674,2,1412,2,1630,3,1541,1,1593,2,1518,2,1576,2,1579,2,1519,2,1519,2,1678,2,1564,2,1607,2,1555,2,1565,2
,4:17:04,37,1366,2,1381,2,1338,2,1400,2,1422,2,1421,2,1413,3,1493,2,1615,2,1621,2,1631,2,1558,2,1481,2,1462,2,1499,2,1509,2,1476,2,1447,2,1527,2,1483,2,1578,2,1527,2,1463,2,1570,2,1594,2,1618,1,1636,2,1664,2,1638,2,1684,2,1695,2,1538,3,1510,2,1674,2,1421,1,1637,2,1536,2,1596,2,1533,2,1567,2,1577,2,1521,2,1517,3,1678,2,1564,2,1608,2,1553,1,1554,2
,4:21:04,37.1,1371,2,1379,2,1335,2,1415,3,1425,2,1425,2,1413,2,1491,2,1604,2,1607,3,1630,2,1559,2,1472,2,1466,2,1492,2,1513,2,1482,2,1447,2,1526,2,1483,2,1576,2,1532,2,1470,1,1575,2,1601,2,1621,2,1641,2,1652,1,1635,1,1688,2,1690,2,1529,2,1510,2,1683,2,1421,2,1628,2,1537,2,1591,2,1533,2,1571,2,1583,2,1519,2,1522,2,1677,2,1570,2,1607,2,1551,2,1556,2
,4:25:04,37,1374,2,1381,2,1338,2,1409,2,1422,2,1420,2,1406,2,1484,2,1609,2,1622,2,1629,2,1557,2,1462,2,1466,2,1491,2,1509,2,1479,2,1446,2,1519,1,1481,1,1579,2,1526,2,1459,2,1571,2,1590,2,1617,2,1634,2,1656,2,1641,2,1687,2,1684,2,1534,2,1503,2,1684,2,1414,2,1631,2,1535,2,1595,2,1522,2,1574,2,1581,2,1528,2,1519,2,1677,2,1570,2,1601,2,1550,2,1565,2
,4:29:04,37,1375,1,1379,2,1335,1,1400,2,1428,2,1424,2,1412,2,1485,2,1611,2,1607,2,1626,2,1550,2,1468,2,1463,2,1488,2,1506,2,1478,2,1447,2,1523,2,1479,2,1578,2,1530,2,1467,2,1569,2,1595,2,1621,2,1636,2,1649,1,1634,2,1675,1,1694,2,1533,2,1509,2,1670,2,1424,1,1634,2,1539,2,1589,1,1524,2,1574,2,1568,2,1521,2,1516,2,1669,2,1574,2,1602,2,1550,2,1550,1
,4:33:04,37,1369,2,1380,2,1332,1,1401,2,1429,1,1424,2,1414,2,1484,2,1608,2,1616,2,1624,2,1557,2,1473,2,1469,2,1499,1,1508,2,1482,2,1447,2,1527,2,1480,2,1578,1,1526,2,1465,2,1564,2,1595,2,1611,1,1632,2,1655,2,1633,2,1689,2,1692,2,1532,2,1508,2,1679,2,1420,2,1628,2,1543,2,1596,2,1523,2,1568,2,1578,2,1520,2,1525,1,1677,1,1576,2,1604,2,1557,2,1559,2
,4:37:04,37,1371,2,1375,2,1336,2,1408,2,1423,1,1413,2,1416,2,1484,2,1605,2,1612,2,1637,2,1546,2,1468,1,1463,2,1486,2,1511,2,1482,2,1449,2,1524,2,1485,2,1580,2,1531,2,1460,2,1571,2,1602,2,1619,2,1638,1,1653,2,1631,1,1687,2,1689,2,1535,2,1498,2,1669,2,1417,2,1635,2,1537,2,1592,2,1527,2,1568,2,1573,1,1521,2,1521,2,1669,2,1566,2,1605,2,1547,2,1560,2
,4:41:04,37,1377,2,1382,2,1333,1,1409,2,1427,2,1425,2,1413,2,1490,2,1615,2,1611,2,1624,2,1552,2,1470,2,1461,2,1491,2,1505,2,1478,2,1438,2,1522,3,1480,2,1582,2,1537,2,1462,2,1575,1,1597,2,1624,2,1637,2,1656,1,1638,2,1677,1,1693,2,1531,2,1513,3,1676,2,1421,1,1642,2,1539,1,1595,1,1524,2,1570,2,1570,2,1522,2,1520,2,1680,2,1562,2,1608,2,1548,2,1567,2
,4:45:04,37.1,1375,2,1384,2,1335,2,1408,1,1423,2,1418,2,1412,2,1479,1,1601,2,1610,2,1624,2,1548,2,1471,2,1465,2,1492,2,1504,2,1483,2,1446,2,1523,2,1482,2,1582,2,1528,2,1462,2,1566,1,1590,2,1619,2,1638,1,1664,2,1645,2,1681,2,1695,2,1529,2,1503,2,1663,2,1408,2,1636,2,1540,2,1593,2,1527,2,1570,2,1580,2,1524,2,1515,2,1680,2,1569,2,1611,2,1557,2,1554,2
,4:49:04,37,1364,1,1386,2,1331,1,1398,2,1426,2,1418,2,1412,2,1483,2,1608,2,1608,2,1627,2,1558,2,1460,2,1457,2,1495,1,1508,2,1481,2,1444,2,1519,2,1470,2,1580,2,1529,2,1467,1,1566,2,1592,2,1624,3,1634,2,1656,2,1638,2,1679,2,1684,2,1530,2,1502,2,1675,2,1413,2,1633,2,1539,2,1579,2,1521,2,1574,2,1573,2,1522,2,1519,2,1675,2,1562,2,1603,2,1553,1,1554,2
,4:53:04,37,1371,2,1381,2,1334,1,1407,2,1420,2,1420,2,1416,2,1486,2,1610,2,1609,2,1623,2,1557,1,1466,2,1458,2,1490,2,1507,2,1472,2,1444,2,1524,2,1476,2,1580,2,1529,2,1463,2,1569,2,1592,2,1617,1,1635,2,1657,1,1643,3,1688,2,1690,2,1531,2,1505,2,1676,2,1417,2,1635,1,1535,1,1591,1,1526,2,1564,2,1574,2,1521,2,1522,2,1673,2,1567,2,1601,2,1550,1,1555,2
,4:57:04,37,1367,1,1376,2,1332,2,1405,1,1424,2,1411,2,1414,2,1486,2,1597,1,1614,2,1631,2,1546,2,1468,2,1455,2,1487,2,1510,2,1478,2,1441,2,1520,2,1481,2,1581,2,1528,2,1459,2,1559,1,1591,2,1617,2,1640,2,1655,2,1632,2,1692,2,1690,2,1539,2,1502,2,1675,2,1414,2,1632,2,1543,2,1590,2,1525,1,1567,2,1573,2,1517,2,1519,2,1677,2,1562,2,1602,2,1554,2,1561,2
,5:01:04,37,1373,2,1372,2,1336,2,1408,2,1425,1,1418,2,1415,2,1491,2,1608,2,1612,2,1631,1,1552,1,1472,1,1467,2,1489,2,1510,2,1480,2,1449,2,1516,2,1484,2,1581,2,1528,2,1459,2,1570,2,1593,2,1614,2,1633,2,1665,2,1641,2,1687,2,1694,2,1527,2,1501,2,1676,2,1413,2,1634,2,1527,2,1584,1,1526,2,1573,2,1577,2,1526,2,1510,2,1680,1,1558,2,1606,2,1554,2,1564,2
,5:05:04,37,1372,2,1382,1,1336,2,1405,2,1427,2,1415,1,1410,2,1489,2,1608,2,1611,2,1632,2,1549,2,1472,2,1464,1,1491,2,1506,2,1483,2,1441,2,1519,2,1488,2,1573,2,1529,2,1465,2,1567,2,1602,2,1615,1,1623,2,1659,1,1643,2,1684,2,1692,2,1535,2,1506,2,1674,3,1416,2,1631,2,1536,2,1586,2,1524,2,1565,2,1570,2,1523,2,1525,2,1677,2,1564,2,1607,2,1546,2,1560,1
,5:09:04,37,1371,2,1380,2,1332,2,1399,2,1425,2,1424,2,1417,2,1479,2,1607,1,1606,1,1631,2,1549,2,1470,2,1462,1,1490,2,1513,2,1479,1,1446,2,1516,2,1490,2,1581,2,1518,2,1461,2,1569,2,1594,2,1615,2,1634,2,1658,2,1641,2,1679,2,1685,2,1526,2,1501,2,1675,2,1412,2,1630,2,1534,2,1597,2,1520,2,1565,1,1573,2,1523,2,1516,2,1678,2,1569,2,1606,2,1545,2,1558,1
,5:13:04,37,1374,2,1371,2,1332,2,1402,2,1425,2,1421,2,1419,2,1485,2,1613,1,1606,2,1625,2,1546,1,1464,2,1468,2,1492,2,1515,2,1479,2,1442,2,1529,2,1479,2,1576,1,1524,2,1464,2,1564,2,1596,2,1610,2,1631,2,1656,2,1633,2,1684,2,1695,2,1534,2,1506,2,1674,2,1412,2,1630,2,1543,2,1585,2,1522,2,1566,1,1570,2,1525,2,1522,2,1680,2,1560,2,1600,1,1545,2,1559,2
,5:17:04,37,1371,2,1370,1,1332,2,1404,2,1429,2,1431,1,1417,2,1483,2,1609,2,1609,1,1632,1,1550,2,1474,2,1468,2,1493,2,1502,2,1481,1,1438,2,1526,2,1484,2,1577,2,1524,2,1466,2,1567,3,1595,2,1616,2,1625,2,1648,2,1638,2,1685,2,1690,2,1534,2,1505,2,1678,2,1412,2,1627,2,1535,3,1594,1,1531,2,1570,2,1574,2,1528,2,1519,2,1676,2,1562,2,1587,1,1554,2,1557,2
,5:21:04,37,1370,2,1375,2,1333,2,1402,1,1424,2,1417,2,1411,2,1485,2,1606,2,1611,2,1624,2,1548,2,1469,2,1465,2,1485,2,1506,2,1479,2,1449,2,1520,2,1482,2,1586,2,1519,2,1463,2,1565,2,1595,1,1620,2,1637,2,1659,2,1635,2,1685,2,1692,2,1536,2,1509,3,1678,2,1418,2,1629,2,1540,2,1594,2,1519,2,1564,2,1574,2,1523,2,1514,2,1680,2,1565,2,1604,3,1550,2,1556,2
,5:25:04,37.1,1370,2,1377,2,1331,2,1402,2,1416,2,1423,2,1409,2,1486,2,1607,2,1609,2,1629,2,1547,2,1468,2,1459,2,1493,2,1511,2,1481,2,1439,2,1529,2,1478,2,1579,2,1525,2,1467,2,1571,2,1590,2,1617,2,1633,2,1655,2,1629,2,1688,2,1689,2,1536,2,1506,2,1672,2,1415,2,1636,2,1533,2,1585,2,1516,2,1576,2,1573,3,1519,2,1518,2,1671,2,1560,2,1601,2,1546,2,1553,2
,5:29:04,37.1,1359,2,1379,1,1328,2,1402,2,1422,2,1423,2,1407,1,1488,1,1600,2,1607,2,1627,2,1549,2,1467,2,1463,2,1490,2,1513,1,1480,2,1438,2,1523,1,1481,2,1578,2,1516,1,1462,2,1563,2,1591,1,1616,2,1627,2,1650,2,1629,2,1681,3,1688,2,1534,2,1503,2,1671,2,1410,2,1630,2,1539,2,1587,2,1518,1,1557,2,1566,2,1523,2,1522,2,1678,2,1560,2,1607,1,1558,2,1557,2
,5:33:04,37,1362,1,1370,2,1328,2,1406,1,1421,2,1419,2,1410,2,1483,1,1602,2,1608,2,1634,2,1542,2,1469,2,1460,2,1491,2,1509,2,1483,2,1442,2,1524,2,1484,2,1573,2,1524,2,1463,2,1559,1,1595,2,1622,2,1632,2,1658,2,1631,2,1678,2,1698,2,1537,2,1508,2,1679,2,1400,2,1634,2,1529,2,1587,2,1524,2,1562,2,1569,2,1525,2,1521,2,1676,2,1562,2,1606,2,1552,2,1553,2
,5:37:04,37,1365,2,1377,2,1340,2,1402,2,1432,2,1416,2,1410,2,1484,1,1601,2,1607,2,1624,2,1547,2,1467,1,1465,2,1492,2,1511,2,1479,2,1448,2,1524,2,1483,2,1576,2,1526,2,1467,2,1562,2,1592,2,1625,2,1629,2,1650,2,1648,2,1678,2,1696,2,1535,2,1506,2,1674,2,1417,2,1631,2,1533,2,1590,2,1521,2,1562,2,1574,2,1525,2,1517,2,1678,1,1556,2,1603,2,1546,2,1561,2
,5:41:04,37.1,1365,1,1379,2,1332,2,1397,1,1426,2,1422,2,1414,2,1489,2,1603,2,1607,1,1628,2,1544,2,1468,2,1462,1,1491,2,1511,2,1482,1,1441,2,1527,2,1480,2,1583,2,1535,2,1462,2,1556,2,1594,1,1616,2,1633,2,1650,2,1630,1,1687,2,1699,2,1544,2,1505,2,1676,2,1415,1,1636,2,1536,2,1590,2,1523,2,1559,3,1573,2,1528,2,1525,2,1670,3,1567,2,1608,2,1546,3,1556,2
,5:45:04,37,1370,2,1378,2,1330,2,1406,2,1431,2,1423,2,1413,3,1490,2,1611,2,1615,2,1626,2,1547,2,1472,1,1474,2,1487,2,1515,2,1481,2,1446,2,1522,2,1486,2,1578,2,1522,2,1462,1,1564,2,1591,2,1614,2,1623,2,1659,2,1638,2,1690,2,1693,2,1540,2,1508,2,1673,2,1412,2,1634,2,1530,1,1597,2,1529,2,1565,2,1568,2,1526,2,1507,3,1676,2,1565,2,1612,2,1548,2,1556,2
,5:49:04,37,1367,1,1368,1,1335,2,1399,2,1432,2,1417,3,1414,2,1488,2,1610,2,1615,2,1633,2,1538,2,1475,2,1466,2,1486,2,1509,2,1486,2,1448,2,1524,2,1482,1,1584,1,1523,3,1473,2,1564,1,1597,2,1616,2,1628,2,1654,2,1640,2,1683,2,1695,2,1536,1,1507,1,1672,2,1411,2,1634,1,1543,2,1584,2,1521,2,1572,2,1570,2,1526,1,1518,2,1674,3,1568,2,1598,2,1557,3,1557,2
,5:53:04,37.1,1368,2,1371,2,1331,2,1406,2,1416,2,1417,2,1412,2,1482,2,1606,2,1616,2,1626,2,1548,2,1473,2,1471,2,1495,2,1512,2,1475,2,1454,2,1529,2,1486,2,1582,2,1528,2,1461,2,1562,2,1594,2,1623,2,1629,2,1655,2,1638,2,1685,2,1691,2,1534,2,1510,2,1669,2,1413,2,1632,2,1533,1,1586,2,1524,2,1565,2,1576,2,1527,2,1515,2,1668,2,1564,2,1597,2,1550,1,1559,2
,5:57:04,37,1373,2,1379,1,1332,2,1401,2,1428,2,1428,2,1411,2,1482,2,1612,2,1613,2,1634,2,1543,2,1472,2,1465,2,1489,2,1506,2,1469,2,1440,2,1527,2,1485,2,1582,2,1537,2,1471,1,1557,2,1595,2,1621,2,1632,2,1657,2,1631,2,1685,2,1688,2,1533,2,1498,2,1672,2,1417,2,1627,2,1532,1,1599,2,1526,2,1564,2,1575,2,1527,2,1515,2,1671,2,1561,2,1601,3,1548,2,1552,2
,6:01:04,37,1374,2,1373,2,1332,2,1405,2,1429,2,1416,2,1406,2,1488,2,1605,2,1622,2,1632,2,1553,2,1473,2,1464,2,1487,1,1509,2,1483,2,1441,1,1520,2,1481,2,1587,1,1523,2,1467,3,1565,2,1597,2,1617,2,1628,2,1658,2,1638,2,1686,2,1689,2,1534,2,1512,2,1675,2,1417,2,1627,2,1540,2,1593,1,1531,2,1563,2,1565,1,1522,2,1513,2,1675,2,1565,2,1607,2,1548,2,1561,2
,6:05:04,37,1367,2,1375,2,1333,1,1402,2,1428,2,1419,1,1415,2,1483,2,1612,2,1614,2,1626,1,1544,2,1474,2,1468,1,1494,2,1504,1,1477,2,1452,3,1526,1,1484,2,1579,2,1537,2,1465,2,1557,2,1604,2,1613,2,1633,1,1659,2,1630,2,1674,2,1695,2,1533,2,1501,2,1682,1,1420,2,1639,2,1538,2,1599,2,1527,2,1568,2,1567,2,1529,2,1520,2,1670,2,1555,2,1609,2,1550,2,1563,2
,6:09:04,37,1372,2,1374,2,1333,1,1405,2,1423,2,1415,2,1412,2,1484,2,1613,2,1617,2,1634,2,1552,2,1469,2,1468,1,1486,2,1512,2,1477,2,1440,2,1523,2,1484,2,1584,2,1525,2,1467,1,1562,2,1598,2,1621,2,1626,1,1649,2,1633,2,1689,1,1692,2,1538,2,1506,2,1668,2,1414,2,1627,3,1532,2,1589,2,1520,2,1564,2,1568,2,1526,2,1517,2,1674,2,1561,2,1598,2,1546,2,1554,2
,6:13:04,37.1,1368,1,1376,1,1331,2,1400,2,1423,1,1421,2,1414,2,1481,2,1608,1,1614,2,1634,2,1555,2,1474,2,1468,2,1495,2,1509,2,1480,2,1442,2,1528,2,1483,2,1581,2,1529,2,1465,2,1554,2,1596,2,1617,2,1630,2,1661,2,1637,2,1695,2,1694,2,1537,2,1505,2,1683,1,1422,2,1628,2,1543,2,1593,1,1525,1,1563,2,1573,2,1523,2,1513,2,1672,2,1564,3,1603,2,1548,2,1559,2
,6:17:04,37,1369,2,1380,2,1332,2,1402,2,1430,2,1427,2,1417,2,1481,2,1607,2,1616,2,1628,2,1546,2,1471,2,1471,2,1487,2,1507,2,1480,2,1440,2,1527,2,1485,2,1580,2,1529,3,1460,2,1559,1,1599,2,1616,2,1629,2,1648,2,1633,2,1686,2,1684,1,1544,2,1508,2,1676,2,1403,2,1623,2,1539,2,1598,1,1528,2,1568,2,1569,2,1526,2,1514,1,1679,2,1568,2,1600,2,1542,2,1552,2
,6:21:04,37,1374,2,1370,2,1331,2,1403,2,1429,2,1420,2,1415,2,1489,2,1609,2,1617,2,1632,2,1545,2,1472,2,1465,2,1500,2,1510,1,1486,2,1439,2,1531,2,1484,2,1584,2,1528,2,1462,1,1560,2,1598,2,1621,2,1636,2,1657,2,1638,2,1689,2,1694,1,1531,2,1504,2,1678,2,1413,1,1621,2,1526,2,1583,2,1522,2,1567,2,1570,2,1527,2,1524,2,1679,3,1556,2,1608,2,1549,2,1558,2
,6:25:04,37,1383,2,1377,2,1333,2,1404,2,1423,2,1421,2,1412,2,1479,2,1615,2,1604,2,1623,2,1546,2,1467,2,1469,2,1500,2,1513,2,1480,2,1440,1,1531,2,1483,2,1585,2,1535,2,1470,2,1554,2,1600,2,1630,2,1636,2,1657,2,1638,2,1679,2,1694,2,1533,2,1513,2,1675,2,1415,2,1629,1,1536,2,1589,1,1522,2,1557,2,1578,2,1524,2,1521,2,1676,1,1555,2,1601,2,1538,2,1554,2
,6:29:04,37,1363,2,1376,2,1338,1,1400,1,1426,2,1417,2,1410,2,1486,2,1606,2,1617,2,1629,3,1540,2,1472,2,1465,2,1499,2,1508,2,1482,2,1445,2,1525,2,1482,2,1579,2,1538,2,1470,2,1555,2,1605,2,1621,2,1636,2,1651,2,1634,2,1695,3,1697,2,1536,2,1500,2,1670,2,1416,2,1633,2,1536,2,1588,2,1525,2,1563,2,1570,2,1521,2,1518,2,1676,2,1561,2,1603,2,1543,3,1559,2
,6:33:04,37,1364,2,1371,2,1332,1,1397,2,1417,2,1421,2,1408,2,1490,2,1609,2,1613,2,1622,2,1547,2,1473,2,1472,2,1496,2,1509,1,1488,2,1439,2,1522,3,1480,1,1581,2,1522,2,1470,2,1551,2,1596,2,1618,1,1631,2,1654,2,1634,1,1692,2,1693,2,1542,2,1498,2,1669,2,1407,2,1634,2,1532,2,1595,2,1521,2,1561,2,1570,2,1518,2,1514,2,1676,2,1561,2,1608,2,1547,2,1555,1
,6:37:04,37,1364,2,1377,2,1330,2,1404,1,1429,2,1422,2,1413,2,1485,1,1607,2,1618,2,1621,2,1542,1,1477,2,1468,2,1493,2,1505,2,1481,2,1442,1,1529,3,1486,2,1581,2,1523,2,1459,2,1558,2,1599,2,1617,1,1630,2,1648,2,1643,2,1689,2,1692,2,1540,2,1503,2,1674,2,1407,2,1634,3,1531,1,1596,2,1520,2,1560,2,1571,2,1528,2,1520,2,1673,2,1554,2,1598,2,1545,2,1554,2
,6:41:04,37,1369,1,1373,2,1327,2,1392,2,1427,1,1421,2,1412,2,1484,2,1608,2,1614,2,1619,2,1538,2,1470,2,1468,1,1492,2,1509,2,1480,2,1443,2,1523,2,1483,2,1578,2,1525,2,1462,2,1547,2,1599,2,1623,2,1627,2,1651,1,1640,2,1677,2,1697,2,1535,2,1503,2,1676,2,1415,2,1630,2,1533,1,1595,2,1528,2,1565,2,1575,2,1524,2,1517,2,1676,2,1563,2,1604,2,1542,2,1550,2
,6:45:04,37,1366,1,1372,2,1332,1,1401,1,1426,2,1425,2,1417,2,1484,2,1615,2,1614,2,1625,2,1549,2,1475,1,1472,2,1497,1,1515,2,1483,2,1449,2,1526,2,1489,1,1584,2,1524,3,1469,2,1556,2,1594,2,1621,2,1638,2,1653,2,1648,2,1689,1,1696,2,1529,2,1517,2,1675,2,1414,2,1632,2,1535,2,1592,2,1526,2,1562,2,1567,2,1529,3,1515,2,1679,2,1562,2,1606,2,1542,2,1559,2
,6:49:04,37,1377,2,1366,2,1326,2,1396,1,1428,2,1425,2,1417,2,1484,2,1609,2,1613,2,1636,1,1545,2,1479,2,1470,2,1495,1,1512,2,1478,2,1437,2,1524,2,1477,2,1583,2,1529,2,1465,2,1562,2,1598,2,1615,2,1630,2,1660,2,1637,2,1682,2,1697,2,1539,2,1508,2,1675,2,1411,2,1635,2,1536,2,1581,2,1528,2,1563,2,1564,2,1526,2,1518,2,1676,2,1555,2,1600,2,1552,2,1564,1
,6:53:04,37,1373,2,1381,2,1333,2,1399,2,1428,2,1423,2,1413,2,1486,2,1610,2,1612,2,1625,2,1548,2,1472,1,1467,2,1493,2,1509,2,1482,2,1445,2,1533,2,1487,2,1582,3,1525,2,1457,2,1557,2,1597,2,1618,2,1638,2,1654,2,1640,2,1690,2,1694,2,1541,2,1498,2,1676,2,1414,2,1633,2,1527,1,1591,2,1526,2,1563,2,1569,2,1525,2,1518,2,1680,2,1556,2,1603,2,1547,2,1556,2
,6:57:04,37,1366,2,1379,2,1334,2,1400,2,1430,2,1427,1,1411,2,1486,2,1598,2,1621,2,1628,2,1536,2,1475,2,1464,2,1491,1,1500,1,1475,2,1444,2,1523,2,1484,2,1582,2,1524,2,1459,2,1554,2,1600,3,1615,2,1633,3,1658,1,1637,2,1686,2,1690,2,1539,2,1508,2,1671,2,1409,1,1635,2,1536,2,1588,2,1521,3,1555,2,1566,2,1523,2,1522,3,1674,2,1564,2,1605,2,1544,2,1555,2
,7:01:04,37.1,1363,2,1370,1,1336,2,1398,2,1433,2,1420,2,1412,2,1488,2,1609,2,1610,2,1631,2,1534,2,1472,2,1473,2,1494,2,1515,1,1479,2,1444,2,1530,1,1476,2,1584,1,1531,2,1465,2,1556,2,1592,2,1613,2,1628,3,1657,2,1645,2,1691,2,1691,2,1538,3,1506,2,1678,2,1405,2,1632,2,1543,2,1589,2,1526,2,1565,2,1571,2,1524,2,1515,2,1676,2,1555,2,1602,2,1543,2,1560,2
,7:05:04,37,1369,2,1372,2,1332,2,1395,2,1425,2,1418,2,1409,2,1480,2,1604,2,1618,2,1632,1,1541,1,1468,2,1471,2,1493,2,1515,2,1484,1,1445,1,1529,2,1479,2,1575,2,1533,2,1463,2,1557,2,1590,2,1622,1,1631,2,1652,2,1643,2,1682,2,1697,2,1535,2,1507,2,1680,2,1415,2,1630,2,1528,2,1592,2,1525,2,1567,2,1569,2,1526,2,1519,2,1671,2,1553,2,1595,2,1541,2,1553,2
,7:09:04,37.1,1369,2,1370,2,1330,2,1399,2,1431,3,1411,2,1414,2,1487,2,1604,2,1613,1,1625,2,1540,2,1462,2,1468,2,1495,1,1511,2,1479,2,1440,2,1530,2,1478,2,1580,2,1528,2,1457,2,1553,2,1594,2,1620,2,1628,2,1654,2,1636,2,1689,2,1694,2,1534,1,1496,2,1680,2,1410,2,1636,2,1527,2,1588,2,1529,2,1557,2,1576,2,1523,2,1514,2,1676,2,1555,2,1604,2,1543,2,1557,2
,7:13:04,37,1365,2,1373,2,1334,2,1409,2,1425,2,1418,2,1408,2,1485,2,1608,1,1609,2,1633,2,1537,2,1469,2,1468,2,1486,2,1507,2,1476,2,1446,2,1532,2,1482,2,1585,2,1521,2,1460,2,1551,2,1594,2,1616,2,1630,2,1658,1,1641,2,1693,2,1697,2,1533,2,1505,2,1675,1,1411,2,1629,2,1530,2,1592,2,1526,2,1565,2,1564,2,1524,2,1519,2,1667,2,1556,2,1597,1,1546,2,1558,2
,7:17:04,37,1370,2,1370,2,1334,2,1399,2,1426,2,1426,3,1406,2,1482,1,1602,1,1615,2,1631,2,1540,2,1474,1,1469,2,1491,2,1506,2,1480,2,1443,2,1529,2,1482,2,1583,2,1525,2,1463,2,1551,2,1594,2,1620,2,1625,2,1659,1,1640,2,1691,2,1696,2,1533,2,1503,1,1671,2,1409,2,1626,2,1527,2,1585,3,1529,2,1559,2,1562,2,1524,2,1511,2,1671,2,1556,2,1600,2,1535,2,1561,2
,7:21:04,37,1371,1,1370,1,1331,2,1402,1,1429,2,1420,2,1411,2,1484,2,1616,2,1612,2,1621,2,1540,2,1470,1,1468,2,1490,2,1514,2,1482,2,1439,2,1526,2,1483,2,1578,2,1519,2,1464,2,1545,2,1596,2,1617,2,1630,2,1655,2,1632,2,1681,2,1691,2,1528,2,1503,2,1672,2,1420,1,1628,2,1530,1,1587,2,1531,2,1560,2,1569,2,1528,2,1516,1,1679,2,1555,2,1601,2,1545,2,1544,2
,7:25:04,37,1365,2,1371,2,1331,2,1399,2,1421,2,1421,2,1406,2,1480,2,1615,3,1610,2,1626,2,1539,2,1473,2,1468,2,1492,2,1507,2,1479,2,1438,2,1522,2,1487,2,1580,2,1532,2,1459,2,1550,2,1600,2,1611,2,1631,2,1642,1,1642,1,1684,2,1695,1,1530,2,1511,2,1676,2,1409,2,1628,2,1530,2,1588,2,1525,2,1551,2,1569,2,1518,1,1520,2,1675,2,1563,3,1605,2,1541,2,1551,2
,7:29:04,37,1359,2,1370,1,1331,2,1396,2,1429,2,1419,2,1415,2,1483,2,1616,2,1613,2,1627,2,1535,2,1470,2,1467,2,1494,2,1508,2,1476,2,1441,2,1531,2,1489,2,1587,2,1529,2,1462,2,1551,2,1598,2,1617,2,1625,2,1657,2,1640,2,1679,2,1698,2,1544,2,1503,2,1682,2,1417,2,1631,2,1533,2,1588,2,1520,2,1557,2,1568,2,1527,2,1511,2,1677,2,1563,2,1600,2,1548,2,1551,1
,7:33:04,37,1375,2,1367,2,1327,2,1391,2,1432,2,1419,2,1408,2,1478,2,1606,3,1606,2,1625,2,1538,2,1472,2,1476,1,1491,1,1507,1,1474,1,1441,2,1521,1,1486,3,1578,2,1531,2,1460,1,1551,2,1598,2,1615,2,1631,2,1653,2,1635,1,1685,2,1694,2,1540,2,1510,2,1672,2,1410,2,1629,2,1535,2,1591,2,1522,2,1555,2,1576,2,1531,2,1517,2,1667,2,1556,2,1596,2,1541,2,1556,2
,7:37:04,37,1362,1,1371,2,1330,2,1396,2,1424,3,1425,2,1401,2,1474,2,1603,2,1603,2,1622,2,1528,2,1465,2,1465,1,1484,2,1500,3,1478,2,1443,2,1525,2,1483,2,1577,2,1524,2,1451,2,1550,2,1595,2,1630,2,1635,2,1651,2,1636,2,1685,1,1692,2,1537,2,1503,2,1670,2,1410,2,1625,2,1530,3,1585,2,1523,2,1552,2,1567,2,1518,2,1516,2,1662,1,1553,2,1604,2,1539,2,1559,3
,7:41:04,36.9,1375,2,1378,1,1333,2,1396,2,1430,1,1420,2,1402,2,1482,2,1604,2,1608,2,1629,2,1535,2,1471,2,1462,2,1493,1,1514,1,1475,2,1445,2,1528,2,1483,2,1578,2,1531,2,1463,2,1545,2,1592,2,1610,2,1627,2,1658,2,1643,2,1687,2,1684,2,1525,2,1500,2,1660,1,1411,2,1630,2,1535,2,1589,2,1525,2,1555,2,1563,1,1520,2,1518,2,1670,2,1560,2,1599,3,1539,2,1547,2
,7:45:04,37,1364,2,1366,2,1330,2,1387,2,1424,2,1422,2,1410,2,1485,2,1611,2,1607,2,1625,2,1540,2,1473,2,1470,2,1494,2,1507,2,1484,2,1448,2,1524,2,1487,2,1583,2,1523,2,1460,2,1549,2,1593,1,1616,2,1631,2,1650,2,1630,2,1681,2,1692,2,1539,2,1507,2,1667,2,1411,2,1624,2,1534,2,1584,2,1516,2,1550,2,1565,2,1525,2,1515,2,1673,2,1556,2,1600,2,1540,2,1550,2
,7:49:04,37,1372,1,1367,2,1321,2,1393,2,1429,2,1423,2,1407,2,1487,2,1611,3,1613,2,1616,1,1539,2,1476,2,1468,2,1497,2,1512,2,1482,2,1436,2,1528,2,1491,2,1576,2,1521,2,1466,2,1545,1,1593,2,1617,1,1627,2,1654,1,1640,2,1684,2,1698,2,1534,2,1500,2,1668,2,1409,2,1627,2,1527,2,1595,2,1523,2,1555,2,1574,1,1528,2,1507,2,1675,2,1547,2,1604,2,1537,2,1558,2
,7:53:04,37,1363,2,1367,2,1332,2,1388,2,1429,2,1416,2,1412,2,1482,2,1605,2,1614,2,1629,2,1539,1,1466,2,1475,2,1493,1,1503,1,1479,2,1449,2,1536,2,1483,2,1576,2,1532,2,1458,2,1558,3,1602,2,1613,2,1631,2,1652,2,1633,2,1682,2,1696,2,1534,2,1508,2,1667,2,1408,1,1625,1,1528,2,1593,2,1524,2,1560,2,1566,1,1523,2,1519,2,1675,2,1553,2,1599,2,1543,2,1557,2
,7:57:04,37.1,1367,2,1368,2,1327,2,1396,2,1419,2,1414,2,1410,2,1487,2,1601,2,1608,2,1616,2,1546,2,1477,2,1467,2,1497,2,1507,2,1477,2,1438,2,1531,2,1480,2,1580,2,1532,2,1461,2,1545,2,1592,2,1626,2,1631,2,1659,2,1634,2,1688,2,1694,2,1538,2,1498,2,1673,2,1403,2,1624,2,1534,2,1586,2,1521,2,1552,2,1569,2,1527,2,1517,2,1672,2,1560,2,1602,2,1530,2,1556,2
,8:01:04,37.1,1374,2,1363,2,1330,2,1389,2,1424,2,1422,2,1411,2,1484,2,1611,2,1607,2,1626,1,1533,2,1467,2,1471,2,1490,2,1504,2,1473,2,1434,2,1526,2,1484,2,1574,2,1520,2,1462,2,1548,2,1601,1,1621,2,1627,2,1653,2,1633,2,1691,2,1694,2,1535,2,1497,2,1670,2,1416,2,1627,2,1531,2,1588,2,1524,2,1552,2,1564,1,1521,3,1513,2,1678,2,1557,2,1602,2,1547,2,1545,3
,8:05:04,37,1368,2,1362,2,1328,2,1388,2,1425,2,1420,2,1414,2,1486,2,1605,3,1607,2,1626,2,1532,2,1463,2,1472,2,1495,2,1507,1,1481,2,1432,2,1529,2,1481,2,1580,2,1527,2,1463,3,1551,2,1596,2,1613,2,1624,1,1653,2,1631,2,1679,2,1691,2,1535,2,1504,1,1678,2,1417,1,1623,2,1522,2,1594,1,1520,2,1547,2,1565,2,1526,2,1513,2,1674,2,1557,2,1600,2,1540,2,1551,2
,8:09:04,37,1369,1,1366,2,1329,1,1385,2,1430,2,1419,2,1414,2,1486,2,1605,1,1606,2,1617,2,1528,2,1467,2,1471,2,1487,2,1496,3,1485,1,1442,2,1525,1,1480,2,1577,2,1528,2,1455,1,1543,2,1597,2,1604,2,1630,2,1647,2,1630,1,1689,1,1685,2,1534,2,1496,2,1668,1,1411,2,1625,2,1529,2,1582,2,1524,2,1555,2,1564,2,1523,2,1509,2,1678,2,1551,2,1600,2,1534,2,1560,2
,8:13:04,36.9,1369,2,1365,2,1328,2,1395,2,1427,2,1421,2,1408,2,1488,2,1611,2,1604,2,1615,2,1527,1,1466,2,1472,2,1486,2,1515,2,1484,2,1430,2,1535,2,1483,2,1580,2,1532,2,1461,2,1549,1,1592,1,1612,2,1628,2,1654,2,1632,2,1691,1,1692,2,1541,1,1497,2,1673,2,1405,2,1620,2,1527,2,1588,2,1522,2,1561,2,1568,2,1524,2,1518,2,1669,2,1559,2,1606,2,1543,2,1556,2
,8:17:04,37.1,1368,2,1366,2,1333,2,1393,2,1422,2,1416,2,1405,2,1478,2,1610,2,1607,1,1631,2,1538,2,1472,2,1466,2,1486,2,1507,2,1479,1,1445,2,1533,2,1480,2,1573,2,1522,2,1470,2,1543,2,1595,2,1616,2,1634,2,1656,2,1630,2,1686,2,1690,2,1534,2,1498,2,1667,2,1415,2,1621,1,1532,2,1585,3,1520,2,1555,2,1568,2,1523,2,1508,2,1676,2,1561,2,1598,2,1536,2,1554,2
,8:21:04,37,1371,2,1369,2,1331,1,1392,2,1434,2,1422,2,1408,2,1476,2,1611,2,1607,2,1627,2,1529,2,1471,2,1470,2,1490,2,1506,2,1481,1,1443,2,1527,2,1488,2,1579,2,1523,2,1463,2,1545,2,1597,2,1615,2,1627,2,1655,2,1637,2,1690,2,1695,1,1529,2,1506,2,1673,2,1421,2,1627,2,1528,2,1589,2,1516,2,1551,2,1568,2,1525,1,1506,2,1675,2,1549,2,1592,2,1545,2,1554,1
,8:25:04,37,1367,1,1369,1,1330,2,1390,2,1427,2,1415,2,1400,2,1485,2,1606,2,1612,1,1621,2,1533,2,1471,2,1468,2,1495,2,1511,2,1475,2,1446,2,1527,2,1475,2,1581,2,1524,2,1458,2,1542,2,1605,1,1613,2,1629,2,1653,1,1639,2,1682,2,1698,2,1539,2,1501,2,1673,2,1412,2,1621,2,1529,1,1588,2,1519,2,1551,2,1566,2,1524,2,1507,2,1671,2,1559,2,1600,2,1533,2,1557,2
,8:29:04,37,1367,1,1367,2,1333,2,1388,2,1429,2,1424,2,1411,2,1484,2,1602,2,1609,2,1617,2,1533,2,1468,2,1469,2,1492,1,1509,2,1468,2,1435,2,1531,2,1484,2,1581,2,1520,1,1459,2,1543,2,1599,2,1624,1,1627,2,1649,2,1628,2,1694,2,1692,2,1540,2,1504,2,1671,2,1413,2,1621,2,1525,2,1585,1,1519,2,1546,2,1562,2,1516,2,1518,2,1677,2,1558,2,1595,2,1547,2,1552,2
,8:33:04,37,1369,2,1364,2,1330,2,1389,2,1427,2,1419,2,1404,2,1484,2,1611,2,1611,1,1624,1,1530,2,1475,3,1467,2,1494,2,1512,2,1472,1,1436,2,1529,2,1478,2,1576,2,1527,2,1458,2,1549,2,1599,2,1610,2,1624,1,1652,2,1635,2,1684,2,1702,2,1539,2,1500,2,1673,2,1413,2,1630,2,1532,2,1592,2,1526,2,1559,2,1567,2,1515,2,1513,2,1681,2,1554,2,1600,2,1534,2,1554,2
,8:37:04,37,1369,2,1366,1,1333,2,1392,2,1417,2,1417,3,1397,2,1486,2,1607,2,1609,2,1635,2,1528,2,1469,2,1468,2,1488,1,1507,2,1479,2,1442,2,1527,2,1478,2,1583,2,1532,3,1457,2,1538,2,1593,2,1616,2,1623,2,1650,2,1637,1,1685,2,1692,2,1531,2,1495,2,1665,2,1412,2,1620,2,1531,2,1589,2,1529,2,1554,1,1573,1,1524,2,1510,2,1673,2,1550,2,1601,2,1540,1,1549,2
,8:41:04,37,1368,2,1362,2,1325,1,1391,3,1415,2,1414,2,1401,2,1485,1,1606,2,1608,2,1622,2,1534,2,1468,2,1463,2,1495,1,1501,2,1480,1,1440,2,1530,2,1481,2,1575,2,1527,2,1455,3,1536,2,1588,2,1612,2,1622,2,1653,2,1636,1,1693,2,1692,1,1536,2,1499,2,1668,2,1407,3,1622,2,1529,1,1589,2,1523,2,1550,2,1569,2,1524,2,1507,2,1671,2,1550,2,1598,2,1531,3,1545,2
,8:45:04,37,1372,1,1371,2,1325,2,1391,2,1425,2,1419,2,1402,2,1479,2,1593,2,1605,2,1622,2,1525,2,1466,1,1464,2,1490,2,1512,2,1471,2,1438,2,1530,2,1486,2,1575,2,1528,2,1460,2,1537,1,1601,1,1612,2,1628,2,1643,2,1639,2,1684,2,1689,2,1533,2,1495,2,1665,2,1407,2,1624,2,1524,2,1581,2,1520,2,1553,2,1566,2,1523,2,1518,1,1667,2,1551,2,1599,2,1538,2,1549,2
,8:49:04,37,1368,2,1366,2,1322,2,1390,2,1425,2,1413,2,1411,2,1479,2,1604,2,1611,2,1623,2,1527,2,1475,2,1472,3,1487,2,1502,2,1475,2,1439,2,1524,2,1484,2,1575,2,1529,1,1456,2,1538,3,1603,2,1614,2,1623,2,1658,2,1633,2,1685,2,1697,2,1534,2,1499,2,1668,2,1407,2,1629,3,1529,2,1590,2,1524,2,1550,1,1568,2,1523,3,1513,2,1673,2,1554,2,1593,2,1534,2,1554,2
,8:53:04,37,1374,1,1370,2,1332,2,1390,2,1424,2,1427,2,1407,2,1476,2,1598,2,1613,2,1618,3,1527,2,1462,1,1471,2,1488,2,1509,2,1473,2,1437,2,1523,2,1479,2,1575,2,1522,2,1458,2,1540,2,1596,2,1615,2,1630,2,1654,2,1631,2,1685,2,1699,1,1541,2,1501,2,1670,2,1413,2,1622,2,1530,2,1590,2,1518,2,1559,2,1567,2,1525,2,1509,2,1673,2,1551,2,1595,2,1536,2,1561,2
,8:57:04,37,1371,2,1357,2,1330,2,1396,2,1428,2,1421,2,1407,2,1481,2,1606,2,1606,2,1625,2,1525,2,1471,2,1465,2,1495,2,1510,2,1484,1,1438,2,1535,2,1478,1,1576,2,1524,2,1458,2,1542,1,1599,2,1615,2,1630,2,1657,2,1636,2,1687,2,1692,1,1541,2,1498,2,1668,2,1411,2,1622,2,1525,1,1584,2,1522,2,1550,2,1568,2,1529,2,1514,2,1672,2,1553,2,1596,2,1534,2,1552,2
,9:01:04,37,1373,1,1366,2,1331,2,1393,2,1426,2,1413,2,1405,2,1484,2,1605,2,1606,2,1624,2,1522,2,1473,2,1472,2,1488,2,1510,2,1481,2,1442,2,1527,2,1477,2,1573,2,1522,2,1452,2,1532,2,1598,2,1613,2,1626,2,1655,2,1640,2,1691,2,1693,2,1542,2,1504,2,1665,2,1409,2,1613,2,1537,2,1596,2,1526,2,1547,2,1567,2,1529,2,1511,2,1673,2,1555,2,1603,2,1539,2,1553,2
,9:05:04,37.1,1366,2,1373,2,1328,2,1390,1,1426,2,1419,2,1410,2,1487,1,1600,2,1603,2,1619,2,1524,2,1475,2,1470,2,1491,2,1508,2,1478,2,1434,2,1525,2,1479,1,1574,2,1527,2,1454,2,1536,2,1597,2,1617,2,1628,2,1647,1,1626,2,1688,2,1691,1,1536,2,1495,2,1669,2,1409,2,1627,2,1532,1,1587,2,1524,2,1548,2,1559,1,1529,1,1507,1,1673,2,1547,2,1598,2,1537,1,1552,2
,9:09:04,37,1365,2,1371,2,1330,2,1385,2,1428,2,1416,1,1408,2,1487,1,1601,2,1604,2,1621,2,1532,2,1469,2,1469,2,1490,3,1504,2,1481,2,1432,2,1532,3,1480,2,1566,2,1522,2,1452,2,1537,2,1596,2,1608,2,1632,2,1650,2,1635,2,1684,3,1687,2,1536,2,1496,2,1664,2,1403,2,1617,2,1532,2,1586,2,1521,1,1549,2,1561,2,1524,2,1518,2,1673,2,1550,2,1591,2,1539,2,1554,2
,9:13:04,37,1366,2,1366,2,1324,2,1393,2,1427,2,1420,2,1395,2,1484,2,1606,2,1596,2,1617,2,1524,2,1473,2,1472,1,1489,1,1502,1,1476,2,1434,1,1532,2,1474,2,1576,2,1521,3,1450,2,1527,2,1602,2,1613,2,1630,2,1659,2,1640,2,1682,2,1694,2,1537,2,1495,2,1663,2,1408,2,1619,2,1529,2,1583,2,1518,1,1545,2,1560,2,1520,2,1507,2,1667,2,1559,2,1599,2,1536,2,1548,2
,9:17:04,37,1362,2,1364,1,1319,2,1384,2,1433,2,1415,2,1406,2,1483,2,1602,2,1598,2,1617,2,1522,2,1473,2,1465,1,1487,2,1504,1,1476,2,1436,2,1522,1,1483,2,1576,2,1522,1,1457,2,1532,2,1595,2,1605,2,1631,1,1650,2,1640,2,1687,1,1680,2,1533,2,1499,2,1667,2,1408,2,1619,2,1531,2,1592,2,1524,2,1546,2,1562,2,1525,2,1510,2,1675,2,1552,2,1599,2,1536,2,1555,2
,9:21:04,37,1366,2,1361,2,1327,1,1388,2,1420,3,1426,2,1401,2,1487,2,1601,2,1598,2,1624,2,1525,2,1471,2,1468,2,1490,1,1502,2,1476,2,1434,2,1521,2,1480,2,1577,2,1518,2,1459,2,1544,2,1601,1,1617,2,1628,2,1658,2,1637,2,1691,1,1693,2,1535,2,1496,2,1668,2,1408,2,1623,2,1530,1,1582,2,1516,2,1552,2,1566,2,1526,1,1503,2,1677,1,1555,2,1596,2,1542,2,1548,2
,9:25:04,37,1366,2,1363,2,1329,2,1389,2,1435,2,1424,2,1408,2,1489,2,1601,1,1612,2,1621,2,1520,2,1467,2,1464,2,1493,2,1511,1,1474,2,1442,2,1523,1,1483,2,1573,2,1525,2,1453,2,1536,2,1592,2,1613,2,1631,2,1662,1,1640,2,1691,2,1692,2,1531,2,1502,2,1667,1,1416,2,1617,2,1534,1,1589,2,1525,2,1549,1,1566,2,1529,2,1509,2,1672,2,1553,1,1594,2,1543,2,1551,2
,9:29:04,37.1,1363,2,1365,2,1326,2,1379,2,1425,2,1416,2,1413,2,1488,2,1604,2,1601,2,1617,2,1522,1,1473,1,1470,2,1491,1,1507,2,1474,2,1435,2,1530,2,1479,2,1580,2,1530,2,1468,2,1529,2,1599,1,1614,2,1627,2,1656,2,1630,2,1687,2,1698,1,1533,2,1499,2,1674,2,1411,2,1620,1,1527,2,1573,3,1525,2,1551,2,1562,2,1524,2,1514,2,1669,2,1544,2,1602,2,1538,1,1550,2
,9:33:04,37,1364,2,1362,2,1326,1,1384,2,1433,2,1423,3,1405,2,1482,2,1602,2,1602,2,1617,2,1521,2,1467,2,1463,2,1488,2,1510,2,1472,1,1436,2,1527,2,1476,2,1564,2,1524,2,1455,2,1526,2,1590,2,1607,2,1624,2,1656,2,1637,2,1683,2,1696,2,1540,2,1490,2,1676,1,1413,2,1616,2,1526,2,1584,2,1519,2,1553,2,1561,2,1522,3,1514,2,1674,2,1552,2,1604,1,1532,1,1550,1
,9:37:04,37.1,1371,1,1362,1,1323,2,1388,2,1426,2,1417,2,1405,2,1484,1,1604,2,1602,2,1612,3,1530,1,1463,2,1465,2,1488,2,1508,2,1476,2,1438,2,1527,2,1479,2,1575,2,1522,2,1463,2,1532,2,1593,2,1607,1,1633,2,1660,2,1633,2,1686,2,1692,2,1533,2,1493,2,1659,2,1411,2,1627,2,1522,2,1579,2,1521,2,1546,2,1562,2,1528,2,1510,2,1668,2,1550,2,1595,3,1532,2,1550,2
,9:41:04,37,1367,2,1360,2,1324,2,1388,2,1423,2,1419,2,1405,1,1482,2,1597,2,1603,2,1613,2,1525,2,1467,2,1462,2,1496,1,1503,2,1479,2,1436,2,1522,2,1486,2,1579,2,1525,2,1452,2,1524,3,1595,2,1618,2,1618,2,1653,2,1626,2,1687,2,1694,2,1539,2,1497,2,1660,2,1412,2,1618,2,1532,2,1581,1,1523,2,1544,2,1560,2,1519,2,1515,2,1676,2,1552,2,1598,2,1528,2,1547,2
,9:45:04,37,1365,2,1355,2,1321,2,1386,3,1421,2,1416,2,1404,2,1487,2,1597,2,1598,2,1617,2,1520,2,1464,2,1473,2,1487,1,1504,2,1480,2,1432,2,1527,2,1475,2,1570,2,1528,1,1446,2,1525,2,1586,1,1612,2,1625,2,1649,2,1631,2,1687,2,1701,2,1527,1,1501,2,1666,2,1410,3,1624,2,1532,2,1585,2,1528,2,1543,2,1559,3,1526,2,1510,2,1665,2,1557,2,1601,2,1531,2,1551,2
,9:49:04,37,1361,2,1357,2,1312,2,1387,2,1425,1,1420,2,1397,2,1477,2,1602,2,1603,2,1620,2,1521,2,1460,1,1467,2,1483,2,1507,2,1467,2,1433,2,1523,2,1484,2,1570,2,1525,2,1458,1,1516,2,1602,1,1613,2,1625,2,1651,2,1629,2,1691,2,1694,2,1534,2,1489,2,1655,2,1404,2,1624,2,1528,2,1586,2,1522,2,1534,2,1556,2,1526,2,1510,2,1666,2,1544,2,1587,2,1529,2,1545,2
,9:53:04,37,1362,2,1360,2,1318,1,1387,2,1425,2,1424,1,1395,2,1476,2,1601,2,1600,2,1614,2,1522,2,1469,2,1471,2,1485,2,1509,3,1477,2,1432,2,1524,2,1480,2,1570,2,1519,2,1448,2,1530,1,1593,2,1601,2,1621,2,1652,2,1641,2,1685,3,1687,2,1529,2,1495,2,1666,2,1408,2,1612,2,1521,1,1575,2,1520,2,1549,2,1561,2,1522,2,1508,2,1666,2,1546,2,1593,2,1540,2,1543,1
,9:57:04,37,1366,2,1364,2,1323,2,1385,2,1426,2,1425,1,1398,2,1483,2,1603,2,1608,2,1621,2,1519,2,1478,1,1474,1,1492,2,1509,1,1477,2,1438,2,1524,2,1487,2,1564,2,1530,2,1456,2,1531,2,1594,2,1619,1,1619,2,1653,2,1638,2,1683,2,1684,2,1533,2,1488,2,1665,2,1407,2,1615,2,1522,2,1588,1,1521,2,1543,2,1562,2,1522,2,1502,2,1666,2,1554,2,1592,2,1530,2,1544,2
,10:01:04,37,1359,2,1355,1,1324,2,1379,2,1417,2,1421,2,1405,2,1479,3,1600,2,1593,2,1619,1,1519,2,1468,2,1472,2,1486,2,1508,2,1482,2,1428,2,1526,2,1486,2,1573,2,1525,2,1452,2,1520,2,1598,2,1610,2,1629,2,1658,2,1632,2,1690,2,1693,2,1537,2,1490,2,1656,1,1407,2,1615,2,1524,2,1584,1,1519,2,1543,2,1566,2,1522,2,1518,2,1679,2,1542,2,1591,2,1531,2,1545,2
,10:05:04,37,1366,2,1361,2,1326,1,1384,2,1420,2,1412,2,1400,2,1480,2,1596,2,1594,2,1612,2,1523,2,1472,2,1476,2,1488,2,1500,2,1479,3,1433,2,1524,2,1481,2,1568,2,1517,1,1449,2,1514,2,1593,2,1619,2,1627,2,1653,2,1632,2,1690,2,1693,3,1543,2,1486,2,1664,3,1413,1,1611,3,1526,1,1587,1,1524,2,1543,1,1551,2,1524,2,1514,2,1672,2,1548,2,1595,2,1529,2,1540,2
,10:09:04,37,1365,2,1358,2,1322,2,1384,2,1429,1,1417,2,1406,2,1480,2,1602,2,1592,2,1613,2,1517,2,1473,2,1469,2,1485,2,1507,2,1481,2,1432,2,1527,2,1472,2,1565,2,1517,2,1454,1,1517,2,1596,2,1607,2,1624,2,1650,2,1635,2,1683,1,1694,2,1530,2,1488,2,1650,2,1408,1,1617,2,1529,1,1589,3,1518,2,1537,2,1557,2,1519,2,1512,2,1674,3,1544,2,1593,2,1536,2,1549,1
,10:13:04,37,1361,2,1351,2,1324,2,1378,2,1425,2,1415,2,1400,1,1478,1,1602,2,1600,2,1610,2,1520,2,1466,1,1470,2,1497,2,1504,2,1478,2,1431,2,1518,2,1476,2,1559,2,1516,2,1450,2,1519,2,1588,2,1614,2,1632,2,1650,2,1627,2,1684,2,1694,2,1537,2,1487,2,1661,2,1403,2,1621,2,1526,2,1581,1,1522,2,1541,2,1554,2,1522,2,1510,2,1670,2,1552,3,1593,2,1530,2,1538,1
,10:17:04,37,1365,2,1359,1,1325,2,1383,2,1425,2,1416,2,1398,2,1488,2,1604,2,1597,2,1610,2,1522,2,1473,2,1469,2,1488,1,1509,2,1479,2,1432,2,1525,2,1476,1,1564,2,1517,2,1449,2,1517,2,1589,2,1612,2,1623,2,1645,2,1636,2,1687,2,1692,3,1530,2,1495,1,1662,2,1411,2,1623,2,1525,2,1585,2,1518,2,1538,2,1560,1,1525,2,1505,2,1672,2,1552,2,1592,2,1536,2,1543,2
,10:21:04,37,1359,2,1357,2,1320,1,1389,2,1420,2,1412,2,1401,2,1481,2,1600,2,1593,2,1607,1,1517,2,1470,2,1472,2,1489,2,1503,2,1476,2,1436,2,1528,2,1485,2,1566,2,1524,2,1447,2,1509,1,1589,1,1603,2,1619,2,1650,2,1638,2,1694,2,1690,2,1531,2,1491,2,1651,2,1412,1,1617,2,1528,2,1586,2,1510,2,1545,2,1560,2,1526,1,1503,2,1665,2,1550,2,1593,2,1530,2,1546,2
,10:25:04,37,1363,2,1357,2,1323,2,1385,1,1425,2,1417,2,1395,2,1484,1,1596,2,1603,2,1608,2,1516,2,1462,2,1467,2,1490,2,1502,2,1469,3,1431,2,1525,2,1488,2,1571,2,1527,2,1453,2,1514,1,1596,2,1606,2,1624,3,1649,2,1637,1,1683,2,1692,2,1541,2,1489,2,1652,2,1402,1,1606,2,1528,2,1579,2,1521,2,1538,2,1558,1,1519,2,1509,2,1666,2,1549,2,1596,2,1529,2,1543,2
,10:29:04,37,1360,2,1356,1,1322,2,1373,2,1434,2,1427,2,1402,2,1477,2,1601,3,1595,2,1608,2,1516,2,1464,2,1464,2,1496,2,1496,2,1471,2,1438,2,1526,2,1478,2,1564,2,1521,2,1452,2,1516,2,1598,2,1611,2,1628,2,1645,2,1632,2,1695,2,1696,2,1539,2,1489,2,1652,2,1405,2,1612,2,1527,1,1576,1,1516,2,1542,2,1562,2,1515,2,1510,2,1664,2,1545,2,1594,1,1531,2,1543,2
,10:33:04,37,1360,2,1359,2,1324,2,1380,1,1424,2,1424,2,1402,2,1472,1,1593,2,1599,2,1611,2,1517,2,1465,2,1465,2,1483,2,1505,2,1478,2,1431,2,1517,2,1482,2,1564,3,1519,2,1452,2,1514,2,1592,2,1607,1,1625,2,1653,2,1633,2,1689,2,1700,2,1536,2,1487,2,1661,2,1417,2,1611,2,1528,2,1582,2,1524,2,1545,2,1552,2,1513,3,1508,2,1671,2,1544,2,1588,2,1530,2,1538,3
,10:37:04,37,1369,2,1353,2,1323,1,1378,1,1425,1,1420,2,1393,2,1476,2,1595,2,1591,3,1610,2,1519,1,1468,2,1470,1,1493,2,1498,2,1481,2,1433,2,1517,2,1482,2,1565,2,1520,2,1448,2,1514,2,1594,2,1609,2,1617,2,1658,2,1637,2,1692,1,1691,2,1533,2,1486,2,1649,1,1410,2,1618,2,1526,2,1586,2,1518,2,1540,3,1546,2,1517,2,1503,1,1665,2,1542,2,1590,3,1534,2,1540,2
,10:41:04,37,1358,2,1355,2,1323,2,1383,1,1419,2,1423,2,1395,2,1478,2,1597,2,1594,2,1614,2,1513,2,1469,1,1470,2,1487,2,1494,2,1476,2,1437,2,1522,1,1482,2,1555,2,1526,2,1449,2,1511,2,1595,2,1609,2,1614,2,1649,2,1632,2,1692,2,1689,1,1534,2,1487,2,1666,2,1413,2,1612,2,1526,1,1576,2,1521,2,1545,2,1563,2,1522,2,1505,2,1666,2,1548,2,1592,1,1529,2,1542,2
,10:45:04,37,1365,2,1353,3,1322,2,1376,1,1422,2,1425,2,1396,2,1484,2,1592,2,1593,2,1611,2,1511,2,1464,2,1473,2,1487,2,1494,2,1479,2,1425,2,1530,2,1477,2,1568,2,1515,2,1449,3,1508,2,1592,1,1602,2,1621,1,1652,2,1632,1,1686,2,1692,2,1540,3,1489,2,1655,2,1402,2,1625,2,1521,2,1580,2,1524,2,1540,2,1553,2,1516,2,1503,2,1674,2,1547,2,1598,2,1533,2,1539,2
,10:49:04,37,1360,1,1351,2,1319,2,1374,1,1419,2,1413,1,1401,2,1477,2,1595,2,1596,2,1600,2,1508,1,1468,1,1467,2,1487,2,1500,1,1476,2,1431,2,1528,2,1473,2,1559,2,1511,2,1452,2,1513,3,1586,2,1609,2,1617,2,1651,2,1630,2,1690,2,1682,2,1524,2,1481,2,1653,2,1401,2,1617,2,1521,1,1588,2,1514,1,1538,2,1559,2,1523,2,1503,2,1662,2,1541,2,1593,2,1521,2,1536,2
,10:53:04,37,1353,2,1349,2,1320,2,1378,2,1419,1,1413,1,1388,2,1466,2,1595,3,1585,2,1609,2,1512,2,1471,2,1472,2,1486,2,1502,1,1469,2,1435,2,1515,2,1480,2,1564,2,1510,2,1445,2,1508,2,1584,2,1614,2,1625,1,1653,2,1624,2,1678,2,1693,2,1528,2,1485,2,1656,2,1402,2,1606,2,1523,2,1575,2,1519,2,1538,3,1557,2,1521,2,1499,2,1665,1,1538,2,1589,2,1517,1,1542,1
,10:57:04,37,1352,2,1347,2,1319,2,1373,1,1420,2,1418,2,1397,2,1476,3,1597,2,1590,1,1599,1,1506,2,1461,2,1473,2,1487,2,1494,2,1471,2,1428,2,1519,2,1486,2,1555,2,1516,2,1442,2,1499,2,1587,2,1609,2,1625,2,1651,2,1638,2,1675,3,1692,2,1530,2,1487,2,1653,2,1404,2,1610,1,1523,2,1577,1,1519,2,1541,2,1555,1,1528,1,1499,2,1658,2,1546,2,1595,2,1523,1,1539,2
,11:01:04,37.1,1358,2,1352,2,1324,1,1372,2,1422,1,1416,2,1394,2,1477,2,1590,2,1588,2,1600,2,1501,2,1462,2,1470,2,1486,2,1501,2,1466,3,1437,2,1518,2,1484,2,1564,2,1513,2,1448,2,1499,2,1596,2,1612,2,1627,1,1641,2,1631,1,1686,2,1695,2,1526,3,1486,2,1646,2,1405,2,1607,2,1519,2,1580,1,1520,2,1539,2,1553,1,1518,2,1512,2,1668,2,1545,2,1587,2,1527,2,1541,2
,11:05:04,37,1357,2,1349,1,1318,2,1378,2,1424,1,1421,2,1391,3,1476,2,1589,2,1589,1,1598,2,1505,2,1465,2,1467,2,1487,2,1505,2,1472,2,1435,2,1519,2,1484,2,1561,2,1512,2,1448,2,1495,3,1589,2,1611,2,1624,2,1650,2,1628,2,1683,2,1684,2,1539,2,1489,2,1659,2,1408,2,1611,2,1521,2,1588,1,1518,2,1536,2,1557,2,1523,3,1498,2,1660,2,1544,2,1583,2,1518,2,1541,2
,11:09:04,37,1351,2,1350,2,1316,2,1368,2,1422,2,1414,2,1399,2,1478,2,1604,2,1581,2,1604,2,1502,1,1469,1,1472,2,1486,2,1498,2,1473,2,1433,2,1529,2,1487,2,1549,2,1520,1,1452,2,1505,3,1594,2,1597,1,1625,2,1645,1,1626,2,1686,2,1686,1,1532,2,1482,2,1659,2,1410,2,1612,2,1520,2,1579,2,1519,2,1538,2,1553,2,1521,2,1503,2,1662,2,1538,2,1586,2,1527,2,1545,2
,11:13:04,37,1370,1,1354,2,1321,2,1373,2,1418,1,1421,2,1388,3,1479,2,1594,1,1579,2,1597,2,1500,2,1463,2,1471,2,1480,2,1503,1,1477,2,1434,2,1520,2,1482,2,1556,2,1513,2,1446,2,1496,2,1586,2,1606,2,1621,2,1654,2,1630,2,1690,1,1698,2,1537,2,1481,2,1649,2,1406,2,1597,2,1518,2,1582,2,1519,2,1534,2,1562,3,1516,2,1509,2,1667,2,1543,2,1585,3,1526,2,1529,2
,11:17:04,37,1358,2,1354,2,1317,2,1373,2,1424,2,1412,2,1388,2,1477,2,1596,2,1583,1,1608,1,1507,2,1468,2,1465,2,1489,1,1503,2,1473,2,1429,2,1513,2,1481,2,1559,2,1514,2,1450,2,1493,1,1597,1,1607,2,1627,2,1653,2,1631,2,1681,2,1683,2,1540,2,1483,2,1647,2,1403,2,1606,2,1520,2,1575,2,1515,1,1529,2,1555,2,1522,2,1503,2,1666,2,1546,2,1586,2,1524,2,1533,2
,11:21:04,37,1354,1,1344,2,1317,2,1368,1,1421,2,1410,2,1385,2,1476,1,1594,1,1590,2,1598,3,1500,2,1463,2,1463,2,1486,2,1501,1,1468,2,1428,2,1512,2,1470,2,1559,2,1512,2,1446,2,1494,2,1591,2,1594,1,1617,2,1648,2,1625,2,1684,2,1680,1,1527,2,1478,2,1653,2,1401,2,1610,3,1513,2,1580,2,1522,2,1530,2,1551,2,1519,2,1495,2,1655,2,1542,2,1590,2,1528,2,1541,1
,11:25:04,37,1352,2,1349,2,1318,2,1376,1,1423,2,1419,2,1385,2,1466,2,1583,2,1578,2,1598,1,1499,3,1462,1,1463,2,1475,2,1496,2,1464,2,1441,2,1511,2,1486,2,1556,1,1510,2,1454,2,1497,2,1600,2,1609,2,1621,2,1645,2,1617,2,1680,2,1685,2,1531,2,1476,2,1655,2,1406,2,1606,2,1521,2,1574,2,1515,2,1534,2,1545,2,1520,2,1506,2,1671,2,1535,2,1588,2,1524,2,1532,1
,11:29:04,37,1354,2,1346,2,1319,2,1373,2,1426,2,1413,2,1387,2,1472,2,1590,2,1570,2,1595,2,1503,3,1468,2,1463,3,1479,2,1501,2,1474,2,1424,2,1519,2,1471,2,1557,2,1510,2,1444,2,1492,2,1591,2,1605,2,1620,2,1645,2,1628,2,1680,2,1691,2,1530,2,1478,2,1643,2,1403,2,1600,2,1517,1,1575,1,1508,2,1528,1,1549,2,1522,2,1499,2,1666,2,1540,2,1588,2,1524,1,1536,3
,11:33:04,37,1352,2,1351,2,1322,2,1374,2,1427,2,1418,2,1388,2,1474,2,1583,2,1575,2,1602,2,1503,2,1462,2,1463,2,1482,1,1497,2,1468,2,1435,2,1518,2,1473,2,1560,1,1511,1,1453,2,1491,2,1585,2,1597,2,1620,2,1645,1,1629,2,1677,2,1687,1,1526,2,1476,2,1643,2,1402,2,1604,2,1515,2,1573,2,1522,2,1528,2,1557,2,1513,1,1500,2,1655,3,1534,2,1584,2,1515,2,1532,2
,11:37:04,37,1353,1,1342,2,1311,2,1368,2,1423,2,1415,2,1387,1,1476,2,1587,2,1571,2,1588,2,1498,2,1457,2,1468,2,1477,2,1497,2,1468,2,1424,2,1515,2,1471,2,1545,2,1508,2,1444,2,1490,2,1577,2,1597,1,1620,2,1648,2,1633,2,1673,2,1685,2,1517,1,1471,2,1642,2,1402,1,1600,2,1517,2,1581,1,1509,2,1526,1,1549,2,1523,3,1506,2,1661,2,1541,2,1585,2,1527,2,1532,2
,11:41:04,37,1354,2,1342,2,1315,2,1364,1,1424,2,1414,2,1388,2,1479,2,1581,2,1575,2,1592,2,1492,2,1463,2,1461,2,1477,2,1504,2,1473,2,1427,2,1510,2,1480,2,1556,3,1516,2,1440,2,1488,2,1586,1,1599,2,1617,2,1641,3,1631,2,1686,2,1689,1,1528,1,1477,1,1645,2,1408,2,1600,2,1518,2,1571,2,1515,2,1531,1,1543,2,1515,1,1501,1,1663,2,1539,2,1582,3,1518,2,1540,1
,11:45:04,37,1350,2,1345,2,1318,1,1367,2,1421,1,1415,2,1385,2,1479,2,1588,2,1576,2,1593,2,1500,1,1459,2,1469,2,1482,2,1501,2,1466,2,1427,2,1511,2,1476,2,1554,2,1513,2,1438,2,1477,2,1587,2,1606,2,1619,2,1643,2,1629,2,1688,2,1683,2,1532,2,1475,2,1644,2,1405,2,1614,2,1517,2,1575,1,1515,2,1529,2,1552,2,1520,2,1490,3,1661,2,1537,2,1578,2,1518,2,1536,2
,11:49:04,37,1355,1,1345,2,1313,2,1366,1,1419,2,1413,2,1388,2,1478,2,1579,2,1572,2,1597,2,1493,2,1467,1,1461,2,1480,2,1500,1,1470,2,1428,2,1521,2,1467,2,1551,2,1506,2,1442,2,1492,2,1592,2,1601,2,1625,2,1650,2,1619,1,1687,2,1691,2,1526,2,1475,2,1649,2,1401,2,1604,2,1519,2,1571,2,1512,2,1534,1,1550,2,1523,2,1499,2,1652,1,1538,2,1585,2,1523,2,1539,2
,11:53:04,37,1352,2,1347,2,1319,2,1369,2,1417,3,1416,2,1381,2,1474,2,1583,2,1571,2,1585,2,1493,2,1463,2,1463,2,1475,2,1498,2,1466,2,1426,2,1513,2,1478,2,1555,2,1511,2,1437,1,1479,2,1590,2,1599,2,1614,2,1644,2,1624,2,1672,2,1690,2,1529,2,1468,2,1643,2,1402,2,1607,2,1519,2,1573,2,1516,1,1526,2,1540,1,1516,2,1503,2,1654,2,1540,2,1584,2,1518,2,1528,2
,11:57:04,37.1,1343,2,1336,1,1318,2,1359,2,1426,2,1418,2,1388,2,1468,2,1579,1,1571,2,1595,2,1494,3,1465,2,1462,2,1480,2,1492,1,1466,2,1422,1,1511,2,1475,2,1543,2,1508,3,1435,2,1478,2,1591,2,1595,2,1616,2,1643,2,1625,2,1680,2,1682,2,1519,2,1471,2,1647,2,1400,2,1615,2,1513,1,1572,2,1516,2,1523,2,1544,2,1508,2,1492,2,1658,2,1543,2,1584,2,1518,3,1534,2
,12:01:04,37,1349,2,1346,1,1313,2,1364,2,1422,2,1414,3,1383,2,1474,1,1588,2,1578,2,1588,2,1487,2,1460,2,1465,1,1473,2,1497,3,1470,2,1425,2,1512,2,1476,2,1549,2,1505,2,1438,1,1477,1,1581,1,1593,1,1620,1,1635,2,1619,2,1672,2,1685,2,1527,2,1469,2,1645,2,1401,2,1600,2,1515,2,1574,2,1509,2,1524,2,1544,2,1513,2,1497,1,1662,3,1532,2,1589,2,1505,2,1532,2
,12:05:04,37,1346,2,1340,2,1312,2,1362,2,1417,2,1411,2,1385,2,1474,2,1577,2,1566,2,1579,2,1494,2,1447,1,1467,1,1475,2,1491,2,1466,2,1427,2,1517,2,1466,2,1548,2,1498,2,1442,2,1468,2,1581,2,1601,2,1613,2,1643,1,1629,1,1676,2,1684,2,1525,2,1471,2,1647,2,1400,2,1602,2,1517,1,1570,2,1521,2,1523,2,1553,2,1512,2,1491,2,1661,2,1537,2,1581,2,1512,2,1535,2
,12:09:04,37,1341,1,1342,1,1315,2,1361,2,1420,2,1417,2,1380,2,1472,2,1581,2,1562,2,1595,2,1485,2,1469,2,1468,2,1469,2,1489,2,1471,2,1422,2,1508,2,1466,2,1548,2,1512,2,1441,1,1474,2,1585,2,1602,2,1618,2,1642,2,1630,2,1673,1,1678,2,1532,2,1468,2,1638,2,1395,2,1602,2,1509,1,1566,2,1512,2,1523,2,1547,1,1514,2,1499,2,1660,3,1535,2,1584,2,1511,1,1531,2
,12:13:04,36.9,1348,2,1339,1,1314,2,1363,2,1427,2,1413,2,1378,1,1467,1,1584,1,1570,2,1597,1,1487,2,1458,2,1462,2,1475,2,1493,2,1473,2,1423,3,1517,3,1474,2,1550,2,1509,2,1443,2,1471,2,1582,1,1591,2,1616,2,1640,2,1623,2,1684,2,1684,2,1531,2,1472,2,1635,1,1396,2,1604,1,1520,2,1567,2,1510,2,1520,2,1535,2,1514,2,1490,2,1650,2,1538,2,1586,2,1518,2,1532,2
,12:17:04,37.1,1350,2,1338,2,1313,2,1363,2,1417,2,1411,2,1382,2,1469,1,1579,2,1569,2,1585,1,1497,1,1458,2,1462,2,1474,1,1493,2,1464,2,1428,2,1516,2,1477,2,1539,2,1496,2,1439,1,1474,2,1586,2,1594,1,1616,2,1644,2,1621,2,1681,2,1681,2,1524,2,1468,2,1646,1,1394,2,1592,2,1505,1,1570,2,1515,2,1521,1,1542,2,1513,2,1495,2,1652,2,1529,2,1582,2,1519,2,1527,2
,12:21:04,37,1346,2,1339,2,1307,2,1360,2,1415,1,1411,2,1379,2,1480,2,1571,2,1565,2,1579,2,1494,2,1458,2,1467,1,1479,2,1489,2,1475,2,1422,2,1518,3,1476,1,1552,2,1509,2,1440,2,1468,2,1594,1,1595,1,1614,2,1644,2,1624,2,1687,2,1689,2,1525,2,1472,1,1644,2,1404,2,1600,2,1518,1,1568,2,1514,2,1520,3,1544,2,1512,2,1496,2,1648,2,1539,1,1578,2,1514,2,1530,3
,12:25:04,37,1345,1,1337,2,1310,1,1354,2,1414,1,1414,1,1373,2,1468,2,1579,2,1558,2,1588,1,1476,2,1455,1,1459,2,1472,2,1486,2,1465,2,1421,2,1516,2,1476,3,1542,2,1507,2,1433,2,1465,1,1582,2,1592,2,1611,2,1641,2,1615,1,1676,2,1691,2,1525,2,1464,2,1642,2,1401,2,1594,2,1515,2,1574,2,1511,2,1527,3,1548,2,1514,2,1498,2,1657,2,1537,1,1578,2,1510,2,1526,2
,12:29:04,37,1353,2,1335,2,1303,2,1363,2,1419,2,1419,2,1379,2,1473,2,1578,2,1563,2,1589,2,1481,2,1460,2,1462,2,1483,2,1492,2,1473,2,1423,2,1515,3,1469,1,1548,2,1504,2,1432,1,1467,2,1587,1,1596,2,1618,2,1642,1,1629,2,1682,2,1687,2,1522,2,1475,1,1639,2,1396,2,1598,2,1512,1,1573,2,1516,2,1527,1,1546,3,1505,2,1500,2,1653,2,1531,2,1576,2,1515,3,1526,2
,12:33:04,37,1340,2,1332,2,1311,2,1354,2,1417,2,1412,2,1373,2,1468,2,1582,2,1564,2,1578,2,1478,1,1459,2,1458,2,1469,2,1490,2,1463,2,1425,3,1517,2,1471,1,1544,2,1509,2,1437,2,1462,2,1582,2,1599,2,1614,2,1640,1,1620,2,1686,2,1683,1,1527,2,1471,2,1642,2,1396,2,1599,2,1513,1,1576,2,1513,2,1523,2,1537,2,1513,2,1494,2,1654,2,1534,2,1580,2,1517,2,1527,2
,12:37:04,37,1342,2,1336,2,1313,2,1357,1,1417,2,1414,2,1385,2,1479,1,1580,2,1565,1,1580,2,1479,1,1461,2,1462,2,1471,2,1486,2,1464,1,1419,2,1514,2,1472,2,1541,2,1499,2,1439,2,1467,2,1591,1,1597,1,1613,2,1643,2,1626,2,1678,2,1696,2,1535,2,1463,3,1638,1,1402,2,1592,2,1511,1,1569,2,1511,2,1521,2,1537,2,1514,2,1492,2,1661,2,1534,2,1580,2,1514,2,1532,2
,12:41:04,37,1343,2,1334,2,1314,2,1355,2,1419,1,1408,3,1378,2,1474,2,1573,2,1555,2,1582,2,1476,2,1455,2,1464,1,1469,2,1486,2,1471,2,1426,2,1509,1,1475,2,1541,1,1502,2,1438,2,1464,2,1588,2,1598,2,1624,2,1643,2,1623,2,1682,2,1683,2,1527,2,1467,2,1634,2,1401,2,1596,2,1512,2,1569,2,1507,2,1518,2,1539,2,1519,2,1496,2,1663,2,1540,2,1577,2,1509,2,1526,2
,12:45:04,37,1341,2,1333,2,1310,1,1355,1,1419,2,1407,1,1378,1,1477,2,1578,2,1551,1,1577,3,1471,2,1461,2,1470,2,1470,2,1487,2,1470,2,1418,2,1513,2,1474,2,1539,2,1501,2,1440,2,1455,2,1586,1,1600,2,1614,2,1641,2,1623,2,1679,2,1691,2,1530,2,1476,2,1633,2,1394,2,1602,2,1514,1,1568,2,1509,2,1525,2,1543,1,1514,2,1488,2,1661,2,1532,2,1578,1,1520,1,1529,1
,12:49:04,37,1339,1,1333,2,1311,2,1361,2,1410,3,1413,2,1373,3,1464,2,1574,1,1554,2,1583,2,1474,2,1453,2,1457,2,1469,2,1493,1,1467,2,1428,2,1519,2,1471,2,1539,2,1507,2,1438,2,1454,3,1578,2,1591,2,1609,2,1644,2,1629,2,1679,3,1691,2,1528,2,1463,2,1628,2,1404,2,1597,2,1510,2,1573,2,1510,1,1517,2,1542,2,1516,2,1495,3,1650,2,1529,2,1582,2,1520,2,1527,2
,12:53:04,37,1343,2,1335,2,1304,2,1356,2,1408,2,1408,2,1377,1,1471,2,1579,2,1553,2,1576,2,1473,2,1455,2,1466,2,1466,2,1493,2,1468,2,1422,2,1513,1,1469,2,1539,3,1493,2,1429,2,1452,1,1585,1,1592,1,1606,2,1647,2,1629,1,1680,2,1689,2,1526,2,1474,2,1636,2,1396,2,1593,2,1518,2,1562,2,1510,2,1516,2,1543,2,1509,2,1489,2,1654,2,1535,2,1576,2,1514,2,1522,2
,12:57:04,37,1329,2,1335,1,1310,2,1349,2,1419,2,1412,2,1372,2,1476,2,1580,2,1558,2,1582,1,1478,2,1458,2,1460,2,1465,2,1487,1,1458,2,1423,2,1518,1,1473,2,1537,2,1501,2,1437,2,1450,2,1584,1,1592,3,1618,2,1639,2,1623,2,1679,2,1692,2,1529,2,1459,2,1639,2,1407,2,1597,2,1510,2,1564,2,1519,2,1520,2,1537,2,1512,2,1490,2,1650,2,1530,2,1572,1,1505,2,1526,2
,13:01:04,37,1335,3,1333,1,1307,1,1350,2,1418,2,1409,3,1368,2,1477,2,1576,2,1554,2,1578,2,1462,2,1455,2,1456,2,1465,2,1489,2,1465,2,1422,2,1514,2,1466,2,1535,1,1497,2,1437,1,1447,2,1584,2,1584,2,1617,2,1645,2,1621,1,1683,2,1689,2,1518,2,1457,2,1629,2,1397,2,1591,1,1516,2,1566,2,1508,2,1518,2,1538,2,1502,2,1496,3,1656,2,1536,1,1570,1,1511,2,1522,2
,13:05:04,37,1339,2,1322,2,1310,2,1344,2,1413,2,1405,2,1371,2,1466,2,1571,2,1558,2,1572,2,1476,1,1452,2,1460,2,1461,2,1483,2,1465,2,1415,2,1512,1,1469,2,1537,2,1500,2,1430,2,1439,2,1584,2,1595,2,1612,3,1643,2,1623,2,1674,2,1696,2,1527,2,1464,2,1638,2,1397,2,1591,2,1508,2,1563,2,1514,2,1521,2,1541,2,1512,2,1488,1,1649,1,1527,3,1572,2,1513,2,1525,2
,13:09:04,36.9,1335,1,1331,2,1309,2,1354,2,1415,2,1407,2,1367,2,1470,2,1576,2,1550,1,1565,2,1468,2,1452,2,1470,2,1471,2,1481,1,1464,2,1418,2,1513,2,1468,1,1536,2,1499,2,1432,2,1442,2,1578,2,1594,1,1614,2,1629,2,1621,2,1680,1,1687,2,1519,2,1464,1,1637,2,1397,2,1592,1,1516,1,1569,1,1511,1,1516,2,1539,2,1513,2,1496,2,1657,2,1526,2,1572,2,1511,2,1529,2
,13:13:04,37,1339,2,1330,2,1300,2,1354,1,1417,1,1415,1,1369,2,1471,2,1574,2,1546,2,1574,2,1472,2,1456,2,1461,2,1467,1,1488,2,1456,1,1416,2,1510,2,1470,2,1530,2,1507,2,1433,2,1436,2,1580,3,1597,2,1609,3,1633,2,1620,1,1670,2,1684,2,1519,1,1465,2,1625,2,1396,2,1591,2,1507,2,1568,2,1512,2,1521,1,1543,2,1517,2,1498,2,1657,2,1526,2,1577,2,1510,2,1533,2
,13:17:04,37,1339,1,1331,2,1309,1,1355,2,1418,2,1409,2,1356,1,1466,2,1566,2,1549,2,1573,1,1465,2,1454,2,1460,2,1472,2,1482,2,1463,1,1419,1,1509,1,1464,2,1542,2,1504,2,1436,2,1444,2,1579,2,1595,2,1618,2,1641,2,1624,2,1675,2,1687,3,1526,3,1461,2,1634,2,1402,2,1589,1,1506,2,1569,2,1516,2,1523,2,1539,2,1512,2,1487,1,1650,2,1530,2,1576,2,1508,2,1529,2
,13:21:04,37,1334,2,1327,2,1309,2,1345,2,1416,2,1411,2,1379,2,1471,2,1569,1,1551,1,1575,2,1467,2,1454,2,1456,2,1467,2,1490,2,1473,2,1405,1,1514,2,1465,1,1535,2,1493,2,1432,2,1435,2,1580,1,1590,2,1613,1,1641,2,1624,2,1681,2,1691,2,1524,2,1457,2,1635,2,1397,3,1591,2,1515,2,1563,2,1517,2,1519,2,1542,2,1506,2,1495,2,1645,2,1532,2,1574,2,1519,2,1525,2
,13:25:04,37,1336,2,1326,3,1306,2,1352,2,1417,2,1411,2,1366,1,1469,3,1568,2,1552,2,1568,2,1462,2,1461,2,1459,1,1467,1,1486,2,1467,2,1425,2,1505,2,1467,2,1522,2,1496,2,1430,2,1434,2,1581,1,1589,2,1618,2,1640,1,1621,2,1683,3,1685,2,1529,3,1460,2,1628,2,1398,2,1589,2,1502,2,1569,2,1506,2,1516,2,1545,2,1514,2,1493,2,1644,2,1527,2,1575,2,1517,2,1524,2
,13:29:04,37,1330,2,1323,2,1310,1,1349,2,1413,2,1408,3,1368,2,1469,2,1564,2,1551,1,1567,2,1454,2,1456,2,1460,3,1460,2,1480,2,1465,2,1417,1,1511,1,1462,2,1532,2,1498,2,1426,1,1432,1,1580,2,1588,2,1610,2,1642,2,1624,2,1679,2,1687,2,1524,2,1461,2,1628,2,1397,2,1583,2,1504,2,1564,2,1509,2,1519,2,1536,2,1512,2,1492,2,1655,2,1527,2,1574,2,1517,2,1529,2
,13:33:04,37.1,1331,1,1328,2,1305,2,1351,2,1414,2,1409,2,1368,2,1470,2,1571,3,1548,2,1569,2,1457,2,1457,2,1456,2,1475,2,1482,1,1462,2,1414,2,1510,2,1467,2,1522,2,1498,3,1428,2,1432,2,1574,2,1596,1,1620,2,1644,2,1619,2,1681,2,1681,2,1528,1,1456,2,1629,2,1399,2,1596,2,1507,1,1563,2,1508,1,1501,2,1540,1,1511,2,1492,2,1655,2,1525,2,1576,2,1514,2,1516,2
,13:37:04,37,1327,2,1328,2,1307,1,1348,1,1416,2,1405,3,1371,1,1470,2,1556,2,1542,2,1569,2,1455,2,1452,1,1459,1,1469,2,1478,2,1461,2,1414,2,1506,2,1475,2,1529,2,1495,2,1422,2,1425,2,1578,1,1590,2,1606,2,1639,3,1625,2,1678,2,1684,2,1526,2,1456,2,1629,2,1393,2,1593,2,1519,2,1564,2,1517,1,1510,2,1538,1,1512,2,1490,2,1644,1,1527,2,1564,2,1511,2,1519,2
,13:41:04,37,1328,2,1324,1,1304,1,1338,2,1420,2,1412,2,1367,1,1467,2,1561,2,1543,2,1567,2,1455,2,1455,2,1460,2,1464,1,1487,1,1468,2,1412,2,1508,2,1464,2,1532,2,1497,2,1431,2,1416,2,1579,1,1590,2,1616,2,1633,2,1615,2,1672,2,1679,2,1521,2,1458,3,1625,2,1393,2,1593,2,1504,2,1551,2,1508,2,1516,2,1532,1,1512,2,1488,1,1644,2,1532,2,1573,2,1509,2,1524,2
,13:45:04,37,1335,2,1325,2,1305,1,1348,2,1419,2,1408,2,1361,2,1472,1,1565,2,1542,2,1564,2,1456,2,1458,2,1455,1,1458,2,1479,1,1469,2,1414,2,1500,2,1467,2,1530,2,1500,2,1418,2,1423,2,1579,2,1595,2,1607,2,1639,2,1628,2,1677,2,1679,2,1525,2,1457,2,1628,2,1401,2,1588,2,1508,1,1566,2,1512,2,1516,2,1538,2,1511,2,1489,2,1654,2,1526,2,1574,2,1513,1,1523,2
,13:49:04,37,1324,1,1316,1,1297,2,1341,2,1410,2,1409,2,1367,2,1465,3,1563,2,1543,2,1568,2,1458,2,1447,2,1461,2,1462,2,1477,1,1456,2,1417,1,1505,2,1468,2,1531,2,1493,2,1422,1,1423,3,1575,2,1598,2,1604,2,1640,2,1612,2,1674,1,1692,2,1526,2,1452,2,1630,2,1393,2,1588,2,1504,2,1564,2,1512,2,1508,2,1534,2,1510,2,1490,2,1645,3,1517,1,1568,3,1509,2,1518,2
,13:53:04,37,1328,2,1320,2,1307,2,1339,2,1412,1,1407,2,1360,2,1472,2,1562,1,1535,2,1561,2,1448,2,1456,1,1447,2,1459,2,1474,3,1461,1,1411,2,1495,2,1468,2,1529,2,1493,1,1427,2,1420,2,1571,2,1591,2,1614,1,1639,2,1616,2,1672,2,1686,2,1522,2,1447,2,1631,2,1396,2,1584,2,1508,2,1554,2,1514,2,1498,3,1543,2,1516,1,1481,1,1645,2,1528,2,1577,2,1508,3,1517,2
,13:57:04,37,1333,2,1319,1,1306,2,1343,2,1408,3,1407,1,1361,2,1463,2,1568,2,1548,2,1564,2,1455,1,1454,2,1454,2,1458,2,1482,1,1457,3,1411,2,1498,2,1469,2,1524,2,1495,3,1422,2,1407,3,1584,2,1586,2,1611,2,1634,2,1624,2,1672,2,1688,2,1515,2,1459,2,1628,3,1401,2,1586,2,1507,1,1564,1,1504,1,1504,2,1532,2,1506,2,1480,3,1646,2,1526,2,1574,2,1522,1,1522,2
,14:01:04,37,1327,2,1318,2,1302,3,1344,2,1416,2,1408,2,1356,2,1465,2,1564,2,1531,2,1567,2,1453,2,1454,2,1459,2,1448,2,1483,2,1462,2,1405,2,1494,2,1473,1,1524,2,1501,2,1432,2,1416,2,1578,2,1593,2,1611,2,1641,2,1621,2,1674,2,1679,2,1522,2,1449,2,1625,2,1390,1,1584,2,1511,2,1556,1,1514,2,1503,2,1535,2,1509,2,1488,3,1646,2,1525,2,1564,2,1512,2,1522,2
,14:05:04,37,1327,2,1316,1,1304,2,1340,2,1417,2,1408,2,1353,2,1461,2,1568,2,1537,2,1563,2,1456,2,1453,2,1454,2,1452,2,1483,2,1461,2,1409,2,1501,2,1466,2,1523,2,1496,3,1419,2,1407,1,1573,2,1590,2,1611,2,1634,2,1616,2,1680,1,1686,2,1522,2,1448,2,1623,2,1397,2,1589,2,1508,2,1570,1,1509,2,1509,3,1529,2,1505,2,1486,2,1649,2,1529,2,1564,1,1516,2,1517,2
,14:09:04,37,1323,2,1322,2,1301,2,1341,1,1419,1,1409,2,1354,2,1471,3,1554,2,1534,3,1564,2,1444,1,1455,2,1456,2,1460,2,1473,2,1455,3,1405,2,1497,2,1466,2,1525,2,1496,2,1436,2,1417,2,1581,2,1584,2,1605,2,1636,2,1619,2,1677,2,1680,2,1518,2,1454,2,1630,2,1393,2,1586,1,1501,2,1555,2,1504,2,1505,2,1535,2,1510,3,1486,2,1655,2,1524,2,1567,2,1508,2,1515,2
,14:13:04,37,1325,1,1317,2,1302,1,1339,1,1417,2,1402,2,1358,2,1463,2,1557,2,1525,2,1556,2,1444,2,1447,2,1448,2,1458,2,1474,1,1463,2,1413,2,1500,1,1472,2,1528,2,1494,2,1427,2,1406,1,1571,2,1583,1,1602,1,1637,1,1621,2,1667,1,1680,2,1516,2,1451,2,1624,1,1393,2,1588,2,1502,1,1552,1,1510,2,1509,2,1532,2,1520,2,1482,2,1642,2,1518,2,1562,2,1504,2,1517,2
,14:17:04,37,1321,2,1321,1,1304,3,1340,2,1408,1,1405,1,1364,2,1475,3,1558,2,1531,2,1553,2,1447,1,1451,1,1461,2,1459,2,1473,2,1456,2,1417,2,1493,2,1462,2,1520,2,1496,2,1423,2,1402,3,1575,2,1581,2,1603,2,1634,2,1626,2,1679,2,1675,2,1526,1,1443,2,1624,2,1385,2,1583,2,1507,0,1555,2,1507,2,1513,2,1531,2,1515,2,1483,2,1653,2,1531,2,1573,2,1509,2,1511,3
,14:21:04,37.1,1328,3,1323,1,1295,1,1344,1,1419,2,1406,1,1363,2,1468,2,1557,2,1528,3,1558,2,1445,2,1453,2,1460,2,1456,3,1476,1,1461,2,1411,1,1494,1,1470,2,1526,2,1499,2,1424,2,1404,2,1572,2,1591,1,1613,2,1638,2,1617,2,1677,2,1681,1,1529,2,1446,2,1618,2,1392,2,1585,2,1514,1,1557,3,1507,1,1506,2,1529,2,1511,2,1492,2,1646,2,1526,2,1561,2,1504,2,1513,2
,14:25:04,37,1328,1,1317,2,1300,2,1333,1,1415,2,1408,2,1353,2,1471,1,1550,2,1528,2,1556,2,1443,2,1450,2,1459,1,1452,2,1472,2,1455,2,1403,3,1500,2,1464,2,1524,2,1494,2,1419,2,1396,2,1573,2,1584,2,1604,2,1644,2,1617,1,1669,2,1677,2,1521,2,1450,2,1624,2,1388,2,1589,2,1505,2,1559,2,1512,2,1503,2,1532,1,1508,2,1478,2,1643,2,1524,2,1564,2,1508,2,1509,2
,14:29:04,37,1319,1,1315,2,1300,2,1328,2,1411,1,1399,2,1356,2,1472,1,1559,3,1520,1,1549,2,1446,2,1449,2,1461,2,1456,2,1474,1,1457,2,1404,1,1495,3,1464,2,1518,2,1492,2,1426,2,1394,2,1570,2,1584,2,1607,2,1636,2,1612,2,1669,2,1685,2,1513,2,1448,2,1617,2,1402,2,1576,2,1505,2,1559,2,1509,1,1505,2,1523,2,1511,2,1489,2,1636,2,1513,2,1567,3,1506,2,1513,2
,14:33:04,37.1,1315,2,1309,2,1303,2,1341,2,1412,2,1400,2,1351,2,1460,2,1552,1,1522,2,1551,2,1440,2,1449,2,1454,2,1455,2,1479,2,1454,2,1411,2,1492,3,1463,2,1526,2,1494,1,1430,2,1392,2,1569,2,1581,2,1612,1,1636,2,1615,2,1678,1,1676,1,1519,2,1444,3,1624,2,1397,2,1580,2,1505,2,1557,2,1506,2,1501,2,1531,1,1506,2,1484,2,1639,2,1523,2,1574,2,1511,3,1507,2
,14:37:04,37,1316,1,1309,2,1297,2,1334,2,1420,2,1409,2,1347,2,1460,2,1546,2,1521,2,1552,2,1438,2,1445,2,1448,2,1454,2,1472,2,1457,2,1407,2,1494,2,1467,1,1516,2,1489,2,1425,3,1387,2,1577,2,1587,2,1603,2,1632,2,1621,2,1672,2,1690,2,1520,2,1445,2,1622,2,1390,2,1585,1,1502,2,1557,2,1509,1,1494,1,1527,2,1511,2,1485,2,1640,2,1522,2,1564,1,1507,2,1508,2
,14:41:04,37,1315,1,1313,2,1298,2,1334,2,1411,2,1406,2,1349,2,1461,2,1550,2,1523,2,1553,2,1436,2,1443,2,1447,2,1449,2,1475,2,1456,2,1414,1,1489,2,1460,2,1519,2,1485,2,1419,1,1381,2,1577,1,1580,2,1609,2,1635,2,1617,2,1676,2,1686,2,1521,2,1438,2,1620,2,1394,1,1589,2,1500,2,1561,2,1506,2,1500,3,1525,2,1504,2,1480,3,1644,2,1516,2,1566,2,1510,1,1509,2
,14:45:04,37,1317,2,1308,2,1293,2,1331,2,1410,2,1398,2,1347,2,1464,2,1551,2,1519,2,1543,1,1440,2,1442,2,1451,2,1444,2,1476,2,1458,2,1408,1,1499,2,1456,2,1507,1,1489,2,1419,1,1384,2,1571,1,1580,2,1610,2,1631,2,1612,2,1668,3,1678,2,1522,2,1441,2,1610,2,1389,1,1584,2,1500,2,1555,2,1507,2,1501,2,1535,2,1503,2,1485,2,1649,2,1519,2,1572,2,1501,2,1518,2
,14:49:04,37,1312,2,1312,1,1301,2,1331,2,1407,2,1404,2,1343,2,1467,2,1550,2,1512,3,1545,2,1430,2,1448,2,1458,2,1450,1,1469,2,1461,2,1412,2,1500,3,1467,2,1514,1,1495,2,1418,2,1374,1,1564,2,1580,1,1602,2,1629,1,1611,2,1679,2,1676,1,1513,2,1435,2,1615,2,1396,2,1583,2,1502,2,1557,2,1511,2,1504,2,1529,1,1502,1,1486,2,1643,2,1525,2,1560,2,1509,1,1511,2
,14:53:04,37,1323,2,1305,2,1301,2,1333,2,1408,1,1403,2,1349,2,1467,2,1546,2,1521,2,1551,1,1430,2,1447,2,1461,2,1450,2,1463,2,1460,1,1402,2,1498,2,1464,2,1512,2,1499,2,1416,3,1376,2,1568,2,1576,2,1611,2,1631,2,1617,3,1669,2,1684,2,1527,2,1442,2,1616,2,1392,2,1582,2,1497,2,1561,2,1504,2,1496,2,1529,2,1509,2,1486,2,1645,2,1519,2,1564,2,1507,2,1509,1
,14:57:04,37.1,1319,2,1306,2,1294,2,1327,2,1410,1,1403,2,1343,2,1474,1,1547,2,1511,2,1543,2,1422,2,1446,2,1457,1,1453,2,1469,1,1464,2,1406,2,1501,2,1459,2,1507,1,1494,2,1409,2,1374,3,1567,2,1580,2,1607,2,1636,2,1621,2,1676,2,1689,2,1519,2,1442,2,1610,2,1388,2,1577,2,1504,2,1557,2,1508,1,1506,2,1528,3,1507,2,1479,2,1641,2,1523,2,1563,2,1505,1,1511,2
,15:01:04,37,1315,2,1306,2,1299,2,1328,2,1407,2,1405,2,1339,2,1457,1,1552,2,1499,2,1547,2,1428,2,1448,1,1454,2,1444,3,1475,2,1456,2,1403,2,1493,2,1461,3,1515,2,1488,2,1419,2,1370,2,1571,2,1581,2,1609,2,1636,2,1615,2,1673,2,1680,2,1523,2,1448,2,1615,2,1390,2,1572,2,1499,2,1551,1,1508,2,1491,2,1526,2,1500,2,1483,2,1642,1,1515,2,1561,2,1503,2,1509,2
,,,,,,,,,,,,,,,,,,,,,,,,,,,,,,,,,,,,,,,,,,,,,,,,,,,,,,,,,,,,,,,,,,,,,,,,,,,,,,,,,,,,,,,,,,,,,,,,,,
"485,610",,,,,,,,,,,,,,,,,,,,,,,,,,,,,,,,,,,,,,,,,,,,,,,,,,,,,,,,,,,,,,,,,,,,,,,,,,,,,,,,,,,,,,,,,,,,,,,,,,
,,,,,,,,,,,,,,,,,,,,,,,,,,,,,,,,,,,,,,,,,,,,,,,,,,,,,,,,,,,,,,,,,,,,,,,,,,,,,,,,,,,,,,,,,,,,,,,,,,
,Time,"T° 485,610",E1,E2,E3,E4,E5,E6,E7,E8,E9,E10,E11,E12,E13,E14,E15,E16,E17,E18,E19,E20,E21,E22,E23,E24,F1,F2,F3,F4,F5,F6,F7,F8,F9,F10,F11,F12,F13,F14,F15,F16,F17,F18,F19,F20,F21,F22,F23,F24,G1,G2,G3,G4,G5,G6,G7,G8,G9,G10,G11,G12,G13,G14,G15,G16,G17,G18,G19,G20,G21,G22,G23,G24,H1,H2,H3,H4,H5,H6,H7,H8,H9,H10,H11,H12,H13,H14,H15,H16,H17,H18,H19,H20,H21,H22,H23,H24
,0:01:04,37,1616,1,1569,2,1697,2,1729,2,1656,2,1546,1,1706,2,1626,2,1640,2,1543,1,1628,2,1686,2,1663,2,1700,2,1641,2,1502,2,1745,2,1644,2,1515,2,1736,3,1599,2,1554,2,1608,2,1687,1801,1715,2,1642,3,1536,2,1606,2,1629,2,1489,2,1697,2,1645,3,1599,2,1629,2,1496,2,1558,1698,1735,2,1720,2,1708,2,1749,2,1744,2,1617,2,1656,2,1666,2,1809,2,1684,2,1523,2,1676,1697
,0:05:04,37,1607,2,1558,2,1676,1,1728,2,1656,2,1530,2,1686,2,1610,2,1622,2,1526,2,1606,3,1685,2,1638,2,1693,2,1628,2,1499,2,1731,2,1637,2,1509,2,1733,3,1598,2,1541,2,1594,3,1673,1774,1681,2,1637,2,1547,2,1565,2,1608,2,1477,2,1686,2,1627,3,1588,2,1571,2,1466,2,1550,1681,1723,2,1717,2,1694,2,1745,2,1762,2,1607,2,1654,3,1658,2,1807,2,1680,1,1515,2,1643,1698
,0:09:04,37,1592,2,1544,2,1660,2,1705,2,1648,2,1536,2,1668,2,1575,2,1595,2,1502,2,1595,2,1669,2,1618,2,1667,2,1612,2,1495,2,1715,2,1619,2,1504,2,1721,2,1589,2,1535,2,1585,2,1646,1752,1661,2,1614,2,1538,2,1524,2,1608,2,1474,3,1672,2,1603,1,1579,2,1516,2,1429,2,1537,1673,1707,2,1687,2,1698,2,1734,2,1734,2,1603,2,1628,2,1627,2,1792,2,1668,2,1496,2,1627,1673
,0:13:04,37,1579,2,1529,2,1639,2,1686,2,1623,2,1513,2,1652,3,1554,2,1590,2,1479,2,1575,2,1650,2,1600,2,1644,2,1598,2,1474,2,1696,2,1604,2,1491,2,1709,2,1566,2,1520,1,1565,2,1643,1742,1647,2,1603,2,1537,3,1470,2,1600,2,1466,2,1663,2,1596,2,1564,2,1441,2,1384,2,1533,1657,1689,2,1670,2,1673,2,1718,2,1719,2,1590,2,1619,2,1615,2,1770,2,1647,2,1474,2,1598,1669
,0:17:04,37,1585,2,1519,2,1629,2,1684,2,1621,2,1507,2,1629,2,1538,2,1567,2,1472,2,1563,2,1641,2,1588,2,1645,2,1581,2,1470,3,1683,2,1604,1,1481,2,1693,2,1547,2,1514,2,1556,2,1628,1735,1633,2,1601,2,1538,2,1416,2,1586,2,1450,2,1651,2,1583,1,1552,2,1370,1,1339,2,1528,1645,1691,2,1667,2,1661,2,1706,2,1712,2,1578,2,1607,2,1602,2,1757,2,1647,2,1462,2,1568,1659
,0:21:04,37,1576,2,1521,2,1616,2,1672,2,1602,1,1490,2,1624,2,1524,3,1557,2,1461,2,1552,2,1638,2,1580,2,1633,2,1577,1,1464,2,1677,2,1600,2,1464,2,1688,2,1529,3,1505,2,1540,2,1620,1715,1625,1,1596,2,1532,2,1364,2,1575,2,1444,2,1637,2,1578,2,1553,2,1300,2,1285,2,1527,1638,1678,2,1651,2,1651,1,1703,2,1694,2,1570,2,1595,3,1598,3,1740,2,1635,2,1430,2,1551,1656
,0:25:04,37,1584,2,1521,2,1609,2,1660,2,1601,2,1489,3,1615,2,1522,2,1555,2,1445,2,1536,2,1641,1,1585,2,1622,2,1568,2,1452,2,1661,2,1603,2,1474,2,1669,2,1524,2,1508,2,1540,2,1618,1711,1628,2,1597,2,1535,2,1300,2,1568,2,1436,2,1632,2,1571,2,1539,2,1237,2,1239,2,1527,1632,1680,2,1650,2,1643,2,1684,2,1684,2,1566,2,1586,2,1594,2,1733,2,1623,2,1425,2,1522,1644
,0:29:04,37,1577,2,1515,1,1612,2,1661,3,1595,2,1477,2,1610,2,1515,2,1541,2,1438,2,1529,2,1634,2,1579,2,1621,1,1555,2,1450,2,1659,2,1588,2,1465,2,1668,2,1503,1,1508,2,1535,3,1613,1725,1630,2,1599,1,1541,2,1254,2,1564,2,1422,2,1628,1,1557,2,1532,2,1183,2,1197,2,1528,1632,1665,2,1640,2,1640,2,1680,2,1692,2,1564,2,1579,2,1584,2,1733,2,1623,2,1406,2,1505,1647
,0:33:04,37,1577,2,1508,2,1601,2,1661,2,1588,2,1472,2,1603,2,1499,2,1529,2,1444,2,1525,2,1631,2,1574,2,1618,3,1557,2,1443,2,1664,2,1589,2,1469,2,1663,2,1482,2,1501,2,1532,2,1610,1708,1623,2,1586,2,1534,2,1206,2,1570,2,1414,1,1630,2,1558,2,1532,2,1139,2,1164,2,1521,1629,1671,1,1634,2,1634,2,1668,2,1680,2,1563,2,1583,2,1595,2,1729,2,1624,2,1384,2,1490,1644
,0:37:04,37,1576,2,1503,2,1601,2,1649,2,1595,2,1477,2,1608,2,1501,2,1539,2,1441,2,1519,2,1627,1,1571,1,1620,2,1547,2,1438,2,1656,2,1588,2,1469,2,1660,2,1470,2,1496,2,1525,2,1618,1710,1624,2,1590,1,1534,2,1162,2,1565,2,1409,2,1621,2,1554,2,1532,1,1094,2,1118,2,1527,1628,1662,2,1648,2,1628,2,1666,2,1672,2,1563,2,1578,2,1584,2,1725,2,1618,2,1374,1,1468,1648
,0:41:04,37,1575,1,1506,2,1605,1,1654,2,1587,1,1465,2,1603,2,1494,2,1523,2,1431,2,1512,2,1628,2,1567,2,1616,2,1542,2,1444,2,1655,2,1590,1,1460,2,1660,2,1454,2,1500,2,1530,2,1613,1711,1631,2,1597,2,1536,2,1117,2,1565,2,1412,2,1625,2,1546,2,1529,2,1057,2,1092,1,1529,1631,1665,2,1639,2,1629,2,1675,2,1671,2,1566,2,1579,2,1582,1,1720,2,1611,2,1358,2,1447,1647
,0:45:04,37,1570,1,1505,3,1598,2,1642,2,1590,2,1465,2,1599,2,1493,2,1531,2,1426,2,1507,2,1633,2,1564,1,1610,1,1546,3,1440,2,1652,2,1594,3,1461,2,1658,2,1448,3,1495,2,1522,1,1619,1711,1629,1,1603,2,1539,2,1094,2,1557,3,1401,2,1616,1,1550,2,1532,2,1029,2,1054,2,1528,1626,1666,2,1642,2,1625,2,1667,2,1669,2,1560,2,1567,2,1577,3,1727,3,1610,2,1342,2,1436,1653
,0:49:04,37,1573,2,1504,1,1595,2,1655,2,1596,2,1457,2,1598,2,1492,1,1523,2,1424,2,1487,1,1625,2,1570,2,1607,2,1544,2,1435,2,1647,2,1591,2,1466,2,1647,2,1432,2,1493,2,1518,2,1610,1708,1627,2,1592,1,1526,2,1051,2,1556,2,1399,2,1621,2,1543,2,1522,2,1005,2,1032,2,1528,1627,1670,2,1639,2,1621,2,1662,2,1676,2,1564,2,1578,2,1581,2,1721,2,1608,2,1329,2,1415,1642
,0:53:04,37,1571,2,1499,2,1602,2,1651,2,1585,2,1464,2,1592,2,1491,3,1512,2,1422,2,1486,2,1624,2,1567,2,1614,2,1532,1,1438,2,1650,2,1590,2,1464,2,1647,2,1413,2,1487,2,1521,2,1622,1714,1625,1,1597,2,1531,2,1021,2,1559,2,1389,2,1623,1,1546,2,1523,1,978,2,1008,2,1525,1635,1671,2,1639,2,1627,2,1664,2,1674,2,1560,3,1575,2,1587,2,1716,2,1603,2,1317,2,1396,1642
,0:57:04,37,1575,1,1503,2,1605,2,1652,2,1594,2,1461,2,1599,2,1488,2,1518,2,1423,2,1485,2,1625,2,1564,2,1603,2,1529,2,1431,2,1649,2,1588,2,1461,1,1647,2,1386,2,1484,2,1527,2,1617,1713,1630,2,1592,2,1533,2,998,2,1563,2,1381,2,1618,2,1541,2,1522,2,954,2,987,2,1522,1627,1665,2,1637,3,1629,3,1662,2,1667,2,1561,2,1571,2,1582,2,1724,3,1605,2,1297,2,1379,1644
,1:01:04,37.1,1573,2,1501,1,1602,1,1647,2,1589,2,1462,2,1591,2,1482,2,1505,2,1422,2,1473,2,1620,2,1564,2,1602,2,1525,1,1428,2,1649,2,1598,2,1464,2,1650,2,1383,2,1497,2,1522,2,1617,1698,1627,1,1589,2,1523,2,976,2,1558,2,1381,2,1611,2,1546,2,1524,2,936,2,960,2,1526,1633,1669,1,1633,1,1618,2,1659,2,1660,2,1566,3,1579,2,1582,2,1719,2,1603,2,1286,2,1364,1647
,1:05:04,37,1567,2,1494,1,1599,2,1649,2,1587,2,1451,2,1592,2,1483,2,1505,2,1415,2,1458,2,1625,2,1558,2,1599,2,1523,2,1432,2,1645,2,1593,2,1460,2,1645,2,1361,2,1490,2,1524,2,1609,1705,1630,1,1588,2,1526,2,954,1,1553,1,1369,2,1613,2,1539,2,1519,2,928,2,943,2,1526,1631,1669,2,1639,2,1625,2,1662,2,1672,1,1561,2,1576,3,1579,2,1717,2,1601,2,1271,2,1346,1648
,1:09:04,37,1562,1,1498,2,1606,2,1651,2,1585,2,1448,1,1583,2,1481,2,1504,2,1414,3,1451,2,1618,2,1554,2,1603,2,1519,2,1443,2,1641,2,1595,2,1460,2,1646,2,1351,2,1488,2,1509,1,1616,1705,1628,2,1595,2,1535,2,939,2,1560,2,1372,2,1617,3,1544,2,1520,2,914,2,928,2,1527,1630,1662,2,1640,2,1627,2,1665,2,1669,2,1552,2,1577,2,1580,2,1711,2,1604,2,1255,2,1336,1644
,1:13:04,37,1567,1,1496,2,1596,3,1647,2,1585,2,1445,2,1585,2,1479,3,1511,2,1409,2,1449,2,1621,2,1556,2,1605,2,1521,2,1430,2,1640,1,1603,2,1461,2,1642,2,1339,2,1483,2,1514,1,1612,1708,1630,2,1595,2,1533,2,925,2,1552,2,1353,2,1622,2,1543,2,1517,3,905,2,915,2,1527,1629,1672,2,1639,1,1623,2,1664,2,1664,2,1563,2,1572,2,1572,2,1723,1,1603,2,1237,2,1322,1652
,1:17:04,37,1565,2,1498,2,1594,2,1646,2,1582,2,1451,2,1581,2,1476,2,1503,2,1411,2,1444,2,1630,2,1557,2,1605,2,1513,2,1433,2,1640,2,1593,2,1463,2,1642,2,1324,2,1487,2,1513,1,1618,1715,1625,2,1589,2,1536,2,918,2,1552,1,1354,2,1618,2,1548,2,1525,2,895,2,902,2,1531,1627,1664,2,1645,2,1628,2,1666,2,1670,2,1551,2,1576,2,1580,2,1712,2,1602,2,1225,2,1303,1645
,1:21:04,37,1566,2,1494,2,1598,2,1643,1,1590,2,1449,1,1595,1,1475,2,1498,2,1411,1,1423,1,1626,2,1559,2,1599,2,1505,2,1428,2,1636,2,1585,2,1459,2,1635,2,1310,2,1490,2,1513,2,1607,1709,1620,2,1585,2,1531,2,900,2,1549,1,1346,2,1613,2,1532,2,1519,2,893,1,892,2,1521,1633,1670,2,1635,2,1630,2,1658,2,1674,2,1553,2,1567,2,1583,2,1715,2,1591,2,1213,2,1296,1648
,1:25:04,37,1565,1,1497,3,1596,2,1636,2,1580,2,1440,2,1586,2,1469,2,1503,2,1409,2,1422,2,1624,2,1558,2,1592,2,1500,2,1424,2,1639,2,1593,2,1461,2,1642,2,1300,2,1498,2,1512,2,1607,1707,1624,2,1582,2,1533,2,894,2,1555,2,1343,2,1616,2,1537,2,1521,2,878,2,881,2,1535,1618,1667,2,1633,2,1627,2,1666,2,1666,2,1553,2,1569,2,1568,2,1718,2,1594,2,1198,2,1277,1640
,1:29:04,37,1562,1,1494,2,1591,2,1644,2,1589,2,1445,2,1593,2,1476,2,1496,2,1406,2,1427,2,1629,2,1558,2,1591,2,1508,2,1423,2,1633,2,1598,2,1462,2,1638,2,1282,2,1481,2,1511,2,1607,1708,1635,2,1579,1,1534,2,880,1,1544,2,1337,2,1617,2,1534,2,1519,2,875,2,870,2,1531,1626,1662,2,1634,2,1628,2,1664,2,1670,2,1556,2,1575,2,1588,1,1714,2,1592,2,1182,2,1263,1636
,1:33:04,37,1568,2,1493,2,1593,2,1643,2,1584,2,1442,1,1586,2,1479,2,1499,2,1399,3,1413,2,1629,2,1548,2,1593,2,1500,2,1430,2,1634,2,1596,2,1458,2,1635,1,1275,2,1495,2,1518,2,1604,1709,1631,1,1590,2,1538,2,871,2,1546,2,1337,2,1613,2,1537,2,1522,2,874,2,861,2,1526,1632,1670,1,1637,2,1627,1,1664,1,1669,2,1552,2,1576,2,1576,2,1708,2,1594,2,1172,2,1246,1650
,1:37:04,37,1558,2,1496,2,1596,2,1631,1,1578,1,1433,2,1583,2,1470,2,1489,2,1399,2,1400,2,1626,2,1549,2,1584,2,1488,2,1419,2,1638,2,1597,2,1452,2,1632,2,1254,2,1487,2,1505,2,1611,1702,1623,2,1585,2,1529,2,865,2,1545,2,1318,2,1605,3,1535,2,1514,2,874,2,860,2,1533,1625,1661,2,1633,2,1625,2,1667,2,1678,2,1548,2,1573,2,1574,2,1717,2,1593,2,1153,2,1243,1655
,1:41:04,37,1566,2,1492,2,1586,2,1648,2,1580,1,1444,2,1587,2,1470,2,1494,2,1402,2,1397,2,1622,2,1546,2,1584,1,1492,2,1427,2,1634,2,1595,2,1465,2,1645,2,1238,3,1483,2,1500,2,1618,1714,1618,2,1578,2,1528,3,863,2,1548,2,1321,2,1618,2,1538,2,1509,2,865,2,844,2,1526,1629,1653,1,1634,2,1624,2,1663,2,1669,2,1559,2,1575,2,1579,2,1716,2,1591,2,1144,2,1227,1651
,1:45:04,37,1565,2,1488,1,1588,2,1648,2,1587,2,1436,2,1583,2,1463,2,1486,2,1405,2,1394,2,1626,2,1546,1,1586,2,1486,2,1425,2,1630,1,1597,2,1463,1,1638,2,1234,2,1481,2,1498,2,1607,1705,1619,2,1580,2,1526,2,857,2,1551,2,1317,2,1615,2,1532,2,1520,1,864,2,848,2,1524,1629,1662,1,1634,2,1620,2,1659,2,1668,2,1561,2,1568,3,1579,2,1714,2,1589,2,1132,2,1210,1642
,1:49:04,37.1,1564,2,1494,2,1597,2,1645,2,1582,2,1435,2,1586,2,1470,2,1490,2,1401,2,1382,2,1634,2,1543,2,1591,2,1494,2,1426,3,1635,1,1598,2,1458,2,1624,1,1220,2,1483,2,1505,2,1610,1702,1612,2,1586,2,1528,2,853,2,1547,2,1303,2,1608,2,1540,2,1518,2,859,2,836,2,1524,1632,1662,2,1633,2,1622,2,1661,2,1667,2,1553,2,1573,2,1577,2,1713,2,1580,2,1123,2,1207,1644
,1:53:04,37,1565,2,1491,2,1589,2,1646,2,1576,1,1433,2,1579,2,1466,2,1491,2,1398,2,1375,2,1613,2,1544,2,1584,2,1486,2,1418,1,1634,2,1592,2,1459,1,1633,1,1207,2,1486,2,1496,1,1613,1699,1624,2,1583,2,1526,2,849,2,1551,2,1307,2,1608,2,1525,2,1515,2,856,2,836,2,1530,1633,1667,2,1630,2,1627,2,1666,2,1668,2,1554,2,1574,3,1580,2,1720,2,1580,2,1106,2,1197,1635
,1:57:04,37,1565,2,1488,2,1589,2,1644,2,1580,2,1432,2,1581,2,1464,2,1495,2,1399,2,1367,1,1622,2,1546,2,1583,2,1480,2,1412,2,1636,1,1598,2,1461,2,1622,2,1198,2,1486,2,1504,2,1604,1716,1622,2,1587,2,1534,2,847,3,1548,2,1296,2,1613,2,1542,2,1516,3,853,2,830,2,1521,1626,1663,2,1635,1,1619,2,1660,2,1670,2,1558,2,1573,2,1574,2,1715,2,1589,2,1092,2,1185,1643
,2:01:04,37,1562,2,1489,2,1574,2,1645,2,1574,2,1438,1,1589,2,1469,2,1484,2,1400,2,1363,2,1632,2,1543,2,1580,2,1480,2,1423,2,1630,2,1609,2,1456,2,1626,2,1180,2,1493,2,1496,2,1600,1709,1612,2,1576,2,1529,2,845,2,1546,2,1291,2,1611,2,1535,2,1516,2,856,2,819,2,1533,1633,1664,1,1636,2,1622,2,1661,2,1661,2,1555,2,1573,2,1579,2,1718,2,1586,2,1079,2,1168,1640
,2:05:04,37,1566,2,1494,2,1586,2,1645,2,1578,1,1430,2,1576,2,1463,2,1483,2,1398,2,1359,2,1617,2,1537,1,1575,2,1474,2,1419,2,1631,2,1600,2,1457,2,1631,2,1170,2,1488,2,1497,1,1614,1706,1614,2,1581,2,1528,2,839,2,1552,2,1286,2,1611,2,1529,3,1512,2,850,2,822,2,1530,1624,1655,2,1627,2,1624,2,1659,2,1665,2,1555,2,1570,2,1575,2,1721,2,1580,2,1073,2,1167,1643
,2:09:04,37.1,1574,2,1491,2,1583,2,1642,2,1581,2,1420,2,1583,1,1464,2,1490,2,1388,2,1346,2,1624,2,1534,2,1577,2,1473,2,1416,2,1621,2,1600,2,1459,2,1630,2,1157,2,1490,2,1494,2,1602,1698,1621,2,1582,2,1521,2,835,2,1544,2,1276,3,1611,2,1531,2,1522,2,847,2,813,2,1520,1627,1657,2,1626,2,1619,2,1663,3,1670,2,1554,2,1576,2,1572,2,1714,2,1581,3,1062,2,1158,1639
,2:13:04,37,1559,2,1483,2,1583,2,1639,2,1580,2,1424,2,1583,2,1470,2,1473,2,1390,2,1348,2,1618,2,1533,2,1579,2,1466,2,1415,3,1629,2,1604,3,1454,2,1623,2,1142,2,1484,2,1494,2,1605,1703,1612,2,1583,2,1527,2,833,2,1547,2,1276,2,1604,2,1529,2,1511,2,851,2,812,2,1525,1628,1665,2,1623,2,1618,2,1661,2,1668,3,1552,2,1576,2,1571,2,1706,1,1583,3,1054,2,1137,1641
,2:17:04,37,1562,2,1491,2,1589,2,1640,2,1575,1,1418,2,1580,2,1461,2,1488,2,1386,2,1334,2,1616,2,1530,2,1579,2,1467,2,1412,2,1626,2,1601,2,1461,2,1618,2,1146,2,1477,2,1489,2,1610,1706,1617,2,1584,1,1525,2,833,2,1550,2,1268,2,1607,2,1532,3,1511,2,852,2,808,2,1521,1633,1658,2,1626,2,1625,1,1658,2,1666,2,1558,2,1575,2,1571,2,1708,2,1579,2,1039,1,1129,1646
,2:21:04,37,1558,2,1500,2,1580,2,1642,2,1584,2,1422,2,1579,2,1462,2,1484,2,1400,2,1327,2,1627,2,1540,1,1571,2,1456,2,1414,2,1627,2,1605,2,1462,2,1627,2,1128,2,1483,2,1490,2,1606,1705,1615,2,1581,2,1527,2,831,2,1549,2,1262,2,1611,2,1531,1,1516,2,853,2,818,2,1528,1625,1655,2,1637,2,1611,2,1660,2,1674,2,1559,2,1568,2,1577,2,1715,2,1578,2,1028,2,1132,1645
,2:25:04,37,1566,1,1493,2,1586,2,1639,2,1578,2,1425,2,1588,2,1456,2,1479,3,1387,2,1328,2,1623,2,1529,2,1562,2,1455,1,1419,3,1635,2,1595,2,1462,2,1619,2,1123,2,1484,2,1492,2,1600,1703,1613,2,1579,2,1527,2,833,2,1540,2,1261,3,1613,2,1526,2,1516,2,844,2,811,1,1530,1626,1660,2,1632,2,1615,2,1664,2,1668,1,1555,2,1574,2,1573,2,1717,2,1577,3,1020,1,1120,1641
,2:29:04,37,1567,2,1484,2,1579,2,1632,2,1575,2,1422,1,1585,2,1472,2,1482,1,1392,2,1317,2,1621,2,1536,2,1570,2,1457,2,1412,2,1626,2,1601,2,1459,2,1623,2,1107,2,1485,2,1490,2,1608,1708,1614,2,1585,2,1523,2,834,2,1544,2,1248,1,1615,3,1533,2,1512,2,854,3,809,2,1523,1620,1665,2,1633,2,1629,2,1652,2,1672,2,1555,2,1568,2,1570,2,1708,2,1580,2,1008,2,1113,1643
,2:33:04,37,1564,2,1488,2,1590,2,1635,2,1574,2,1424,1,1581,2,1464,1,1481,2,1394,2,1306,1,1622,2,1526,2,1571,2,1452,2,1408,2,1626,2,1599,2,1458,3,1616,2,1100,2,1476,2,1484,3,1602,1698,1612,2,1585,1,1519,2,828,1,1541,1,1244,2,1612,1,1531,2,1509,2,847,2,810,2,1534,1629,1655,2,1626,2,1621,2,1657,2,1671,2,1550,2,1569,2,1577,2,1711,2,1582,2,1003,2,1102,1641
,2:37:04,37,1565,2,1485,2,1578,1,1638,2,1569,2,1421,2,1575,2,1453,2,1473,2,1386,2,1304,2,1623,2,1530,2,1568,2,1458,2,1417,2,1628,2,1605,2,1463,2,1612,2,1091,2,1487,2,1494,2,1596,1700,1610,2,1590,1,1521,2,826,2,1546,2,1242,2,1607,2,1531,2,1509,2,846,2,805,2,1529,1623,1656,2,1635,1,1618,2,1660,2,1666,2,1552,2,1575,2,1580,2,1711,2,1576,2,997,2,1086,1650
,2:41:04,37,1567,2,1488,2,1588,2,1628,2,1579,2,1421,2,1578,2,1463,1,1474,2,1381,2,1293,2,1617,2,1531,2,1563,2,1449,2,1416,2,1620,2,1606,2,1463,2,1609,2,1080,2,1486,2,1482,2,1606,1706,1612,2,1579,2,1524,2,829,2,1537,2,1231,2,1608,2,1540,2,1510,2,843,2,804,2,1526,1625,1661,2,1626,2,1619,2,1659,1,1663,2,1552,2,1574,1,1571,3,1710,2,1571,2,981,2,1085,1648
,2:45:04,37,1566,1,1482,2,1582,2,1629,2,1574,2,1421,2,1576,2,1459,1,1474,1,1383,2,1290,2,1618,2,1531,2,1563,2,1445,2,1415,2,1622,2,1602,2,1456,2,1609,2,1076,2,1483,2,1481,2,1600,1706,1619,2,1570,2,1516,2,821,2,1535,2,1222,2,1610,1,1527,2,1514,2,846,2,803,2,1523,1622,1661,1,1622,1,1618,2,1663,2,1670,2,1552,2,1570,2,1573,2,1724,2,1568,2,977,1,1081,1640
,2:49:04,37.1,1557,2,1483,2,1581,2,1635,2,1579,2,1418,2,1574,2,1455,2,1475,3,1390,1,1291,2,1622,2,1525,2,1561,2,1450,2,1419,2,1628,3,1609,2,1454,2,1617,2,1065,2,1483,1,1485,2,1594,1709,1615,1,1582,2,1526,2,827,2,1538,1,1223,2,1597,2,1529,2,1511,2,842,1,801,2,1521,1622,1657,1,1629,2,1628,2,1656,2,1665,2,1552,2,1571,2,1576,2,1702,2,1568,2,964,2,1069,1645
,2:53:04,37,1562,1,1496,2,1578,1,1636,2,1576,2,1420,2,1573,2,1460,2,1478,2,1380,1,1277,2,1626,2,1520,2,1561,2,1434,2,1411,2,1624,2,1608,2,1461,2,1609,2,1051,2,1479,2,1484,2,1600,1708,1607,2,1582,2,1516,2,830,2,1540,2,1221,2,1611,2,1528,2,1514,2,847,2,798,2,1519,1619,1663,1,1631,2,1614,2,1654,2,1655,2,1554,2,1571,2,1575,2,1711,2,1570,2,960,2,1066,1644
,2:57:04,37,1560,2,1491,2,1579,2,1633,1,1584,2,1418,2,1569,2,1454,2,1472,2,1389,2,1267,2,1620,2,1529,2,1557,2,1437,2,1408,3,1623,2,1605,2,1460,2,1612,2,1052,2,1487,2,1481,2,1603,1704,1604,2,1583,2,1524,2,823,2,1535,2,1214,3,1606,1,1531,2,1502,2,849,2,801,2,1521,1625,1662,2,1630,2,1629,2,1660,2,1666,1,1550,2,1580,2,1572,2,1707,2,1565,1,959,2,1061,1649
,3:01:04,37,1561,2,1492,2,1583,2,1638,2,1576,2,1415,2,1569,2,1454,2,1471,1,1384,2,1266,2,1622,2,1529,2,1553,2,1433,2,1415,2,1625,2,1604,2,1453,2,1608,2,1038,2,1485,2,1484,3,1603,1706,1600,2,1581,2,1520,2,824,2,1542,1,1209,2,1612,2,1530,2,1506,2,849,2,796,2,1525,1622,1654,2,1631,2,1616,2,1662,2,1663,2,1554,2,1568,2,1578,2,1707,2,1559,2,942,1,1051,1645
,3:05:04,37,1564,2,1485,2,1583,2,1637,2,1569,2,1419,1,1568,2,1462,2,1475,2,1383,2,1261,2,1620,2,1523,2,1556,1,1431,1,1410,2,1623,2,1604,2,1451,3,1611,2,1035,2,1481,2,1479,2,1605,1705,1607,2,1578,2,1528,2,823,2,1535,2,1203,1,1602,2,1531,2,1514,2,841,2,798,2,1529,1625,1662,2,1626,2,1616,2,1659,2,1666,1,1554,2,1564,2,1575,2,1718,2,1562,2,942,2,1037,1649
,3:09:04,37,1563,2,1481,2,1577,2,1642,2,1569,2,1414,2,1577,2,1457,2,1474,2,1380,2,1255,1,1619,2,1522,2,1546,2,1434,2,1404,2,1620,2,1603,2,1451,2,1600,1,1035,2,1487,2,1476,2,1609,1702,1613,2,1573,1,1524,2,827,2,1544,2,1194,2,1605,2,1530,2,1507,3,847,2,798,2,1523,1626,1657,2,1621,2,1625,2,1654,2,1663,2,1552,2,1569,2,1569,2,1708,2,1558,2,933,2,1038,1648
,3:13:04,37,1560,1,1481,2,1578,2,1627,2,1577,2,1415,2,1574,2,1457,2,1477,2,1383,2,1252,2,1619,2,1521,2,1554,2,1425,2,1400,2,1623,2,1596,2,1457,2,1596,2,1021,2,1484,2,1473,2,1606,1703,1609,2,1581,2,1520,1,821,2,1543,1,1198,2,1607,2,1523,2,1506,2,845,2,803,2,1526,1627,1657,2,1629,2,1613,2,1655,2,1662,2,1553,2,1571,2,1577,2,1713,1,1556,2,924,2,1032,1643
,3:17:04,37,1564,2,1486,2,1576,2,1633,2,1577,3,1411,1,1573,2,1454,2,1474,2,1380,2,1245,2,1615,2,1522,2,1550,2,1426,2,1403,2,1620,2,1604,2,1457,2,1604,3,1021,2,1480,2,1478,2,1595,1699,1606,2,1571,2,1518,2,823,2,1539,2,1185,2,1603,2,1535,2,1503,2,844,3,795,2,1526,1633,1656,2,1629,1,1617,2,1665,2,1665,2,1549,2,1574,2,1574,1,1714,2,1556,2,918,2,1024,1644
,3:21:04,37,1562,2,1479,2,1587,2,1628,2,1579,2,1411,2,1576,2,1454,2,1468,2,1382,2,1235,2,1625,2,1517,2,1550,2,1413,2,1412,2,1615,2,1607,2,1454,2,1601,2,1006,2,1477,2,1473,2,1600,1708,1603,2,1576,2,1517,2,826,2,1532,1,1179,2,1608,2,1537,2,1515,2,843,2,796,2,1521,1622,1650,2,1632,2,1613,2,1659,2,1659,2,1547,2,1571,2,1574,2,1710,2,1555,2,916,1,1016,1646
,3:25:04,37,1561,2,1483,2,1580,2,1634,2,1570,2,1410,2,1571,2,1460,2,1470,2,1380,2,1226,2,1623,2,1520,2,1550,2,1418,1,1417,1,1619,2,1608,1,1457,2,1593,2,997,2,1480,2,1474,2,1599,1701,1602,2,1584,2,1522,2,825,2,1539,2,1178,2,1604,2,1525,3,1511,2,838,2,795,2,1529,1628,1655,2,1632,2,1613,2,1655,2,1661,2,1552,2,1566,2,1571,3,1720,2,1557,2,913,2,1010,1643
,3:29:04,37,1564,2,1487,2,1580,2,1630,2,1574,2,1411,2,1570,2,1463,2,1469,2,1378,2,1230,3,1622,2,1524,2,1548,2,1415,2,1411,2,1613,2,1613,1,1457,1,1598,2,996,2,1484,2,1474,2,1600,1706,1606,2,1578,2,1516,2,825,2,1545,2,1178,2,1608,2,1525,2,1501,2,843,1,794,2,1523,1627,1661,2,1627,2,1625,2,1658,2,1660,2,1553,2,1567,2,1571,2,1708,2,1555,2,906,1,1011,1635
,3:33:04,37.1,1561,2,1485,2,1580,2,1629,2,1574,3,1410,1,1579,2,1463,2,1473,2,1375,2,1227,2,1621,2,1514,1,1546,2,1419,1,1400,2,1619,2,1610,2,1464,2,1597,1,986,1,1483,2,1470,2,1599,1701,1601,1,1575,2,1529,2,824,2,1535,2,1170,2,1606,1,1533,2,1507,2,844,2,793,2,1528,1622,1659,2,1628,2,1616,1,1656,2,1661,2,1547,2,1570,2,1575,2,1717,2,1555,2,896,2,1013,1635
,3:37:04,37,1560,1,1486,2,1571,2,1628,2,1574,2,1412,2,1571,2,1453,2,1466,2,1380,2,1212,2,1631,2,1513,2,1544,2,1409,2,1407,2,1616,2,1606,2,1460,2,1599,2,980,2,1479,2,1471,2,1601,1704,1609,2,1575,2,1517,1,821,2,1533,2,1162,2,1604,2,1528,2,1504,2,837,3,802,2,1520,1629,1653,1,1625,2,1622,2,1656,2,1666,2,1561,2,1573,2,1574,2,1706,2,1553,2,891,2,1000,1638
,3:41:04,37,1563,2,1487,2,1577,2,1623,2,1574,2,1407,2,1573,2,1454,2,1464,2,1371,1,1211,2,1616,2,1514,2,1537,2,1404,2,1404,2,1615,2,1616,2,1454,2,1589,2,981,2,1482,2,1467,2,1601,1697,1598,2,1576,1,1522,1,814,1,1543,2,1161,2,1601,2,1528,2,1509,2,844,2,791,2,1522,1631,1656,2,1624,2,1612,1,1646,2,1665,2,1553,2,1565,2,1568,2,1713,2,1548,2,887,2,993,1642
,3:45:04,37,1556,2,1487,2,1577,2,1629,1,1571,2,1406,2,1568,1,1453,2,1464,2,1379,2,1200,2,1621,2,1509,2,1540,2,1404,1,1409,2,1615,2,1602,2,1459,2,1594,2,974,2,1476,1,1468,2,1601,1708,1604,2,1569,2,1518,2,819,2,1541,2,1149,2,1608,2,1530,1,1502,2,845,2,794,2,1520,1628,1659,2,1619,1,1613,2,1665,2,1657,2,1556,2,1570,2,1572,2,1706,2,1560,2,887,2,987,1644
,3:49:04,37,1563,2,1482,2,1574,2,1629,2,1574,2,1410,2,1562,2,1453,2,1461,2,1376,2,1197,2,1618,2,1510,2,1533,2,1405,2,1397,2,1620,2,1607,2,1457,2,1590,2,973,2,1477,2,1461,2,1589,1704,1599,1,1574,2,1519,2,820,2,1536,2,1149,2,1605,2,1523,2,1508,2,840,2,790,2,1521,1623,1650,2,1615,2,1620,2,1656,2,1661,2,1551,3,1562,3,1563,2,1712,2,1544,2,876,3,987,1649
,3:53:04,37.1,1560,2,1483,1,1579,2,1628,2,1572,2,1406,2,1575,2,1455,2,1463,2,1379,2,1192,2,1617,2,1514,2,1534,2,1400,2,1408,2,1612,2,1608,2,1455,2,1588,2,959,2,1479,2,1466,2,1600,1698,1601,2,1572,2,1522,2,820,2,1536,2,1147,1,1607,2,1525,2,1506,2,841,2,796,2,1533,1631,1656,2,1627,2,1623,2,1655,2,1663,1,1553,2,1567,2,1569,2,1709,1,1550,2,873,1,980,1639
,3:57:04,37,1565,2,1485,2,1579,1,1629,2,1566,2,1410,2,1573,2,1453,2,1463,2,1377,2,1192,2,1621,2,1509,2,1533,1,1399,2,1399,2,1618,2,1604,2,1458,2,1595,2,960,1,1473,1,1467,2,1610,1693,1602,1,1569,2,1519,2,821,2,1538,2,1137,2,1605,2,1527,2,1507,2,844,2,795,2,1535,1616,1648,2,1627,1,1618,2,1659,2,1662,2,1551,2,1569,2,1570,2,1713,2,1547,2,871,2,979,1641
,4:01:04,37,1562,2,1481,2,1585,2,1629,1,1570,2,1406,2,1573,1,1456,1,1467,2,1377,2,1178,2,1623,2,1511,3,1530,2,1389,2,1398,2,1622,2,1614,2,1451,2,1587,2,955,2,1482,2,1458,2,1601,1698,1596,2,1575,2,1520,2,823,2,1533,2,1139,2,1606,2,1526,1,1510,2,844,2,791,2,1522,1633,1648,2,1620,2,1626,2,1663,2,1666,2,1555,2,1565,2,1574,2,1713,3,1546,1,867,1,973,1638
,4:05:04,37,1553,1,1491,2,1583,2,1636,2,1574,2,1409,2,1573,2,1459,2,1466,2,1376,2,1184,2,1620,2,1503,2,1531,2,1391,2,1402,2,1620,2,1608,2,1454,2,1584,3,951,2,1482,2,1461,2,1603,1697,1600,2,1579,2,1519,2,826,2,1528,2,1135,2,1601,2,1527,2,1504,2,846,2,793,2,1522,1628,1655,3,1625,2,1621,2,1657,1,1662,2,1551,2,1571,2,1573,2,1706,2,1548,2,864,2,970,1641
,4:09:04,37,1561,1,1488,2,1579,2,1626,2,1575,2,1404,2,1569,2,1455,2,1467,2,1375,2,1171,2,1619,2,1511,2,1539,2,1390,2,1400,2,1626,1,1604,2,1450,2,1583,2,940,2,1481,2,1458,2,1593,1698,1592,1,1574,1,1522,2,823,2,1530,2,1122,2,1597,2,1529,2,1501,2,841,2,797,2,1523,1624,1659,2,1623,2,1623,2,1660,2,1665,2,1552,2,1567,2,1575,2,1708,2,1546,2,861,2,963,1640
,4:13:04,37,1560,2,1484,2,1579,2,1628,2,1574,2,1406,2,1571,2,1457,2,1461,2,1375,2,1163,2,1623,2,1505,2,1531,1,1389,1,1410,2,1613,2,1611,2,1451,2,1588,2,942,2,1480,2,1468,2,1604,1714,1598,2,1578,2,1521,2,821,1,1536,2,1123,2,1609,2,1533,2,1500,2,841,2,792,2,1522,1631,1652,1,1628,2,1617,2,1654,2,1658,2,1548,2,1574,2,1567,2,1706,2,1542,2,850,2,962,1637
,4:17:04,37,1566,2,1479,2,1574,2,1633,2,1566,2,1403,2,1567,2,1454,2,1467,2,1378,2,1166,2,1616,2,1503,1,1526,1,1388,2,1404,2,1615,1,1609,2,1454,2,1584,2,934,2,1470,2,1453,2,1604,1693,1609,2,1582,2,1514,2,820,2,1533,2,1123,2,1601,2,1525,2,1501,2,840,2,792,2,1529,1635,1654,2,1627,2,1623,1,1657,2,1662,2,1551,2,1572,2,1567,2,1711,2,1541,2,852,2,958,1652
,4:21:04,37.1,1562,2,1486,2,1574,2,1631,2,1575,2,1411,2,1569,1,1457,2,1471,3,1375,2,1162,2,1614,2,1501,2,1525,2,1378,2,1411,2,1617,2,1607,2,1462,2,1586,2,931,2,1484,2,1453,2,1601,1704,1601,2,1570,2,1522,2,821,2,1533,2,1108,2,1609,2,1526,2,1509,1,841,2,794,2,1521,1628,1655,2,1629,2,1626,2,1650,2,1667,2,1549,2,1567,2,1568,2,1712,2,1541,2,849,2,957,1648
,4:25:04,37,1563,2,1495,2,1577,2,1630,2,1574,2,1402,1,1568,2,1459,2,1473,2,1370,2,1150,2,1617,2,1503,2,1517,2,1379,2,1409,2,1623,1,1609,2,1448,2,1587,2,925,2,1477,2,1458,2,1601,1710,1596,2,1572,2,1521,2,825,2,1531,1,1108,1,1607,2,1526,2,1504,2,844,2,792,2,1520,1621,1653,2,1625,2,1619,2,1655,2,1654,2,1552,2,1570,2,1569,2,1708,2,1543,2,839,2,953,1631
,4:29:04,37,1560,2,1490,2,1574,2,1629,2,1567,2,1414,2,1571,2,1450,2,1457,2,1374,2,1153,2,1620,1,1502,2,1524,2,1376,2,1403,2,1615,2,1612,2,1448,2,1570,2,923,3,1482,2,1455,2,1602,1698,1596,1,1575,2,1517,2,818,2,1536,2,1106,2,1600,2,1525,2,1499,2,839,2,790,2,1528,1623,1648,2,1627,1,1622,2,1648,2,1660,2,1546,3,1563,2,1567,2,1709,2,1541,2,846,1,947,1639
,4:33:04,37,1558,2,1483,2,1581,2,1632,2,1566,2,1411,2,1573,2,1455,2,1459,2,1369,2,1145,2,1615,2,1502,2,1519,2,1375,2,1399,2,1610,2,1618,2,1451,2,1576,2,926,2,1481,2,1456,2,1599,1701,1593,2,1566,2,1522,1,820,2,1535,2,1102,2,1596,2,1527,2,1499,2,840,2,798,2,1513,1630,1656,2,1618,2,1615,2,1655,3,1660,2,1553,2,1570,2,1567,2,1708,2,1539,2,841,2,946,1641
,4:37:04,37,1564,2,1481,2,1579,2,1624,1,1568,2,1405,2,1567,2,1451,2,1460,2,1365,2,1138,2,1611,2,1502,2,1516,2,1369,2,1401,2,1619,2,1615,2,1442,2,1581,2,917,2,1480,2,1453,2,1597,1700,1596,2,1568,1,1516,1,820,2,1533,2,1091,2,1611,2,1529,2,1501,2,838,2,795,2,1527,1630,1649,2,1631,2,1619,1,1650,1,1663,2,1549,2,1563,2,1573,2,1704,2,1536,2,840,2,949,1643
,4:41:04,37,1561,2,1491,2,1573,2,1626,2,1565,2,1405,2,1568,1,1450,2,1465,2,1375,1,1142,2,1629,2,1512,2,1522,2,1365,2,1408,2,1609,2,1619,2,1462,2,1574,2,910,2,1475,2,1456,2,1609,1702,1592,2,1575,2,1524,2,821,2,1527,2,1095,2,1602,2,1527,2,1507,2,841,2,797,2,1525,1625,1657,1,1625,1,1618,2,1659,2,1667,2,1551,2,1566,2,1574,2,1710,2,1542,2,835,2,939,1639
,4:45:04,37.1,1561,2,1478,2,1578,2,1632,2,1576,2,1408,2,1568,2,1452,2,1466,2,1373,2,1132,1,1622,2,1500,2,1523,2,1372,2,1402,2,1615,2,1613,2,1448,2,1574,2,906,2,1482,2,1456,3,1596,1707,1584,2,1572,1,1515,2,820,2,1537,2,1088,2,1606,2,1528,2,1499,2,841,3,792,2,1521,1629,1650,1,1622,2,1614,2,1657,2,1660,2,1555,2,1567,2,1572,2,1708,2,1528,2,832,1,939,1641
,4:49:04,37,1556,2,1481,2,1570,2,1614,2,1576,2,1405,2,1569,2,1454,2,1460,2,1371,2,1118,3,1611,2,1497,1,1523,2,1365,2,1403,2,1618,2,1612,2,1452,2,1574,2,905,2,1480,2,1449,2,1601,1704,1590,2,1579,1,1519,2,814,2,1539,2,1080,2,1591,3,1528,2,1492,2,838,2,792,2,1526,1631,1647,2,1625,2,1616,2,1649,2,1657,2,1555,2,1562,2,1575,2,1706,2,1532,2,826,1,934,1640
,4:53:04,37,1563,2,1482,2,1568,2,1630,2,1568,3,1405,2,1568,2,1451,2,1463,1,1370,2,1123,2,1627,2,1503,2,1514,1,1367,2,1405,2,1618,2,1608,2,1448,2,1570,2,902,2,1482,2,1442,2,1597,1706,1597,2,1572,2,1516,2,820,2,1530,1,1081,1,1604,2,1524,2,1501,2,838,2,795,2,1522,1627,1650,1,1630,2,1619,2,1656,2,1663,2,1549,2,1565,2,1576,2,1706,2,1528,2,825,2,928,1638
,4:57:04,37,1559,2,1477,2,1575,2,1625,3,1565,2,1405,2,1567,2,1453,2,1458,2,1369,2,1118,2,1618,2,1491,2,1521,2,1360,2,1401,2,1619,2,1603,1,1445,2,1567,2,895,2,1479,2,1445,2,1602,1700,1592,2,1573,1,1514,2,815,2,1529,2,1077,2,1600,1,1531,2,1496,2,839,2,791,2,1528,1626,1650,2,1620,2,1617,2,1657,2,1658,2,1554,2,1566,2,1571,2,1708,2,1523,2,822,2,928,1641
,5:01:04,37,1561,2,1475,2,1573,1,1624,2,1567,1,1398,2,1563,2,1451,2,1461,2,1379,2,1110,3,1620,2,1500,2,1513,2,1356,2,1395,3,1608,2,1614,2,1441,2,1573,3,892,3,1479,2,1440,2,1595,1702,1592,1,1567,2,1515,2,821,2,1537,2,1073,2,1596,2,1530,2,1497,2,842,2,791,2,1525,1620,1645,1,1620,2,1617,2,1651,1,1666,2,1546,2,1561,2,1573,2,1706,2,1533,2,829,2,934,1644
,5:05:04,37,1553,2,1484,2,1572,2,1622,1,1564,2,1402,2,1564,2,1456,2,1457,2,1371,2,1111,1,1617,2,1497,2,1514,2,1357,1,1398,2,1614,2,1615,1,1452,1,1570,2,893,2,1479,2,1452,2,1598,1707,1592,1,1564,2,1513,2,824,1,1531,2,1065,2,1604,2,1528,2,1496,2,844,2,792,2,1521,1630,1652,2,1622,2,1619,2,1656,1,1661,2,1551,2,1569,2,1574,2,1707,2,1526,2,818,3,925,1633
,5:09:04,37,1560,2,1481,2,1580,2,1627,2,1581,2,1401,2,1569,2,1451,2,1461,2,1365,2,1102,2,1620,2,1497,2,1514,2,1359,1,1404,2,1621,1,1613,2,1449,2,1570,2,894,2,1474,2,1442,2,1593,1703,1586,2,1568,2,1512,2,812,2,1530,1,1062,1,1602,2,1521,2,1504,3,842,2,793,2,1519,1627,1655,2,1612,2,1620,2,1651,2,1661,2,1553,2,1571,2,1570,2,1702,3,1522,2,817,3,920,1644
,5:13:04,37,1563,2,1490,2,1576,2,1624,2,1574,2,1399,1,1567,2,1452,2,1456,2,1373,2,1104,2,1616,2,1501,2,1506,2,1357,2,1397,3,1617,2,1610,3,1446,2,1568,2,888,2,1480,2,1441,2,1600,1712,1584,2,1567,2,1511,2,817,2,1531,2,1061,2,1596,2,1530,2,1500,1,835,2,788,2,1518,1627,1647,2,1624,1,1615,2,1657,2,1665,1,1547,2,1578,2,1566,2,1712,2,1524,2,814,2,917,1645
,5:17:04,37,1564,1,1476,2,1570,2,1622,2,1571,2,1400,2,1575,2,1451,2,1460,2,1367,2,1090,2,1619,2,1495,2,1500,2,1345,2,1401,2,1619,2,1614,2,1442,2,1564,2,881,2,1475,3,1451,2,1593,1706,1597,1,1569,2,1511,2,818,2,1534,2,1060,2,1604,2,1527,2,1504,2,837,1,793,2,1520,1615,1647,2,1626,2,1619,2,1648,2,1659,2,1548,1,1564,2,1567,2,1710,2,1522,2,814,1,918,1643
,5:21:04,37,1567,1,1480,2,1573,2,1627,2,1568,2,1412,2,1560,2,1455,2,1459,2,1374,2,1099,2,1623,2,1492,2,1506,2,1345,2,1395,2,1613,2,1609,2,1452,2,1558,2,889,2,1481,2,1443,2,1600,1709,1590,2,1574,2,1517,2,817,2,1528,1,1050,2,1604,2,1525,2,1508,2,838,2,794,2,1517,1627,1657,2,1622,2,1620,1,1653,2,1668,2,1551,2,1564,2,1579,2,1711,2,1518,2,812,2,921,1638
,5:25:04,37.1,1552,2,1477,2,1564,2,1629,2,1566,2,1401,2,1569,2,1449,2,1459,2,1370,2,1082,2,1615,2,1484,1,1501,2,1347,1,1401,1,1617,2,1607,2,1450,2,1570,2,877,2,1475,2,1438,2,1592,1700,1593,2,1567,2,1517,2,820,2,1530,2,1050,1,1600,2,1523,2,1502,2,836,2,793,3,1525,1622,1657,1,1617,2,1610,2,1655,3,1658,2,1545,2,1562,3,1567,2,1702,2,1520,2,806,2,910,1640
,5:29:04,37.1,1559,2,1482,2,1570,2,1629,2,1577,2,1403,2,1565,2,1449,2,1461,3,1366,2,1084,2,1613,2,1485,2,1514,2,1342,2,1396,2,1614,2,1607,2,1447,2,1565,2,878,3,1478,3,1438,2,1595,1702,1579,2,1575,2,1521,2,816,2,1535,1,1044,2,1595,1,1527,2,1500,1,839,2,787,2,1520,1629,1648,2,1623,2,1615,2,1647,2,1659,2,1555,1,1573,2,1581,2,1701,1,1525,2,806,2,914,1641
,5:33:04,37,1561,2,1484,2,1577,2,1624,2,1565,2,1401,2,1570,2,1453,2,1454,2,1360,2,1077,2,1616,2,1491,2,1493,2,1350,1,1398,1,1608,2,1615,2,1439,2,1557,2,878,2,1484,1,1438,2,1587,1707,1578,2,1569,2,1518,2,817,1,1526,2,1044,2,1598,2,1525,2,1495,2,841,2,793,2,1519,1626,1648,2,1620,1,1614,2,1649,2,1663,2,1550,2,1567,2,1572,2,1706,2,1517,2,805,2,907,1640
,5:37:04,37,1562,2,1487,2,1573,2,1623,2,1569,2,1401,2,1568,2,1445,2,1453,2,1364,2,1074,2,1624,2,1487,2,1498,2,1338,2,1398,2,1616,2,1617,2,1440,2,1555,1,871,2,1479,2,1438,2,1594,1698,1583,2,1565,2,1528,1,817,2,1533,2,1043,2,1601,3,1528,2,1491,2,840,2,792,2,1524,1629,1652,2,1625,2,1615,2,1653,2,1654,2,1545,2,1569,2,1574,2,1703,2,1520,2,808,2,911,1638
,5:41:04,37.1,1565,1,1485,2,1573,2,1623,2,1558,1,1402,2,1563,2,1456,2,1461,2,1370,2,1070,1,1616,2,1485,1,1502,2,1331,2,1398,2,1615,2,1609,2,1439,2,1565,2,872,2,1477,2,1422,2,1593,1703,1589,2,1569,2,1518,2,818,2,1532,2,1039,1,1601,2,1525,2,1493,2,839,1,793,2,1522,1625,1651,2,1624,1,1617,2,1652,2,1662,2,1543,2,1564,2,1573,2,1713,1,1516,2,807,2,906,1642
,5:45:04,37,1562,2,1488,2,1572,2,1633,2,1574,2,1397,2,1570,2,1453,2,1461,2,1373,2,1071,2,1625,2,1487,2,1497,2,1339,2,1403,2,1615,2,1622,2,1450,2,1560,2,876,2,1476,2,1437,2,1602,1704,1590,2,1568,2,1520,2,818,2,1530,2,1037,2,1601,2,1527,2,1495,2,839,2,791,1,1535,1620,1655,2,1624,1,1614,2,1655,2,1665,2,1551,2,1561,3,1574,3,1714,2,1524,2,810,2,907,1645
,5:49:04,37,1565,2,1482,2,1568,2,1629,2,1566,2,1402,2,1575,2,1456,2,1459,3,1365,2,1062,2,1616,2,1487,2,1503,2,1337,2,1403,2,1622,2,1618,2,1447,2,1562,2,870,2,1482,2,1432,2,1599,1703,1590,2,1575,2,1519,2,822,2,1531,2,1029,2,1596,2,1521,3,1505,2,847,3,794,2,1515,1626,1654,2,1625,2,1616,2,1658,2,1664,2,1554,2,1568,2,1569,2,1706,2,1515,2,804,2,903,1637
,5:53:04,37.1,1556,2,1482,2,1571,1,1628,1,1566,2,1402,2,1571,2,1455,2,1458,2,1373,1,1064,2,1613,2,1488,2,1497,1,1335,2,1399,2,1619,2,1618,1,1452,2,1559,2,868,2,1481,2,1434,2,1597,1696,1588,2,1569,1,1523,2,819,2,1529,2,1033,2,1596,2,1527,2,1489,2,838,2,790,2,1523,1621,1656,2,1628,2,1620,2,1649,2,1657,2,1545,2,1565,2,1571,2,1715,2,1517,2,803,2,900,1638
,5:57:04,37,1565,2,1483,1,1571,2,1620,2,1570,2,1406,2,1566,2,1450,2,1462,2,1375,2,1065,2,1617,2,1492,2,1492,2,1332,2,1394,2,1610,3,1614,2,1445,2,1548,1,868,2,1480,2,1436,2,1593,1701,1589,1,1579,2,1518,2,813,2,1526,2,1027,2,1597,2,1531,3,1496,2,838,2,792,2,1524,1617,1658,2,1620,1,1611,2,1653,1,1667,2,1545,2,1570,2,1577,2,1706,2,1519,2,802,3,897,1643
,6:01:04,37,1553,2,1484,1,1567,2,1621,2,1577,2,1396,2,1576,2,1449,2,1461,2,1364,2,1057,1,1617,2,1478,2,1493,2,1329,2,1397,2,1618,2,1607,2,1443,1,1551,2,864,2,1479,2,1435,2,1600,1705,1588,2,1570,2,1514,2,823,2,1529,2,1025,2,1607,2,1527,2,1495,2,838,2,793,1,1519,1634,1650,2,1620,2,1620,2,1646,2,1669,2,1553,3,1567,2,1579,2,1707,2,1524,2,800,1,894,1649
,6:05:04,37,1570,2,1477,1,1575,2,1619,2,1574,2,1403,2,1572,2,1456,2,1457,2,1365,2,1054,2,1624,2,1484,2,1496,2,1325,2,1401,2,1617,2,1623,2,1443,3,1557,2,859,2,1475,2,1423,2,1589,1708,1588,2,1568,2,1516,2,820,2,1528,2,1022,2,1599,2,1530,2,1500,2,842,2,790,2,1526,1632,1659,2,1619,3,1612,2,1656,2,1661,2,1555,2,1566,2,1575,2,1710,2,1517,2,803,3,893,1647
,6:09:04,37,1560,2,1489,2,1571,2,1621,2,1579,2,1394,2,1571,2,1460,2,1465,2,1365,2,1051,2,1616,2,1481,2,1494,1,1322,1,1405,1,1611,1,1613,2,1444,2,1553,2,862,3,1476,2,1427,2,1596,1705,1580,2,1568,2,1520,2,817,2,1527,2,1015,2,1603,2,1529,2,1498,2,834,2,793,2,1521,1629,1654,2,1623,2,1610,1,1661,2,1655,2,1549,2,1567,2,1571,2,1712,2,1512,2,799,2,893,1642
,6:13:04,37.1,1558,2,1472,2,1568,2,1621,2,1571,2,1410,2,1565,2,1459,2,1456,2,1371,2,1047,3,1626,2,1475,2,1492,2,1322,2,1401,2,1612,1,1608,3,1451,2,1550,2,859,2,1477,2,1420,2,1593,1707,1583,2,1575,2,1517,2,818,2,1528,2,1015,2,1601,2,1529,2,1498,2,842,1,795,1,1518,1623,1655,2,1620,2,1612,2,1650,2,1660,2,1554,3,1578,2,1572,2,1709,2,1520,2,796,2,897,1638
,6:17:04,37,1562,2,1489,1,1571,2,1634,2,1568,2,1406,2,1566,2,1456,2,1452,2,1366,2,1043,2,1624,2,1485,1,1490,2,1315,2,1403,2,1619,2,1616,1,1446,3,1546,2,854,2,1471,2,1418,2,1597,1704,1587,2,1565,2,1509,2,815,2,1534,2,1009,2,1605,2,1535,2,1488,1,840,2,791,2,1516,1632,1653,1,1623,1,1618,2,1655,2,1657,2,1553,2,1567,2,1574,2,1717,2,1510,2,790,2,895,1647
,6:21:04,37,1560,2,1480,2,1575,2,1625,2,1573,2,1405,2,1566,1,1454,2,1454,2,1363,2,1042,2,1617,2,1477,2,1483,2,1323,2,1395,2,1617,1,1613,2,1452,2,1551,2,857,2,1473,2,1428,2,1599,1700,1585,2,1567,1,1517,2,821,2,1533,2,1006,2,1600,2,1530,2,1497,2,837,2,791,2,1512,1627,1661,2,1625,2,1613,2,1647,2,1673,2,1550,2,1574,2,1576,2,1713,2,1510,2,796,2,890,1647
,6:25:04,37,1562,2,1481,1,1570,2,1623,2,1569,2,1407,2,1566,1,1458,2,1459,3,1375,1,1039,2,1622,2,1482,2,1486,2,1315,1,1396,1,1619,2,1623,3,1449,2,1547,2,856,2,1487,3,1419,3,1598,1693,1585,2,1562,2,1516,2,822,2,1528,2,1004,2,1606,2,1528,3,1499,2,837,2,794,2,1520,1625,1650,2,1627,2,1619,2,1657,2,1662,2,1547,2,1567,2,1575,2,1708,2,1508,2,794,2,896,1635
,6:29:04,37,1555,2,1486,1,1570,2,1624,2,1572,2,1408,2,1570,2,1456,2,1458,2,1367,2,1027,2,1622,2,1482,2,1483,1,1314,2,1399,2,1613,2,1619,2,1447,2,1543,2,855,2,1478,2,1416,2,1599,1711,1591,1,1569,2,1518,2,815,2,1528,2,1003,2,1600,3,1526,2,1487,2,840,3,794,2,1521,1628,1646,2,1618,2,1616,2,1648,2,1664,1,1551,2,1573,2,1574,2,1715,2,1505,2,795,2,888,1645
,6:33:04,37,1560,2,1480,2,1575,2,1624,3,1573,2,1405,2,1573,2,1448,2,1455,2,1371,2,1030,1,1624,1,1476,2,1484,2,1312,2,1402,2,1612,2,1615,2,1443,2,1545,2,848,2,1478,2,1420,1,1594,1700,1589,2,1566,2,1518,2,820,2,1530,2,993,2,1594,2,1538,2,1494,2,843,2,796,2,1518,1622,1656,3,1615,2,1618,2,1654,2,1660,1,1551,2,1568,2,1571,2,1715,1,1507,2,798,2,883,1641
,6:37:04,37,1561,2,1478,2,1570,2,1627,2,1560,1,1402,2,1567,2,1448,2,1455,2,1362,2,1022,2,1619,2,1471,2,1480,3,1300,2,1393,2,1606,2,1621,1,1436,2,1548,2,850,2,1476,2,1420,2,1599,1705,1584,1,1571,2,1520,2,822,2,1523,2,991,2,1609,2,1517,2,1496,2,841,2,789,2,1518,1630,1656,2,1621,1,1606,2,1659,2,1661,2,1550,3,1578,2,1574,2,1703,2,1501,2,792,1,880,1643
,6:41:04,37,1559,2,1476,2,1573,2,1631,1,1571,2,1401,2,1578,1,1454,2,1466,2,1374,2,1022,2,1626,2,1468,2,1481,1,1310,1,1403,2,1617,2,1616,2,1444,2,1539,2,850,2,1480,2,1419,2,1596,1697,1588,2,1562,2,1517,2,818,2,1531,2,992,2,1602,2,1528,1,1503,2,838,2,790,2,1522,1629,1652,2,1619,2,1614,2,1658,2,1659,2,1555,2,1560,3,1575,2,1703,2,1504,1,786,2,886,1633
,6:45:04,37,1569,2,1481,2,1571,2,1634,2,1581,2,1402,2,1572,2,1462,2,1461,2,1372,2,1019,2,1614,2,1480,3,1486,1,1311,2,1392,3,1618,1,1613,2,1442,2,1539,2,849,2,1482,2,1419,2,1597,1705,1585,2,1573,2,1518,2,820,2,1526,2,991,2,1595,1,1532,2,1499,2,840,2,798,2,1524,1628,1654,1,1626,2,1616,2,1661,2,1665,2,1560,2,1575,2,1573,2,1708,2,1504,2,787,3,883,1650
,6:49:04,37,1570,2,1485,2,1564,2,1627,2,1572,2,1407,2,1574,2,1452,2,1462,2,1369,2,1016,2,1622,2,1483,2,1465,2,1302,2,1394,2,1613,2,1611,2,1442,2,1543,2,843,2,1472,2,1421,2,1597,1700,1580,2,1569,2,1524,2,816,2,1529,2,995,2,1603,2,1516,3,1498,2,841,2,794,2,1516,1627,1651,2,1629,2,1615,2,1655,2,1659,2,1548,2,1571,3,1580,2,1698,2,1503,2,791,2,882,1647
,6:53:04,37,1563,2,1481,2,1570,2,1631,2,1570,2,1407,2,1564,2,1458,2,1458,2,1369,2,1017,2,1627,2,1476,2,1475,2,1297,2,1402,1,1608,2,1618,2,1434,2,1546,2,844,2,1480,2,1412,2,1595,1694,1576,2,1568,2,1521,2,819,2,1528,1,987,2,1605,1,1525,3,1489,2,839,2,792,2,1513,1623,1651,2,1619,2,1615,2,1651,1,1657,2,1546,2,1560,2,1575,2,1713,3,1501,2,786,2,881,1644
,6:57:04,37,1555,2,1481,2,1561,2,1627,2,1571,2,1403,2,1558,2,1456,2,1462,2,1369,2,1014,2,1616,2,1465,2,1473,2,1297,2,1397,2,1605,2,1617,2,1439,2,1540,2,846,2,1470,2,1414,2,1597,1699,1577,2,1564,2,1517,2,818,2,1531,2,985,2,1597,2,1525,2,1493,2,841,3,792,2,1525,1629,1655,2,1624,2,1617,2,1651,2,1663,2,1551,2,1572,2,1576,2,1710,2,1499,2,793,2,879,1639
,7:01:04,37.1,1554,2,1482,2,1572,2,1628,2,1567,2,1407,2,1561,2,1455,2,1453,2,1360,2,1007,2,1616,2,1473,2,1474,2,1293,2,1396,2,1614,2,1620,2,1440,2,1537,2,841,2,1469,2,1406,2,1589,1705,1580,2,1569,2,1516,2,816,2,1524,2,978,2,1589,3,1531,2,1490,2,841,2,795,2,1517,1625,1648,2,1616,2,1617,2,1656,2,1660,2,1550,3,1572,2,1572,2,1705,2,1495,2,785,2,877,1650
,7:05:04,37,1564,2,1478,1,1568,2,1628,2,1565,2,1402,2,1573,2,1456,2,1456,2,1370,2,1005,2,1624,2,1474,2,1461,1,1299,2,1395,2,1612,2,1607,2,1439,2,1544,2,840,2,1479,2,1410,2,1601,1698,1576,2,1565,2,1514,1,823,2,1521,2,984,2,1598,2,1533,2,1492,2,843,2,793,2,1512,1636,1649,2,1622,2,1618,2,1652,2,1658,2,1544,2,1573,3,1569,2,1716,2,1501,2,788,2,879,1634
,7:09:04,37.1,1562,1,1481,1,1570,2,1626,2,1567,2,1405,2,1567,2,1455,2,1451,2,1367,2,1003,1,1624,2,1469,2,1465,2,1290,2,1391,2,1621,2,1615,2,1443,1,1535,2,841,2,1482,2,1406,2,1589,1698,1585,2,1565,2,1517,2,816,1,1523,1,975,2,1595,2,1524,2,1497,2,849,2,789,2,1526,1628,1657,2,1618,2,1618,2,1647,2,1659,2,1551,2,1573,2,1582,2,1712,1,1496,2,788,3,873,1646
,7:13:04,37,1566,2,1485,2,1566,1,1629,2,1574,2,1396,1,1562,1,1456,2,1455,2,1364,2,995,2,1619,2,1467,2,1470,2,1290,2,1396,2,1618,2,1619,2,1439,2,1539,2,842,2,1477,2,1400,2,1586,1701,1583,2,1559,2,1514,2,815,2,1526,2,974,2,1592,2,1531,2,1494,2,845,2,798,2,1527,1628,1650,2,1630,2,1619,2,1662,2,1655,2,1550,2,1573,2,1577,2,1706,2,1501,2,790,1,873,1640
,7:17:04,37,1557,2,1478,2,1569,2,1628,2,1568,2,1402,2,1570,2,1456,2,1462,2,1372,2,994,2,1615,2,1468,2,1465,2,1286,2,1403,2,1624,2,1610,2,1428,2,1525,2,839,2,1474,2,1398,2,1598,1707,1586,2,1569,2,1508,1,816,2,1523,2,968,2,1596,2,1526,2,1492,2,838,2,793,1,1528,1627,1658,2,1624,2,1616,1,1654,2,1659,2,1544,2,1559,2,1569,2,1713,2,1491,2,784,1,872,1639
,7:21:04,37,1557,1,1477,2,1566,2,1628,2,1576,2,1403,2,1565,2,1460,1,1464,2,1365,2,990,2,1617,2,1466,2,1464,2,1291,2,1398,2,1611,2,1624,3,1441,2,1532,2,841,2,1476,2,1406,2,1592,1701,1578,1,1575,2,1514,2,817,3,1525,2,969,2,1596,2,1518,2,1494,2,837,2,792,2,1524,1627,1653,2,1624,2,1619,2,1645,2,1657,2,1553,2,1568,2,1576,1,1707,2,1490,2,786,2,875,1638
,7:25:04,37,1562,2,1474,2,1572,2,1630,2,1573,2,1404,3,1567,2,1452,2,1450,2,1363,2,988,2,1611,2,1469,2,1465,2,1292,2,1392,2,1616,2,1614,2,1435,2,1530,2,834,2,1479,2,1401,2,1595,1702,1577,2,1573,2,1523,2,820,2,1523,2,961,2,1600,2,1526,2,1488,2,837,2,787,3,1521,1619,1655,2,1616,2,1618,2,1654,2,1657,2,1552,2,1566,2,1570,2,1712,1,1489,2,776,2,875,1636
,7:29:04,37,1556,2,1481,2,1572,2,1628,2,1568,2,1403,2,1564,2,1450,2,1449,2,1365,2,990,2,1623,2,1462,2,1467,2,1284,2,1399,2,1611,2,1616,2,1436,2,1531,2,834,2,1473,1,1402,2,1591,1702,1589,2,1570,2,1519,2,822,2,1522,2,968,2,1604,2,1529,2,1487,3,847,2,788,2,1524,1623,1645,2,1628,2,1619,1,1648,3,1658,2,1550,2,1570,2,1573,2,1708,2,1490,2,785,2,870,1643
,7:33:04,37,1559,1,1481,2,1573,2,1629,2,1569,2,1399,2,1563,2,1452,2,1457,2,1362,2,985,2,1629,2,1468,1,1460,2,1291,2,1389,2,1611,2,1610,2,1438,2,1528,2,836,2,1476,2,1399,2,1594,1698,1581,2,1565,2,1516,2,818,2,1529,2,964,2,1601,2,1525,3,1493,2,842,2,791,2,1515,1623,1659,2,1620,2,1624,2,1664,2,1658,1,1550,3,1574,3,1574,2,1707,2,1496,2,782,2,871,1653
,7:37:04,37,1557,2,1475,2,1569,2,1625,2,1570,2,1399,2,1561,2,1458,2,1454,2,1356,2,981,2,1612,2,1461,2,1455,2,1277,2,1393,3,1609,2,1618,2,1436,2,1530,2,835,2,1481,2,1397,2,1591,1704,1581,1,1558,1,1516,2,815,2,1518,2,958,2,1591,2,1523,2,1489,2,845,1,793,2,1525,1629,1658,2,1618,2,1609,2,1659,2,1659,1,1550,2,1563,3,1574,1,1707,2,1483,2,779,2,870,1646
,7:41:04,36.9,1557,2,1475,2,1572,2,1627,2,1564,2,1398,2,1560,2,1453,2,1453,2,1365,2,978,2,1615,2,1461,2,1459,2,1274,2,1395,2,1604,2,1603,2,1434,2,1514,2,832,2,1475,2,1396,2,1589,1703,1574,2,1562,2,1510,2,815,2,1526,2,957,2,1601,2,1520,2,1489,2,832,1,792,2,1518,1630,1653,2,1622,2,1615,2,1661,1,1654,1,1548,2,1560,2,1576,2,1712,2,1480,2,779,2,864,1648
,7:45:04,37,1551,2,1476,2,1557,2,1622,2,1562,2,1404,2,1559,2,1453,2,1455,2,1362,2,976,2,1617,2,1456,2,1465,2,1278,1,1406,2,1616,2,1618,2,1431,2,1525,2,833,2,1476,2,1392,2,1597,1710,1574,2,1566,2,1520,2,820,2,1521,2,962,1,1598,1,1528,1,1486,3,835,1,798,2,1510,1625,1646,2,1626,2,1614,2,1651,2,1665,2,1552,2,1566,2,1566,2,1712,2,1484,2,780,2,866,1647
,7:49:04,37,1562,2,1476,1,1564,2,1619,2,1572,2,1395,2,1566,2,1456,2,1452,2,1361,2,977,2,1620,2,1460,2,1459,2,1277,2,1393,2,1614,2,1608,2,1438,2,1526,3,833,2,1482,2,1399,2,1600,1708,1574,1,1566,2,1519,2,818,1,1516,2,956,2,1600,2,1529,2,1488,2,837,2,793,2,1519,1629,1644,2,1629,1,1616,2,1652,2,1656,2,1551,3,1564,2,1574,2,1705,2,1480,2,784,2,870,1649
,7:53:04,37,1562,2,1472,2,1568,2,1625,1,1580,2,1403,2,1571,2,1460,2,1449,2,1359,2,973,1,1613,2,1464,2,1457,2,1262,2,1398,2,1610,2,1615,2,1431,2,1518,1,833,2,1481,2,1385,2,1595,1704,1581,2,1571,2,1520,2,819,2,1526,1,946,2,1595,2,1525,2,1495,2,839,2,788,2,1525,1628,1655,2,1620,2,1620,2,1650,2,1667,2,1551,2,1568,3,1579,2,1713,3,1489,2,779,2,866,1642
,7:57:04,37.1,1555,2,1481,2,1560,1,1619,2,1564,2,1394,2,1564,2,1452,1,1452,2,1366,2,969,2,1615,3,1463,2,1450,1,1272,2,1391,1,1616,1,1613,2,1440,2,1515,2,835,2,1480,2,1395,2,1592,1692,1577,2,1566,1,1519,2,819,2,1519,2,946,2,1601,2,1529,2,1484,2,841,2,795,2,1514,1626,1657,2,1619,2,1611,1,1654,2,1656,2,1551,1,1563,2,1575,2,1707,2,1486,2,777,2,870,1640
,8:01:04,37.1,1559,2,1480,2,1566,2,1625,1,1570,2,1397,2,1565,2,1456,2,1451,2,1367,2,975,2,1625,2,1457,2,1454,1,1267,2,1393,2,1602,2,1611,2,1433,2,1516,2,828,2,1473,2,1389,2,1592,1705,1568,2,1567,2,1519,2,817,2,1513,1,946,2,1600,2,1521,2,1486,2,842,2,788,2,1510,1622,1644,2,1612,2,1620,2,1660,1,1660,2,1548,2,1570,2,1568,2,1707,2,1485,2,781,2,862,1640
,8:05:04,37,1555,2,1477,2,1566,2,1621,2,1571,2,1401,2,1557,2,1452,2,1454,2,1362,2,966,2,1617,2,1455,1,1452,2,1264,2,1391,2,1607,2,1612,2,1436,2,1517,2,826,2,1478,2,1392,2,1596,1705,1568,2,1562,1,1516,2,821,2,1517,2,943,2,1592,2,1525,2,1478,2,837,2,791,2,1511,1627,1652,2,1620,2,1619,2,1648,2,1657,2,1540,2,1569,2,1565,2,1711,2,1478,2,780,2,865,1642
,8:09:04,37,1556,2,1477,1,1561,2,1620,2,1565,2,1396,2,1562,2,1452,2,1451,2,1362,2,963,3,1618,2,1454,2,1446,2,1255,1,1386,1,1599,2,1607,2,1427,2,1519,2,824,2,1475,2,1392,2,1588,1698,1570,2,1560,1,1513,2,821,2,1523,2,934,2,1597,2,1525,2,1486,2,839,2,793,2,1518,1626,1650,2,1626,2,1617,2,1656,2,1658,2,1544,2,1570,2,1571,2,1718,2,1477,2,775,2,865,1642
,8:13:04,36.9,1563,2,1479,2,1569,2,1618,2,1570,2,1394,2,1563,2,1458,2,1451,2,1370,2,961,2,1618,2,1454,2,1444,1,1257,2,1396,2,1613,2,1619,2,1429,2,1523,2,830,2,1472,2,1387,1,1602,1699,1573,2,1564,2,1515,2,815,2,1525,3,937,2,1599,1,1525,2,1481,2,842,2,794,2,1523,1633,1651,2,1618,2,1616,2,1657,2,1655,2,1547,2,1573,2,1570,2,1709,2,1477,2,776,2,860,1640
,8:17:04,37.1,1562,2,1479,2,1567,2,1620,2,1568,2,1399,2,1569,2,1458,2,1454,2,1365,2,965,2,1616,2,1456,2,1448,2,1273,2,1390,2,1609,2,1617,2,1431,2,1519,1,827,2,1479,2,1385,2,1590,1700,1570,2,1569,2,1512,1,818,2,1518,2,937,2,1596,2,1532,2,1484,2,844,2,793,2,1518,1629,1652,1,1623,2,1620,2,1657,2,1657,2,1554,2,1570,2,1567,2,1707,2,1475,2,775,2,868,1639
,8:21:04,37,1546,1,1479,2,1562,2,1620,2,1568,2,1401,2,1568,2,1455,2,1454,2,1367,2,960,1,1616,2,1460,2,1447,2,1255,2,1395,2,1606,1,1606,1,1436,2,1514,2,828,2,1478,2,1384,2,1585,1699,1571,1,1566,2,1521,2,816,2,1518,2,932,2,1601,2,1533,2,1491,2,843,3,795,2,1520,1633,1651,1,1615,2,1621,2,1649,2,1654,2,1542,2,1565,2,1570,2,1701,2,1479,2,776,2,870,1644
,8:25:04,37,1551,2,1472,2,1568,2,1626,2,1571,2,1395,2,1570,2,1451,2,1445,2,1366,2,960,2,1616,2,1459,2,1445,1,1254,2,1396,2,1619,2,1603,2,1435,2,1515,2,828,2,1477,3,1374,2,1590,1702,1577,2,1561,2,1516,2,818,2,1513,2,934,2,1597,1,1525,2,1489,2,837,2,791,2,1514,1628,1646,2,1624,2,1618,2,1653,1,1657,2,1539,2,1569,2,1575,2,1720,3,1473,2,776,2,860,1643
,8:29:04,37,1555,1,1482,2,1573,1,1616,2,1564,2,1403,2,1568,2,1451,2,1449,2,1361,2,952,2,1622,2,1456,2,1442,2,1249,1,1394,2,1610,2,1604,2,1436,2,1510,2,822,2,1474,2,1381,2,1591,1708,1562,2,1565,2,1512,2,815,2,1525,2,931,2,1596,2,1531,2,1489,2,840,2,790,2,1515,1631,1658,2,1626,2,1613,2,1654,2,1663,2,1547,2,1566,3,1573,2,1706,3,1470,2,780,2,858,1649
,8:33:04,37,1564,2,1473,1,1561,2,1619,1,1571,2,1403,2,1571,2,1463,2,1451,2,1367,2,947,2,1616,2,1452,2,1440,2,1252,1,1391,2,1614,2,1605,2,1436,2,1508,2,825,2,1474,2,1381,2,1586,1704,1567,2,1564,2,1515,2,816,2,1522,2,932,2,1590,2,1521,1,1488,2,842,2,793,2,1507,1627,1652,1,1614,2,1616,2,1647,2,1657,2,1554,2,1572,2,1572,2,1707,2,1473,2,775,2,862,1645
,8:37:04,37,1548,1,1481,2,1564,2,1622,2,1570,2,1400,2,1560,2,1448,2,1448,2,1366,2,944,2,1620,2,1453,2,1442,2,1254,2,1397,1,1604,2,1615,2,1435,2,1515,2,826,2,1473,2,1378,2,1595,1702,1567,2,1558,2,1516,1,815,2,1524,2,926,2,1597,2,1528,2,1480,2,843,2,794,2,1523,1623,1654,2,1622,1,1614,2,1651,2,1649,2,1547,2,1569,2,1581,2,1709,2,1473,2,778,2,867,1639
,8:41:04,37,1550,2,1479,2,1562,2,1628,2,1576,2,1397,2,1564,2,1445,2,1447,2,1371,1,952,2,1614,2,1447,2,1443,1,1246,1,1392,2,1606,2,1617,2,1431,1,1510,2,821,2,1471,2,1369,2,1587,1702,1570,2,1564,2,1516,2,814,2,1517,2,921,2,1593,2,1532,2,1481,2,834,2,793,2,1512,1629,1654,2,1619,2,1616,2,1652,2,1661,1,1545,2,1561,2,1566,2,1711,2,1470,2,776,2,858,1645
,8:45:04,37,1558,2,1478,2,1570,2,1620,2,1565,1,1399,2,1563,2,1452,2,1456,2,1362,1,946,2,1622,2,1447,2,1433,2,1250,2,1393,2,1612,2,1613,2,1428,2,1507,2,822,1,1474,2,1376,2,1587,1704,1568,2,1558,2,1518,2,817,2,1509,2,925,2,1586,2,1525,2,1485,2,841,2,790,2,1515,1626,1652,2,1612,2,1610,2,1650,2,1663,2,1537,2,1569,2,1565,2,1711,2,1459,2,778,2,862,1637
,8:49:04,37,1559,1,1480,2,1564,2,1618,2,1570,2,1409,2,1556,2,1455,2,1452,2,1356,2,943,2,1618,2,1445,2,1427,1,1237,2,1386,2,1604,2,1599,2,1434,1,1506,2,823,2,1469,2,1374,2,1590,1701,1571,2,1562,2,1517,2,815,2,1514,2,920,2,1602,2,1527,2,1480,2,841,2,793,2,1523,1624,1652,2,1617,2,1617,1,1653,2,1654,1,1546,2,1563,3,1568,2,1706,2,1461,2,774,2,861,1639
,8:53:04,37,1549,2,1478,2,1564,2,1625,1,1566,2,1402,2,1565,2,1455,2,1450,2,1356,2,946,2,1620,2,1448,2,1439,1,1247,2,1383,2,1614,2,1607,2,1431,2,1508,2,823,2,1475,3,1371,2,1589,1697,1570,2,1562,1,1514,2,818,2,1525,2,922,2,1594,2,1530,2,1478,2,846,1,785,2,1514,1636,1647,2,1621,2,1612,1,1654,2,1659,2,1549,3,1565,2,1573,2,1705,2,1468,2,775,2,858,1639
,8:57:04,37,1554,2,1482,2,1562,2,1619,1,1574,2,1399,2,1565,2,1458,2,1448,2,1358,2,939,2,1612,2,1450,2,1432,2,1247,2,1390,2,1614,3,1600,2,1432,2,1509,1,826,2,1473,2,1371,2,1586,1700,1567,2,1561,2,1520,2,820,2,1520,2,914,2,1596,2,1530,2,1482,2,838,1,793,2,1513,1628,1652,2,1615,2,1613,2,1644,2,1657,2,1551,2,1566,2,1578,2,1706,2,1465,2,773,2,860,1641
,9:01:04,37,1559,2,1480,2,1566,2,1624,1,1554,2,1400,2,1564,2,1454,2,1450,2,1366,2,940,2,1616,3,1453,2,1434,2,1236,2,1387,2,1610,2,1611,2,1433,2,1512,2,831,2,1473,2,1377,2,1587,1706,1574,1,1567,2,1518,2,819,2,1523,2,918,2,1596,2,1527,3,1486,2,844,1,794,2,1514,1623,1659,3,1620,2,1619,2,1657,2,1663,2,1551,2,1563,3,1581,2,1712,2,1464,2,780,1,863,1638
,9:05:04,37.1,1552,1,1475,2,1565,2,1618,2,1568,2,1406,2,1564,2,1460,1,1454,2,1361,2,936,2,1612,2,1445,2,1437,2,1235,1,1400,2,1602,2,1592,2,1423,2,1510,2,825,3,1466,2,1371,2,1585,1698,1566,2,1568,2,1514,2,822,2,1519,1,915,2,1590,2,1525,2,1481,2,840,2,791,2,1510,1626,1648,2,1621,2,1615,2,1653,2,1654,2,1544,2,1568,2,1574,2,1708,1,1464,2,784,2,862,1644
,9:09:04,37,1559,2,1471,2,1558,2,1615,2,1567,2,1392,2,1569,2,1453,2,1459,1,1362,2,936,2,1621,2,1445,2,1432,2,1235,2,1389,2,1605,2,1611,2,1435,2,1506,2,822,2,1471,2,1370,2,1587,1701,1572,2,1559,2,1506,2,824,2,1514,2,911,2,1600,2,1524,2,1472,2,840,2,790,2,1510,1625,1657,2,1617,1,1618,1,1657,2,1653,2,1549,2,1560,2,1572,2,1708,2,1458,2,778,2,859,1641
,9:13:04,37,1555,3,1475,2,1564,2,1623,1,1568,2,1401,2,1571,2,1459,2,1453,2,1361,2,929,2,1626,2,1445,2,1425,2,1228,2,1389,2,1606,1,1610,2,1429,2,1508,2,823,2,1473,2,1359,2,1587,1706,1568,2,1570,2,1507,2,817,2,1517,2,909,2,1597,2,1531,2,1477,2,840,2,787,2,1514,1631,1648,2,1619,1,1617,2,1655,2,1648,2,1543,2,1569,2,1580,2,1706,1,1464,2,769,2,860,1648
,9:17:04,37,1552,2,1473,2,1556,2,1621,2,1566,2,1405,2,1567,2,1454,3,1450,2,1354,2,927,2,1614,2,1440,2,1426,2,1224,2,1390,2,1607,2,1602,2,1427,2,1507,2,816,2,1474,2,1365,2,1599,1707,1570,2,1555,2,1514,2,814,1,1521,2,909,2,1591,1,1525,1,1472,2,842,2,790,2,1512,1624,1652,1,1620,2,1612,2,1647,2,1657,2,1544,2,1568,2,1575,2,1716,2,1454,2,773,2,858,1639
,9:21:04,37,1558,2,1482,2,1558,2,1610,2,1564,2,1396,2,1566,2,1456,2,1447,2,1358,2,930,2,1618,1,1436,2,1430,2,1229,2,1390,2,1598,2,1611,2,1432,2,1504,2,820,2,1470,2,1354,2,1581,1700,1570,2,1564,2,1521,2,814,2,1514,2,907,2,1596,2,1535,2,1477,2,843,2,794,2,1514,1633,1659,2,1615,2,1619,2,1662,2,1655,2,1550,2,1568,2,1573,2,1708,2,1461,2,776,2,852,1640
,9:25:04,37,1549,2,1482,2,1565,2,1623,1,1569,2,1400,2,1566,2,1454,2,1454,2,1360,2,924,1,1611,2,1444,1,1424,2,1229,2,1393,2,1603,2,1611,2,1427,2,1500,2,821,2,1474,2,1356,2,1588,1702,1562,2,1567,1,1512,2,816,2,1523,2,908,2,1599,2,1522,2,1479,2,840,2,792,2,1507,1638,1656,2,1625,2,1613,2,1647,2,1655,2,1539,2,1568,2,1572,2,1717,2,1458,2,774,2,859,1646
,9:29:04,37.1,1551,2,1475,2,1565,2,1618,2,1567,2,1394,2,1559,2,1449,2,1459,2,1356,2,923,2,1615,2,1438,2,1428,2,1226,2,1393,3,1610,2,1605,2,1434,2,1496,2,820,2,1471,2,1358,3,1579,1698,1567,2,1559,1,1506,1,821,3,1514,2,900,2,1597,2,1520,2,1475,2,842,2,791,2,1520,1623,1643,2,1615,1,1617,2,1650,2,1659,2,1544,2,1563,2,1567,2,1705,2,1457,2,770,2,864,1635
,9:33:04,37,1554,2,1478,1,1554,1,1619,2,1569,3,1396,2,1567,2,1461,2,1451,2,1357,2,920,2,1618,2,1440,2,1422,2,1223,2,1392,2,1601,1,1608,2,1423,2,1498,2,819,2,1471,2,1350,3,1587,1698,1557,2,1567,2,1508,2,812,2,1518,2,901,3,1587,2,1528,2,1473,2,841,2,788,2,1514,1621,1651,2,1621,2,1613,1,1648,2,1650,2,1538,2,1561,2,1576,2,1709,2,1449,2,771,2,851,1646
,9:37:04,37.1,1553,2,1482,2,1560,2,1628,1,1575,2,1396,2,1555,3,1451,2,1448,2,1355,2,917,2,1616,2,1447,1,1419,2,1223,2,1395,2,1602,2,1605,2,1423,2,1496,2,820,2,1469,2,1353,2,1585,1697,1566,2,1563,2,1509,2,814,2,1510,2,897,2,1591,2,1524,2,1474,2,844,2,793,2,1514,1621,1660,2,1619,1,1618,2,1643,2,1657,2,1537,2,1571,2,1569,2,1715,2,1457,2,772,2,851,1639
,9:41:04,37,1557,1,1477,2,1566,2,1628,2,1563,2,1397,2,1562,2,1463,2,1448,2,1358,2,922,2,1619,2,1442,2,1414,2,1215,1,1389,2,1602,1,1606,2,1427,2,1496,2,819,2,1466,2,1356,2,1574,1703,1563,2,1557,2,1515,2,818,1,1518,2,899,2,1592,2,1524,2,1473,2,844,2,788,2,1511,1631,1656,2,1612,1,1613,2,1654,2,1659,2,1536,2,1564,2,1571,2,1704,2,1454,2,775,2,855,1642
,9:45:04,37,1546,2,1483,2,1561,2,1612,2,1568,3,1400,2,1558,2,1459,2,1446,2,1366,2,913,2,1610,2,1440,2,1416,2,1212,1,1387,2,1601,2,1602,2,1426,1,1504,2,822,2,1465,2,1351,2,1590,1703,1563,1,1569,2,1515,2,818,2,1522,2,895,2,1596,2,1532,2,1473,2,845,2,788,2,1504,1623,1651,2,1613,2,1616,2,1651,2,1660,2,1544,1,1561,3,1581,2,1702,2,1438,2,774,1,858,1637
,9:49:04,37,1550,2,1473,2,1558,1,1616,2,1565,2,1396,2,1559,2,1459,2,1448,2,1355,2,910,2,1620,2,1440,2,1415,2,1214,2,1385,2,1603,2,1604,2,1422,2,1486,2,817,2,1473,2,1351,2,1586,1695,1559,2,1553,2,1506,2,814,2,1514,2,895,2,1598,2,1525,2,1469,2,839,2,788,2,1505,1623,1640,2,1608,2,1613,1,1650,2,1654,3,1540,2,1565,2,1570,2,1697,2,1448,1,772,2,852,1638
,9:53:04,37,1542,1,1468,2,1558,1,1610,2,1568,2,1391,2,1556,2,1450,2,1450,2,1351,1,913,2,1616,2,1432,2,1409,1,1208,2,1387,3,1600,1,1599,2,1422,2,1492,1,815,2,1478,2,1355,2,1583,1693,1559,2,1557,2,1518,2,819,2,1512,2,890,2,1591,2,1528,2,1476,2,841,2,789,2,1510,1629,1658,2,1617,2,1613,2,1657,2,1664,2,1541,3,1561,2,1566,2,1706,2,1438,2,779,2,854,1636
,9:57:04,37,1545,1,1474,2,1556,1,1617,2,1563,2,1396,2,1567,2,1451,2,1443,2,1356,2,917,3,1605,2,1429,2,1405,2,1210,1,1379,1,1597,2,1604,2,1417,2,1497,2,820,2,1472,2,1348,2,1588,1708,1564,2,1554,1,1506,2,818,2,1510,1,891,3,1600,2,1525,2,1479,2,842,2,795,2,1507,1624,1650,2,1621,2,1620,2,1647,2,1656,2,1537,2,1572,2,1573,2,1708,2,1453,2,775,2,850,1633
,10:01:04,37,1554,2,1477,2,1555,2,1620,2,1564,2,1397,2,1559,2,1457,2,1449,2,1361,2,911,2,1615,1,1438,2,1420,2,1211,2,1391,1,1599,2,1608,2,1422,2,1494,2,814,2,1464,2,1349,2,1574,1697,1563,2,1549,2,1509,2,817,3,1513,2,896,2,1599,2,1532,2,1467,2,846,2,793,2,1509,1621,1649,1,1618,2,1610,2,1650,2,1650,2,1546,2,1562,3,1565,2,1721,1,1446,2,776,2,854,1643
,10:05:04,37,1547,2,1481,2,1559,2,1615,2,1565,2,1397,2,1566,1,1457,2,1451,2,1353,2,914,2,1616,2,1431,2,1410,2,1207,2,1383,2,1602,2,1602,2,1415,2,1490,2,813,3,1468,2,1340,2,1586,1696,1555,2,1549,2,1512,2,822,2,1519,2,891,2,1586,2,1527,1,1479,2,844,2,793,2,1508,1634,1651,2,1614,1,1615,2,1653,2,1658,2,1534,2,1565,2,1575,2,1717,2,1445,2,776,2,853,1640
,10:09:04,37,1550,2,1476,2,1556,1,1616,2,1572,2,1393,2,1561,2,1453,2,1443,2,1359,2,913,2,1619,2,1434,2,1413,2,1206,2,1386,2,1608,2,1597,2,1419,2,1491,2,814,1,1461,2,1337,2,1577,1698,1560,2,1559,1,1510,2,820,1,1519,2,888,2,1588,2,1522,3,1478,2,842,2,791,2,1507,1623,1646,2,1616,2,1612,2,1645,2,1656,2,1545,2,1561,2,1568,2,1709,2,1441,2,772,2,855,1644
,10:13:04,37,1548,2,1478,2,1558,2,1614,2,1567,2,1396,2,1560,2,1451,1,1442,2,1352,2,907,2,1615,2,1430,1,1402,2,1203,2,1384,2,1598,2,1589,2,1416,2,1491,2,818,2,1473,2,1334,2,1576,1701,1560,2,1560,2,1505,2,825,2,1513,2,888,2,1593,2,1529,2,1469,2,841,2,792,2,1504,1635,1647,2,1617,2,1614,3,1647,2,1654,2,1542,2,1563,3,1571,2,1710,2,1437,2,775,2,854,1646
,10:17:04,37,1547,2,1470,1,1556,2,1611,2,1573,2,1393,2,1558,1,1454,2,1442,2,1364,1,909,2,1611,2,1430,2,1405,1,1206,2,1395,2,1605,2,1605,1,1420,2,1486,2,815,2,1465,2,1344,2,1582,1695,1558,2,1552,2,1506,2,821,2,1518,2,888,2,1593,2,1527,2,1473,1,841,2,787,2,1502,1631,1651,2,1619,1,1612,2,1647,2,1657,1,1540,2,1569,3,1568,2,1704,2,1439,2,772,2,852,1639
,10:21:04,37,1551,1,1473,1,1559,2,1613,2,1562,2,1391,2,1563,2,1451,2,1449,2,1358,2,903,2,1613,2,1440,2,1405,1,1202,2,1377,2,1598,2,1600,2,1416,1,1484,2,813,2,1465,2,1342,2,1583,1693,1561,2,1556,2,1504,1,815,2,1514,2,885,2,1597,2,1522,2,1465,2,838,2,787,2,1495,1627,1636,1,1612,2,1612,2,1648,2,1661,2,1536,2,1558,2,1567,2,1699,2,1433,2,769,2,858,1639
,10:25:04,37,1541,2,1475,2,1549,1,1622,2,1564,2,1397,2,1559,3,1455,2,1445,2,1357,2,901,2,1609,2,1428,2,1407,2,1200,2,1389,1,1597,2,1590,2,1412,2,1480,2,819,2,1471,2,1334,2,1573,1706,1559,2,1551,2,1502,2,820,2,1519,1,880,1,1588,2,1523,2,1463,2,841,2,790,2,1509,1628,1658,2,1618,2,1611,1,1659,2,1659,3,1541,2,1568,2,1573,2,1706,2,1434,1,774,1,853,1632
,10:29:04,37,1550,2,1469,2,1553,1,1612,2,1555,2,1398,2,1565,2,1450,2,1447,2,1354,2,900,2,1609,2,1431,2,1399,2,1192,2,1392,2,1596,2,1593,2,1418,2,1486,2,814,2,1454,1,1334,1,1580,1696,1549,2,1555,2,1502,2,814,1,1511,2,882,2,1594,2,1531,2,1468,3,839,2,788,2,1493,1618,1652,2,1615,2,1615,2,1648,2,1660,2,1543,1,1561,2,1567,2,1709,2,1432,2,773,2,855,1635
,10:33:04,37,1549,2,1467,2,1560,2,1612,2,1566,2,1392,2,1559,1,1448,2,1438,2,1359,2,894,1,1615,2,1425,2,1401,2,1188,2,1390,2,1602,2,1598,2,1414,2,1489,1,812,2,1473,2,1335,2,1582,1698,1566,2,1550,2,1506,2,821,2,1516,2,884,2,1585,2,1525,3,1465,1,841,2,790,2,1504,1625,1643,1,1616,2,1605,1,1661,2,1649,2,1543,2,1557,2,1570,2,1703,2,1433,2,770,2,852,1638
,10:37:04,37,1550,2,1477,2,1557,2,1602,2,1565,2,1401,2,1549,2,1450,3,1443,2,1351,2,895,2,1616,2,1424,2,1401,2,1192,2,1387,1,1598,2,1601,2,1416,2,1478,2,818,2,1465,2,1330,2,1574,1702,1548,1,1559,1,1501,3,821,2,1517,2,878,2,1586,2,1511,2,1465,2,840,2,789,2,1496,1629,1649,2,1605,2,1608,2,1653,1,1653,2,1535,2,1562,2,1571,2,1705,2,1427,2,771,2,851,1635
,10:41:04,37,1546,2,1476,2,1548,2,1624,2,1561,1,1402,2,1557,2,1456,2,1441,2,1364,2,904,2,1613,2,1424,2,1393,2,1183,1,1381,2,1606,2,1599,2,1414,1,1484,2,814,2,1460,3,1334,2,1585,1706,1561,2,1548,1,1509,2,818,2,1508,2,874,2,1590,2,1525,2,1462,2,837,3,796,2,1503,1627,1651,2,1610,2,1610,2,1653,2,1658,2,1541,2,1563,2,1570,2,1706,2,1435,2,773,2,850,1635
,10:45:04,37,1543,2,1473,2,1553,1,1618,2,1564,2,1391,2,1558,2,1448,2,1445,2,1351,2,895,1,1618,2,1425,2,1390,1,1183,2,1388,2,1596,2,1593,2,1415,2,1477,3,812,2,1464,2,1332,2,1578,1707,1554,2,1551,2,1510,1,819,2,1508,2,880,2,1584,2,1530,2,1468,2,842,2,790,2,1503,1622,1641,2,1608,2,1618,2,1659,2,1649,2,1530,2,1563,2,1570,2,1716,2,1439,2,774,2,846,1644
,10:49:04,37,1544,1,1467,1,1553,2,1612,2,1560,2,1387,2,1561,2,1448,2,1440,2,1351,2,891,2,1611,2,1428,2,1391,2,1187,2,1387,2,1593,2,1599,2,1416,2,1482,1,816,2,1478,2,1328,1,1580,1699,1549,2,1551,2,1503,2,817,2,1506,2,874,2,1595,2,1526,2,1465,2,843,1,788,2,1505,1624,1654,2,1610,2,1613,2,1652,2,1659,2,1525,2,1556,2,1566,2,1714,2,1424,2,769,2,852,1633
,10:53:04,37,1538,2,1463,2,1555,2,1615,2,1556,2,1391,2,1554,2,1456,2,1436,3,1352,2,891,2,1608,2,1415,2,1396,2,1182,1,1389,2,1591,2,1595,1,1407,2,1475,2,811,2,1463,2,1322,2,1576,1700,1551,2,1549,2,1506,1,817,1,1503,1,873,2,1586,2,1529,2,1461,2,839,2,791,2,1496,1624,1647,2,1610,1,1613,2,1647,2,1647,2,1533,2,1561,2,1559,3,1707,2,1425,2,772,2,851,1636
,10:57:04,37,1545,2,1464,2,1547,2,1604,2,1561,2,1390,2,1557,2,1450,1,1437,2,1359,2,889,2,1614,2,1411,2,1392,2,1185,2,1374,2,1596,2,1592,2,1411,2,1476,2,816,2,1461,2,1325,2,1579,1693,1543,2,1548,2,1500,1,820,2,1502,2,873,2,1594,2,1522,2,1468,2,841,2,789,2,1502,1632,1652,2,1606,2,1613,1,1644,2,1650,2,1533,2,1563,2,1563,2,1701,3,1418,2,767,1,851,1631
,11:01:04,37.1,1540,1,1466,1,1549,2,1614,2,1565,1,1388,2,1554,2,1439,2,1440,2,1352,3,886,2,1605,1,1415,2,1393,2,1179,2,1384,1,1592,1,1592,2,1404,2,1473,2,810,2,1459,1,1320,2,1576,1687,1557,2,1550,2,1501,2,818,2,1510,2,877,2,1586,2,1525,2,1457,2,842,2,792,2,1494,1627,1649,2,1615,2,1616,2,1643,2,1654,2,1537,2,1556,2,1570,2,1706,1,1427,2,773,2,847,1633
,11:05:04,37,1544,2,1474,2,1540,2,1616,2,1562,2,1393,2,1550,1,1458,2,1434,2,1354,2,892,2,1607,2,1419,2,1393,2,1183,2,1384,2,1591,2,1587,3,1405,2,1472,1,812,2,1472,2,1320,2,1577,1704,1548,2,1555,2,1503,3,818,3,1512,2,868,2,1588,1,1523,3,1459,2,840,2,787,1,1488,1624,1645,1,1609,2,1613,1,1654,2,1651,1,1529,2,1558,2,1573,2,1708,1,1422,2,772,2,849,1642
,11:09:04,37,1535,2,1469,3,1554,2,1619,2,1562,2,1390,2,1550,2,1462,2,1443,2,1352,3,882,1,1606,2,1426,2,1386,2,1175,1,1380,2,1586,2,1589,2,1414,2,1480,2,817,2,1457,2,1308,2,1573,1704,1552,1,1553,2,1498,2,818,2,1510,1,866,2,1592,2,1524,2,1456,2,839,1,794,3,1497,1621,1648,2,1607,2,1614,2,1643,2,1649,2,1522,2,1563,2,1566,2,1703,2,1428,2,771,2,851,1648
,11:13:04,37,1540,2,1463,2,1545,2,1608,2,1565,2,1399,2,1558,2,1444,2,1441,2,1348,2,887,2,1607,2,1414,1,1375,2,1171,2,1383,1,1591,2,1595,2,1412,2,1471,2,813,2,1460,2,1316,2,1566,1694,1546,2,1548,2,1502,2,818,2,1512,2,869,2,1585,2,1526,3,1460,2,835,1,792,2,1490,1619,1648,2,1619,2,1614,2,1656,1,1657,2,1535,2,1558,2,1570,2,1702,1,1417,2,771,2,853,1642
,11:17:04,37,1537,1,1468,2,1550,2,1618,3,1557,2,1388,2,1554,2,1460,3,1451,2,1353,2,884,2,1610,2,1416,2,1380,2,1169,1,1384,2,1594,2,1588,2,1404,1,1469,3,816,2,1455,2,1313,2,1567,1698,1550,2,1542,2,1494,2,818,1,1503,2,861,2,1585,1,1518,2,1459,2,841,2,791,1,1492,1630,1647,1,1609,2,1613,2,1646,2,1653,2,1536,2,1561,2,1575,2,1714,2,1415,2,773,3,849,1642
,11:21:04,37,1534,2,1464,2,1547,2,1604,2,1558,3,1385,2,1557,2,1448,2,1445,2,1344,2,882,3,1597,2,1414,1,1377,2,1168,2,1381,2,1587,1,1592,1,1409,2,1466,2,812,2,1464,2,1309,3,1569,1693,1550,2,1546,2,1504,2,817,2,1498,1,860,2,1587,2,1528,2,1458,2,842,1,793,2,1487,1621,1647,1,1605,2,1609,1,1644,1,1653,2,1531,2,1555,2,1570,2,1700,2,1415,2,775,2,846,1640
,11:25:04,37,1535,2,1463,2,1547,3,1613,2,1562,2,1384,1,1556,2,1455,2,1441,1,1345,3,880,2,1613,2,1416,1,1385,1,1165,2,1376,1,1582,2,1583,2,1401,3,1470,2,812,2,1456,2,1311,2,1573,1695,1544,2,1544,2,1501,2,817,2,1504,2,861,2,1582,1,1520,2,1453,2,838,2,789,2,1491,1621,1649,2,1602,2,1609,1,1649,2,1647,2,1530,2,1556,2,1567,2,1699,2,1417,2,772,2,848,1638
,11:29:04,37,1542,1,1453,2,1550,2,1615,1,1561,2,1388,2,1554,3,1459,2,1440,2,1342,2,879,2,1608,2,1406,2,1384,2,1163,2,1382,2,1592,2,1586,2,1403,2,1464,1,814,2,1452,2,1307,2,1562,1696,1544,1,1539,2,1491,1,819,1,1503,2,860,2,1581,2,1522,2,1449,2,836,2,785,2,1488,1628,1651,2,1600,2,1609,2,1640,2,1648,2,1528,2,1561,2,1567,2,1707,2,1416,2,772,2,845,1634
,11:33:04,37,1533,2,1456,2,1540,2,1611,2,1558,2,1386,1,1558,2,1447,1,1438,2,1352,2,878,1,1603,2,1406,2,1378,2,1159,2,1376,2,1586,2,1587,1,1401,2,1461,2,812,2,1459,2,1308,2,1559,1703,1550,1,1541,2,1496,2,822,2,1494,2,863,2,1587,3,1520,2,1458,1,842,2,792,1,1491,1620,1647,1,1613,2,1609,2,1645,2,1646,2,1522,2,1554,2,1565,2,1706,2,1417,3,769,2,849,1637
,11:37:04,37,1533,1,1458,2,1543,2,1601,2,1559,2,1383,2,1550,2,1445,2,1438,2,1349,2,870,3,1614,3,1406,2,1380,2,1157,2,1376,2,1583,2,1588,2,1395,1,1467,1,809,2,1457,2,1298,2,1561,1697,1545,2,1543,2,1493,2,815,2,1505,2,858,2,1584,2,1518,2,1448,2,834,2,788,2,1487,1623,1644,2,1608,2,1607,2,1643,2,1652,1,1519,2,1551,2,1564,1,1703,2,1408,2,771,1,851,1641
,11:41:04,37,1532,3,1463,2,1544,2,1616,2,1557,2,1387,2,1553,2,1445,2,1435,2,1346,2,877,1,1609,2,1411,2,1375,2,1155,2,1376,2,1586,1,1581,2,1400,2,1464,2,808,2,1453,2,1292,3,1555,1691,1548,2,1541,1,1495,1,818,2,1499,2,863,2,1581,2,1518,3,1448,2,834,2,787,2,1476,1625,1645,2,1604,2,1606,1,1651,2,1647,2,1521,2,1556,2,1575,2,1706,2,1402,2,768,2,849,1639
,11:45:04,37,1530,2,1466,2,1541,2,1618,2,1559,1,1390,2,1553,2,1456,2,1444,2,1354,2,873,2,1597,3,1400,2,1367,2,1156,2,1377,2,1589,2,1580,2,1391,2,1465,1,810,2,1458,2,1299,2,1568,1687,1549,2,1535,2,1491,2,812,2,1508,2,856,2,1582,2,1525,2,1451,2,840,2,787,1,1480,1623,1655,2,1606,1,1599,2,1640,2,1650,2,1524,1,1556,2,1563,2,1709,2,1407,2,768,2,846,1635
,11:49:04,37,1539,2,1454,2,1547,2,1604,1,1560,1,1393,2,1555,2,1450,2,1438,2,1349,3,876,2,1606,2,1410,1,1374,2,1162,1,1378,2,1582,2,1589,2,1398,2,1459,2,812,2,1454,2,1300,2,1555,1698,1543,2,1542,1,1495,2,820,1,1509,2,857,2,1587,1,1519,2,1449,2,839,2,789,2,1490,1618,1648,2,1606,2,1604,2,1648,2,1647,2,1518,2,1560,2,1567,2,1701,2,1399,2,770,2,847,1637
,11:53:04,37,1528,1,1463,2,1544,2,1608,2,1554,2,1391,2,1548,2,1455,2,1442,2,1347,2,873,2,1603,2,1406,2,1369,2,1151,2,1374,2,1585,2,1582,2,1396,2,1457,2,813,2,1452,2,1299,2,1572,1695,1535,2,1537,2,1494,1,814,1,1504,2,854,2,1587,2,1517,1,1452,2,839,2,790,3,1485,1618,1648,2,1608,2,1607,2,1643,2,1651,2,1516,2,1551,2,1556,2,1706,2,1413,1,770,2,846,1636
,11:57:04,37.1,1534,3,1458,2,1544,2,1598,2,1551,1,1385,2,1556,2,1448,2,1427,2,1348,2,874,2,1607,2,1411,2,1360,2,1146,2,1370,2,1579,1,1585,2,1389,3,1453,3,813,2,1455,2,1294,2,1555,1693,1545,2,1539,2,1488,2,816,1,1504,2,856,2,1568,2,1516,2,1447,2,841,2,793,2,1478,1634,1636,1,1609,1,1603,1,1644,2,1645,2,1517,2,1551,2,1561,2,1701,1,1399,2,768,2,846,1638
,12:01:04,37,1531,2,1451,2,1547,2,1606,2,1555,2,1380,1,1547,2,1452,2,1431,2,1342,3,869,3,1611,2,1402,2,1371,2,1147,2,1372,2,1578,2,1575,2,1393,2,1457,2,811,2,1449,2,1299,2,1556,1696,1539,1,1538,2,1483,2,819,3,1496,2,852,2,1579,1,1521,2,1445,2,841,2,790,2,1480,1618,1639,2,1601,2,1614,1,1639,2,1645,1,1517,3,1549,2,1557,2,1700,2,1392,2,768,2,850,1628
,12:05:04,37,1531,2,1457,2,1539,2,1603,2,1553,1,1390,2,1554,2,1450,3,1435,2,1348,1,865,2,1602,2,1398,1,1361,2,1143,2,1371,1,1575,2,1578,2,1393,2,1457,2,809,2,1448,2,1294,2,1553,1697,1539,2,1537,2,1485,2,813,2,1509,2,854,2,1580,2,1525,2,1442,2,836,3,792,2,1480,1618,1637,2,1596,1,1606,1,1647,2,1647,2,1511,2,1562,2,1559,2,1711,2,1402,2,768,2,845,1633
,12:09:04,37,1529,2,1461,1,1544,2,1607,2,1557,3,1386,2,1546,2,1444,2,1438,2,1350,2,863,2,1600,2,1398,2,1357,2,1146,2,1367,2,1580,2,1578,2,1391,2,1457,2,810,2,1449,3,1291,2,1553,1686,1536,2,1540,2,1484,2,816,1,1498,2,852,2,1582,1,1518,2,1434,1,842,2,788,2,1481,1614,1642,2,1602,2,1602,2,1645,2,1643,2,1516,2,1547,2,1561,1,1703,2,1399,2,766,2,846,1630
,12:13:04,36.9,1527,1,1452,2,1538,1,1609,2,1557,2,1380,2,1551,2,1449,2,1428,1,1347,3,866,2,1606,2,1389,2,1359,2,1146,1,1377,2,1576,2,1575,2,1388,2,1457,2,813,2,1446,2,1288,2,1553,1690,1537,2,1533,1,1488,2,820,2,1506,2,852,2,1578,2,1514,2,1446,2,836,2,793,2,1479,1609,1643,2,1604,1,1603,2,1647,2,1645,2,1516,1,1557,2,1559,2,1699,2,1399,2,768,2,842,1632
,12:17:04,37.1,1525,2,1453,2,1544,2,1605,2,1551,2,1383,2,1541,1,1451,2,1437,2,1351,2,863,2,1601,2,1399,2,1360,2,1139,2,1371,2,1577,2,1574,2,1388,2,1456,2,810,2,1450,2,1286,1,1546,1703,1538,2,1532,2,1482,2,819,2,1495,2,849,2,1587,1,1516,2,1449,2,836,2,792,2,1482,1622,1647,2,1601,1,1608,2,1654,2,1641,2,1516,1,1555,2,1572,2,1702,2,1395,2,768,2,844,1639
,12:21:04,37,1523,1,1455,1,1545,2,1604,2,1552,2,1386,2,1553,1,1448,2,1437,2,1340,2,872,2,1603,2,1390,2,1360,1,1133,2,1368,2,1583,2,1578,2,1385,1,1453,2,814,2,1450,2,1273,2,1547,1690,1536,2,1532,2,1486,1,813,2,1499,2,848,2,1573,2,1520,2,1437,2,835,2,794,2,1476,1611,1646,2,1602,2,1605,2,1644,2,1643,2,1510,2,1551,3,1553,2,1703,2,1387,2,768,1,849,1634
,12:25:04,37,1520,2,1447,2,1541,1,1610,2,1545,2,1378,2,1544,2,1450,1,1435,2,1348,2,866,2,1602,2,1390,1,1354,2,1132,2,1369,2,1577,2,1576,2,1389,2,1450,2,810,2,1443,1,1280,1,1553,1684,1530,2,1537,2,1487,2,812,2,1497,2,846,3,1585,1,1514,2,1437,2,838,2,786,2,1469,1609,1640,2,1601,2,1603,2,1643,2,1644,2,1506,1,1548,2,1558,2,1691,2,1392,2,764,2,853,1634
,12:29:04,37,1523,2,1455,2,1535,2,1600,2,1553,1,1382,2,1552,2,1456,2,1433,2,1344,2,859,1,1595,2,1402,2,1357,2,1132,2,1369,2,1577,2,1574,2,1386,2,1452,1,812,2,1443,2,1275,2,1553,1688,1533,2,1534,2,1484,1,821,2,1497,2,846,2,1580,2,1520,2,1434,2,838,2,791,2,1481,1617,1647,2,1609,2,1603,2,1641,1,1640,2,1512,3,1548,2,1563,2,1697,2,1387,2,768,2,842,1642
,12:33:04,37,1521,2,1456,2,1535,1,1596,2,1554,2,1381,3,1550,1,1453,1,1426,2,1346,2,857,2,1603,3,1390,2,1355,2,1131,2,1357,1,1570,2,1572,1,1383,1,1440,2,808,3,1445,2,1278,2,1548,1691,1529,2,1533,2,1477,2,820,1,1505,2,840,2,1583,2,1520,2,1435,2,836,2,791,2,1463,1618,1641,2,1604,3,1605,2,1643,2,1641,2,1504,2,1550,2,1567,2,1703,1,1383,1,766,2,847,1629
,12:37:04,37,1520,2,1457,2,1533,2,1606,2,1556,2,1380,2,1548,2,1448,2,1429,2,1354,2,858,2,1600,2,1391,2,1346,2,1130,2,1369,2,1569,2,1572,2,1381,2,1455,2,810,2,1442,1,1271,2,1551,1692,1532,1,1528,2,1480,2,821,2,1501,2,844,2,1584,2,1516,2,1433,1,839,2,794,2,1468,1617,1645,2,1606,2,1606,1,1644,2,1642,2,1514,2,1560,2,1562,2,1710,2,1379,2,771,2,846,1631
,12:41:04,37,1516,2,1449,2,1540,2,1607,2,1553,2,1372,1,1556,2,1447,2,1434,2,1349,2,859,2,1600,1,1387,2,1345,2,1122,2,1366,2,1573,2,1574,1,1380,1,1451,2,812,2,1446,2,1268,2,1547,1689,1531,2,1530,2,1490,1,816,2,1497,2,840,2,1575,2,1517,1,1433,2,833,1,793,2,1469,1628,1644,2,1603,3,1605,1,1639,2,1647,1,1512,3,1552,2,1562,2,1698,2,1383,2,771,2,848,1639
,12:45:04,37,1517,1,1449,2,1529,2,1608,2,1546,2,1373,2,1551,1,1454,2,1431,2,1344,1,855,2,1598,2,1389,2,1344,3,1129,1,1362,2,1571,2,1565,2,1382,2,1440,1,810,3,1440,2,1271,2,1552,1704,1539,1,1532,2,1480,2,817,2,1497,2,843,1,1575,2,1522,2,1437,2,837,2,788,2,1472,1614,1645,2,1607,1,1604,2,1640,2,1641,2,1513,2,1548,2,1565,2,1706,2,1377,2,767,2,851,1638
,12:49:04,37,1520,1,1449,2,1537,2,1605,1,1551,1,1381,2,1545,2,1453,2,1433,3,1349,2,861,2,1600,2,1394,1,1345,2,1124,2,1359,2,1588,2,1563,2,1381,2,1443,2,810,2,1439,2,1276,2,1547,1694,1532,2,1522,2,1475,2,817,2,1498,2,840,2,1571,2,1514,2,1430,2,845,1,791,2,1471,1614,1648,2,1603,2,1613,1,1651,2,1641,2,1512,2,1546,2,1562,2,1696,2,1379,2,769,2,843,1636
,12:53:04,37,1521,2,1450,2,1534,2,1605,2,1548,2,1379,2,1543,2,1452,2,1426,2,1344,2,859,2,1605,2,1387,1,1345,2,1123,2,1363,2,1575,3,1562,2,1379,2,1438,3,807,2,1450,2,1266,2,1543,1685,1534,2,1530,2,1480,2,816,2,1503,2,841,2,1575,2,1525,2,1434,1,834,2,790,3,1467,1623,1638,2,1605,2,1601,2,1644,3,1643,2,1507,2,1547,2,1561,2,1693,2,1375,2,770,3,846,1634
,12:57:04,37,1519,1,1452,2,1535,2,1605,2,1550,2,1376,2,1549,2,1451,2,1434,2,1343,2,855,2,1608,2,1388,2,1342,2,1121,2,1367,2,1567,1,1561,2,1373,2,1438,2,809,2,1441,1,1269,2,1543,1703,1532,2,1524,2,1479,2,818,2,1498,2,836,2,1577,2,1519,2,1426,2,840,2,792,2,1472,1611,1641,2,1606,2,1602,2,1647,2,1636,2,1510,2,1549,3,1564,2,1693,2,1377,2,770,2,845,1634
,13:01:04,37,1521,2,1445,2,1529,2,1608,2,1550,2,1380,2,1546,2,1446,2,1426,2,1338,1,856,2,1599,2,1387,2,1345,2,1120,2,1364,2,1560,2,1560,1,1374,2,1444,2,807,1,1438,2,1262,2,1540,1686,1531,1,1523,2,1473,2,816,2,1491,2,837,2,1564,1,1518,1,1422,2,833,2,794,3,1453,1615,1644,2,1597,2,1604,2,1647,2,1640,2,1498,2,1542,2,1563,2,1704,2,1377,2,768,2,850,1633
,13:05:04,37,1517,2,1448,2,1532,3,1602,2,1549,1,1375,2,1553,2,1456,2,1430,2,1341,3,853,2,1596,2,1382,2,1340,2,1119,1,1364,2,1561,2,1569,1,1376,2,1439,1,811,2,1437,2,1259,2,1537,1685,1539,1,1520,1,1465,2,814,1,1499,2,838,2,1577,2,1511,2,1421,2,838,1,792,2,1460,1614,1646,1,1600,2,1607,2,1639,2,1641,2,1500,2,1553,2,1561,2,1701,2,1378,1,770,2,847,1628
,13:09:04,36.9,1511,2,1448,1,1532,2,1605,2,1553,2,1376,3,1550,2,1446,2,1426,2,1343,1,850,2,1590,2,1384,2,1341,2,1121,2,1368,2,1563,2,1560,2,1371,2,1441,2,809,2,1440,3,1262,2,1539,1687,1534,2,1513,1,1473,2,818,2,1497,2,835,2,1573,2,1512,2,1427,2,831,3,787,1,1463,1613,1637,2,1598,2,1606,2,1649,2,1644,1,1504,2,1544,2,1556,2,1689,2,1372,2,765,2,846,1626
,13:13:04,37,1505,2,1445,1,1529,2,1606,2,1553,2,1380,2,1549,2,1452,2,1426,2,1339,2,848,2,1605,2,1383,1,1333,2,1109,1,1358,3,1565,2,1564,2,1372,2,1435,2,807,2,1437,1,1255,2,1541,1681,1534,2,1518,2,1478,1,815,2,1493,1,833,2,1576,2,1514,3,1420,2,843,2,787,2,1457,1615,1647,2,1599,2,1602,2,1649,2,1645,2,1506,2,1551,2,1559,2,1701,2,1368,3,767,2,846,1632
,13:17:04,37,1505,2,1444,1,1534,2,1592,2,1544,2,1384,2,1543,2,1441,2,1430,2,1346,2,850,2,1603,2,1375,2,1335,2,1106,2,1361,2,1563,1,1556,1,1369,1,1443,2,807,2,1431,1,1257,2,1541,1690,1532,2,1519,3,1469,2,819,2,1490,2,834,2,1572,2,1522,2,1420,2,843,1,790,2,1460,1614,1641,1,1602,2,1602,1,1651,2,1640,2,1500,2,1548,2,1563,2,1695,2,1374,1,772,1,842,1631
,13:21:04,37,1518,2,1448,2,1523,2,1599,2,1549,2,1378,2,1541,2,1446,2,1430,2,1338,2,845,2,1606,2,1380,2,1335,2,1110,2,1363,2,1567,1,1556,2,1366,2,1432,2,815,1,1433,2,1256,3,1536,1688,1535,2,1515,1,1469,2,813,2,1491,2,833,2,1573,2,1516,1,1423,1,839,1,793,2,1456,1618,1641,2,1606,2,1609,1,1641,2,1641,2,1497,2,1539,2,1560,1,1696,2,1366,2,769,2,848,1631
,13:25:04,37,1510,2,1433,2,1535,2,1601,2,1542,2,1376,2,1550,2,1449,3,1430,2,1334,2,850,2,1604,2,1380,2,1329,2,1107,2,1355,2,1559,2,1557,2,1363,2,1435,2,815,2,1437,2,1249,2,1537,1693,1524,2,1518,1,1471,2,818,2,1494,1,831,3,1566,2,1513,2,1421,2,839,2,789,2,1454,1612,1641,2,1593,2,1603,2,1647,3,1643,2,1500,2,1541,2,1563,2,1706,2,1364,2,770,2,847,1623
,13:29:04,37,1504,2,1445,2,1525,1,1602,2,1547,2,1371,2,1541,3,1449,2,1420,2,1342,2,848,3,1593,2,1374,2,1330,2,1108,2,1358,2,1553,2,1551,2,1365,2,1433,2,812,1,1424,2,1255,2,1540,1689,1521,2,1512,2,1476,1,814,2,1489,2,833,2,1568,2,1520,2,1410,2,834,2,791,2,1452,1619,1639,2,1599,2,1608,2,1646,2,1639,2,1507,2,1550,2,1563,2,1697,2,1363,2,770,2,846,1628
,13:33:04,37.1,1506,2,1438,2,1529,2,1603,2,1550,2,1373,1,1543,2,1452,2,1421,2,1341,2,846,1,1595,2,1370,2,1330,1,1101,2,1357,2,1572,2,1561,2,1365,2,1439,1,811,3,1433,2,1253,1,1538,1687,1519,2,1513,2,1470,2,816,2,1497,2,830,2,1571,2,1513,2,1408,2,842,2,790,2,1455,1620,1645,2,1593,2,1606,2,1644,2,1640,2,1488,2,1552,2,1560,1,1707,2,1369,2,765,2,846,1629
,13:37:04,37,1510,2,1440,2,1526,3,1610,2,1550,2,1374,2,1544,2,1449,2,1422,2,1337,2,841,2,1600,2,1377,2,1330,1,1099,2,1353,2,1556,2,1556,2,1363,2,1440,3,808,2,1432,1,1252,2,1540,1684,1523,2,1514,2,1473,2,819,2,1483,2,827,2,1571,2,1516,2,1410,2,838,2,787,2,1447,1612,1642,2,1609,2,1608,2,1639,2,1640,2,1500,2,1550,2,1560,2,1703,2,1364,3,773,2,843,1635
,13:41:04,37,1500,2,1439,1,1535,2,1605,2,1550,2,1369,2,1543,2,1447,2,1430,2,1344,2,844,2,1597,2,1376,2,1322,2,1102,1,1356,2,1564,2,1557,2,1365,1,1434,2,807,1,1433,2,1242,2,1531,1690,1523,1,1510,2,1472,2,817,2,1496,2,826,2,1576,2,1514,2,1412,2,843,2,785,2,1448,1614,1649,2,1597,2,1605,2,1636,2,1638,1,1490,2,1545,3,1564,2,1696,2,1361,2,772,2,845,1629
,13:45:04,37,1509,2,1441,2,1517,2,1603,2,1551,2,1377,2,1544,2,1445,2,1423,2,1345,2,846,1,1594,2,1375,2,1324,2,1096,2,1361,2,1561,2,1552,2,1363,2,1433,1,809,1,1429,3,1247,2,1531,1683,1526,2,1509,2,1470,2,817,2,1489,2,823,2,1571,2,1514,2,1407,2,840,2,787,1,1441,1622,1641,2,1605,2,1601,2,1641,2,1647,2,1493,2,1552,3,1558,2,1696,3,1365,3,770,2,844,1623
,13:49:04,37,1499,2,1435,2,1525,2,1601,2,1543,1,1373,2,1537,1,1450,2,1418,3,1338,2,843,3,1593,2,1375,2,1330,2,1097,1,1356,2,1546,2,1546,2,1357,1,1421,2,805,2,1429,3,1239,2,1522,1693,1523,2,1515,1,1462,2,815,2,1491,1,824,2,1566,1,1506,2,1402,2,844,2,788,2,1439,1622,1635,2,1595,2,1598,2,1637,2,1633,2,1492,2,1545,2,1554,2,1705,2,1356,2,763,2,841,1629
,13:53:04,37,1505,1,1428,2,1526,2,1603,1,1548,2,1373,2,1538,2,1447,3,1418,1,1339,3,842,2,1597,2,1368,2,1321,2,1096,2,1357,1,1556,2,1543,2,1356,2,1425,2,809,2,1430,2,1246,2,1528,1686,1528,2,1503,3,1464,1,816,2,1490,2,826,2,1568,2,1517,1,1402,2,837,2,786,2,1440,1619,1636,2,1592,1,1602,2,1641,2,1638,2,1487,3,1544,2,1554,3,1701,2,1353,2,766,2,845,1627
,13:57:04,37,1497,2,1438,2,1522,2,1598,2,1549,2,1366,2,1537,2,1453,2,1423,2,1334,2,840,2,1600,2,1372,2,1322,2,1091,2,1359,3,1549,2,1548,2,1354,2,1419,2,809,2,1425,3,1236,3,1527,1681,1519,2,1500,2,1462,2,821,2,1492,2,822,3,1570,2,1521,2,1401,2,834,2,787,1,1439,1607,1637,1,1597,2,1601,2,1644,2,1638,2,1487,2,1541,2,1563,2,1703,2,1354,2,768,2,841,1626
,14:01:04,37,1498,2,1437,2,1517,2,1591,2,1544,2,1374,2,1540,2,1446,2,1421,2,1337,2,842,1,1592,2,1368,2,1315,2,1087,2,1358,2,1548,3,1547,2,1357,1,1433,2,811,2,1430,2,1235,2,1524,1689,1522,2,1497,1,1470,2,815,2,1490,2,825,1,1568,2,1512,2,1399,2,836,2,787,2,1446,1615,1644,1,1596,2,1603,1,1643,2,1636,1,1489,2,1547,2,1566,2,1692,2,1363,2,771,1,841,1631
,14:05:04,37,1493,2,1433,2,1522,1,1595,2,1548,2,1364,2,1540,2,1452,2,1422,2,1339,2,841,2,1592,2,1370,2,1316,1,1090,2,1352,2,1551,2,1547,2,1352,2,1424,2,806,2,1433,2,1234,2,1523,1683,1515,2,1500,1,1464,1,811,2,1481,2,823,2,1573,2,1510,2,1394,2,838,1,787,2,1439,1616,1646,2,1596,1,1602,2,1645,2,1634,3,1486,2,1542,2,1561,2,1699,2,1356,2,762,2,841,1628
,14:09:04,37,1496,1,1427,2,1527,2,1600,2,1539,2,1371,2,1545,2,1440,2,1423,2,1338,2,839,2,1599,2,1368,2,1316,2,1082,2,1352,2,1554,2,1541,1,1351,2,1421,2,809,2,1434,2,1231,2,1535,1689,1517,2,1496,2,1457,2,813,2,1486,2,825,2,1569,2,1518,1,1391,2,834,2,786,2,1434,1613,1636,2,1600,2,1597,1,1636,2,1632,2,1485,2,1541,2,1557,2,1702,2,1347,2,766,2,844,1633
,14:13:04,37,1497,2,1421,2,1516,2,1591,2,1545,2,1363,2,1538,2,1448,1,1418,2,1337,2,839,2,1592,2,1363,2,1315,2,1082,1,1352,2,1549,3,1533,2,1353,2,1419,1,808,2,1427,1,1229,1,1517,1683,1517,1,1501,2,1465,2,816,1,1485,2,821,1,1565,2,1508,2,1397,2,846,1,790,2,1430,1615,1637,2,1600,1,1603,2,1640,2,1637,2,1484,3,1541,2,1553,2,1694,3,1345,2,771,2,848,1624
,14:17:04,37,1496,2,1431,2,1519,2,1597,2,1550,1,1365,2,1540,1,1445,2,1417,2,1337,2,837,2,1602,2,1366,2,1315,1,1084,2,1355,2,1554,3,1538,2,1348,2,1418,2,807,1,1421,2,1222,2,1518,1693,1519,1,1496,3,1459,1,817,2,1490,2,820,1,1562,2,1511,2,1396,3,839,2,787,2,1429,1612,1633,2,1594,2,1605,2,1644,1,1636,2,1491,2,1550,2,1554,1,1698,2,1348,2,763,2,846,1628
,14:21:04,37.1,1495,2,1421,2,1520,2,1601,2,1542,2,1369,2,1536,2,1443,2,1417,2,1338,2,835,3,1590,2,1370,1,1309,2,1082,2,1350,2,1552,2,1531,2,1343,2,1425,2,810,3,1420,2,1218,2,1514,1685,1512,2,1501,1,1466,2,817,2,1489,2,823,2,1557,2,1508,2,1391,2,841,1,789,3,1427,1618,1644,2,1606,2,1604,3,1641,1,1638,2,1477,2,1544,3,1548,3,1701,2,1343,1,764,2,842,1625
,14:25:04,37,1484,1,1425,2,1513,1,1593,2,1538,2,1370,1,1546,2,1442,1,1416,2,1337,2,841,2,1602,2,1366,1,1305,2,1082,2,1353,2,1550,2,1528,1,1345,2,1419,2,807,2,1418,1,1218,2,1517,1685,1523,3,1493,2,1464,2,814,2,1484,1,821,2,1567,2,1512,2,1386,2,840,1,789,2,1423,1611,1645,2,1592,2,1602,2,1641,2,1637,2,1482,2,1546,2,1557,2,1697,2,1346,2,767,2,846,1628
,14:29:04,37,1498,2,1420,2,1518,2,1599,2,1545,2,1366,2,1543,2,1443,1,1419,2,1335,2,839,3,1596,2,1354,1,1309,2,1079,2,1349,2,1545,2,1522,2,1339,2,1419,2,803,3,1419,2,1217,2,1520,1687,1515,1,1488,2,1456,2,817,2,1485,2,818,2,1562,2,1507,2,1386,2,836,2,786,3,1427,1616,1632,2,1601,1,1598,2,1641,2,1640,2,1474,2,1536,2,1559,1,1694,2,1338,2,765,1,846,1620
,14:33:04,37.1,1488,1,1429,2,1525,2,1592,2,1546,2,1360,2,1537,2,1443,2,1417,2,1339,2,840,2,1585,2,1363,2,1305,1,1072,2,1349,2,1543,2,1536,2,1343,2,1419,2,811,2,1419,2,1212,2,1514,1686,1512,2,1484,2,1461,2,813,2,1489,2,817,2,1562,2,1505,1,1385,2,835,1,786,2,1424,1612,1633,2,1600,2,1597,1,1633,2,1638,2,1478,2,1540,2,1547,2,1698,2,1335,2,765,2,846,1624
,14:37:04,37,1491,1,1426,2,1507,2,1594,2,1541,2,1372,2,1536,2,1443,3,1422,2,1337,2,831,2,1597,2,1354,2,1299,1,1076,2,1349,2,1542,2,1528,2,1338,2,1418,1,809,2,1419,2,1219,1,1515,1683,1506,1,1483,2,1460,2,819,2,1480,2,822,2,1563,2,1509,2,1386,2,837,2,784,2,1422,1610,1633,2,1597,2,1600,3,1643,2,1629,2,1483,2,1542,3,1549,2,1696,2,1334,2,761,2,843,1625
,14:41:04,37,1478,2,1420,2,1512,2,1596,2,1538,2,1372,1,1534,2,1443,2,1413,2,1334,2,837,3,1592,2,1356,2,1302,1,1076,2,1357,3,1545,2,1531,2,1338,2,1420,3,806,1,1416,2,1221,2,1507,1679,1513,2,1487,2,1453,1,821,2,1480,2,819,2,1568,2,1505,2,1381,2,843,2,790,2,1426,1615,1631,2,1588,2,1601,2,1634,1,1632,2,1470,2,1541,3,1552,2,1697,2,1330,2,766,2,844,1626
,14:45:04,37,1477,1,1422,3,1506,2,1601,2,1534,2,1366,2,1538,2,1452,2,1410,2,1334,2,834,2,1591,2,1361,2,1298,2,1072,2,1349,2,1551,1,1528,2,1338,2,1415,2,806,1,1418,2,1211,2,1509,1677,1513,2,1481,2,1451,1,822,1,1483,1,810,2,1559,1,1512,1,1380,2,833,2,784,2,1416,1612,1629,2,1595,2,1601,2,1637,2,1635,2,1465,2,1537,2,1552,2,1691,2,1339,2,774,1,841,1618
,14:49:04,37,1480,2,1421,2,1506,2,1598,2,1541,2,1364,1,1536,1,1445,2,1418,3,1331,2,838,2,1594,2,1359,2,1300,2,1070,2,1345,2,1532,2,1526,1,1338,2,1414,1,815,1,1410,2,1205,2,1500,1679,1506,2,1486,1,1451,2,816,2,1485,2,819,2,1575,2,1514,2,1387,2,836,2,784,2,1420,1609,1632,2,1602,1,1604,2,1641,1,1633,2,1470,2,1547,2,1551,1,1695,2,1326,2,768,2,846,1627
,14:53:04,37,1479,2,1420,2,1512,1,1586,2,1540,1,1363,2,1545,2,1437,3,1411,2,1334,2,834,2,1591,2,1351,1,1297,2,1062,2,1344,2,1544,2,1521,3,1331,1,1416,2,810,1,1416,2,1202,2,1509,1691,1512,2,1480,2,1449,1,816,1,1487,2,814,2,1554,2,1508,2,1376,2,839,2,790,2,1422,1610,1630,2,1583,2,1590,2,1632,2,1638,2,1473,2,1546,2,1549,2,1690,2,1330,2,761,2,840,1627
,14:57:04,37.1,1485,2,1418,2,1504,2,1598,1,1538,2,1368,2,1541,2,1443,2,1420,2,1342,2,835,2,1585,2,1357,2,1300,2,1065,2,1344,2,1539,1,1522,2,1333,2,1411,2,809,3,1419,2,1204,2,1502,1686,1519,2,1479,3,1451,2,818,2,1491,2,817,2,1562,2,1512,2,1366,2,841,2,787,2,1419,1618,1631,2,1588,2,1598,1,1638,2,1642,2,1469,2,1549,3,1552,2,1694,2,1326,2,763,2,845,1612
,15:01:04,37,1476,2,1412,2,1509,2,1596,1,1538,2,1358,2,1535,2,1438,2,1414,2,1330,2,831,2,1587,2,1360,2,1290,1,1064,2,1343,2,1537,2,1515,2,1330,2,1413,2,803,2,1405,2,1199,2,1499,1683,1502,2,1479,2,1445,1,815,2,1478,2,812,1,1559,2,1513,2,1370,2,836,2,789,3,1401,1615,1640,2,1590,2,1589,2,1644,2,1640,2,1466,2,1536,2,1546,2,1693,1,1331,2,765,2,843,1619
,,,,,,,,,,,,,,,,,,,,,,,,,,,,,,,,,,,,,,,,,,,,,,,,,,,,,,,,,,,,,,,,,,,,,,,,,,,,,,,,,,,,,,,,,,,,,,,,,,
"485,610",,,,,,,,,,,,,,,,,,,,,,,,,,,,,,,,,,,,,,,,,,,,,,,,,,,,,,,,,,,,,,,,,,,,,,,,,,,,,,,,,,,,,,,,,,,,,,,,,,
,,,,,,,,,,,,,,,,,,,,,,,,,,,,,,,,,,,,,,,,,,,,,,,,,,,,,,,,,,,,,,,,,,,,,,,,,,,,,,,,,,,,,,,,,,,,,,,,,,
,Time,"T° 485,610",I1,I2,I3,I4,I5,I6,I7,I8,I9,I10,I11,I12,I13,I14,I15,I16,I17,I18,I19,I20,I21,I22,I23,I24,J1,J2,J3,J4,J5,J6,J7,J8,J9,J10,J11,J12,J13,J14,J15,J16,J17,J18,J19,J20,J21,J22,J23,J24,K1,K2,K3,K4,K5,K6,K7,K8,K9,K10,K11,K12,K13,K14,K15,K16,K17,K18,K19,K20,K21,K22,K23,K24,L1,L2,L3,L4,L5,L6,L7,L8,L9,L10,L11,L12,L13,L14,L15,L16,L17,L18,L19,L20,L21,L22,L23,L24
,0:01:04,37,1275,2,1257,2,1259,2,1271,2,1357,2,1268,2,1246,2,1265,2,1322,2,1440,2,1378,2,1369,2,1427,2,1545,2,1528,2,1436,2,1548,2,1574,3,1553,2,1548,2,1578,2,1585,2,1483,2,1550,2,1466,2,1368,2,1541,2,1552,2,1418,2,1526,1,1594,2,1605,2,1627,2,1586,1,1485,2,1562,2,1481,2,1440,2,1479,2,1569,2,1595,2,1603,2,1566,2,1566,2,1593,2,1583,2,1592,2,1545,2
,0:05:04,37,1252,2,1252,2,1249,2,1262,2,1340,2,1267,1,1236,2,1260,2,1311,2,1428,2,1370,2,1349,2,1389,2,1524,2,1500,2,1433,2,1520,2,1544,2,1526,2,1532,2,1572,2,1563,2,1465,2,1526,2,1441,2,1363,2,1523,2,1555,3,1405,2,1511,2,1573,2,1578,2,1594,2,1569,2,1471,2,1525,1,1460,2,1450,2,1481,2,1551,2,1572,2,1569,2,1555,2,1546,2,1566,2,1552,2,1583,2,1530,2
,0:09:04,37,1228,2,1233,1,1229,2,1249,1,1320,2,1247,2,1224,2,1252,2,1293,2,1396,2,1349,2,1328,2,1369,1,1501,2,1482,1,1420,2,1508,1,1517,2,1505,2,1510,2,1549,2,1547,2,1448,2,1506,2,1402,2,1339,1,1507,2,1532,2,1393,2,1490,2,1550,2,1559,2,1566,2,1550,2,1450,2,1486,2,1458,2,1428,2,1472,2,1517,2,1538,2,1543,2,1540,2,1534,2,1549,2,1534,2,1561,1,1507,2
,0:13:04,37,1221,2,1222,2,1215,2,1237,2,1311,1,1232,2,1213,2,1237,2,1288,2,1377,2,1340,2,1301,2,1353,2,1476,1,1466,1,1393,2,1486,2,1500,2,1482,2,1492,2,1531,2,1534,1,1432,2,1493,2,1382,2,1324,2,1477,2,1507,2,1375,2,1479,2,1540,2,1530,2,1547,2,1521,2,1436,2,1467,2,1459,2,1399,2,1466,1,1491,2,1513,2,1530,2,1519,3,1503,2,1535,2,1511,2,1542,2,1482,2
,0:17:04,37,1205,2,1206,2,1210,2,1221,2,1299,2,1223,2,1209,2,1225,2,1271,2,1357,1,1321,2,1299,1,1348,2,1454,1,1444,2,1385,2,1471,2,1479,2,1464,2,1475,2,1513,2,1510,2,1410,2,1478,2,1369,2,1315,2,1457,1,1492,2,1366,2,1457,2,1511,2,1518,2,1527,2,1507,1,1421,2,1462,1,1450,1,1389,2,1446,2,1481,1,1501,2,1500,2,1500,2,1473,2,1500,2,1495,2,1529,2,1475,1
,0:21:04,37,1207,2,1202,2,1195,2,1210,2,1280,2,1213,2,1189,2,1224,2,1263,2,1355,2,1311,2,1284,2,1348,2,1449,2,1434,2,1372,2,1455,2,1460,2,1456,2,1461,2,1501,2,1496,2,1405,2,1476,2,1364,2,1306,2,1453,2,1474,2,1356,2,1436,2,1498,2,1508,1,1518,3,1501,2,1411,2,1434,2,1444,1,1377,2,1436,2,1462,2,1480,3,1488,2,1484,2,1467,2,1498,2,1476,2,1515,2,1464,2
,0:25:04,37,1210,2,1204,2,1196,2,1207,2,1276,2,1202,2,1186,3,1211,2,1257,2,1338,2,1301,1,1281,2,1348,2,1442,2,1422,2,1365,2,1446,1,1456,2,1452,2,1461,2,1494,3,1494,2,1397,2,1455,1,1354,2,1292,2,1434,2,1474,2,1339,2,1433,2,1492,2,1503,2,1505,2,1485,2,1405,2,1448,2,1441,1,1381,2,1429,2,1448,2,1457,2,1476,2,1479,2,1457,2,1482,2,1465,2,1505,2,1455,2
,0:29:04,37,1199,2,1194,2,1191,2,1201,2,1272,2,1198,2,1182,2,1203,2,1249,2,1340,2,1295,2,1272,2,1342,2,1427,2,1416,2,1358,1,1429,2,1445,2,1447,2,1449,2,1491,2,1484,2,1390,2,1448,2,1360,2,1295,2,1436,2,1460,3,1341,2,1435,2,1477,2,1486,2,1501,2,1481,2,1397,2,1435,2,1436,2,1365,2,1416,2,1448,2,1457,2,1468,2,1470,2,1449,2,1475,3,1466,1,1502,2,1449,2
,0:33:04,37,1194,2,1190,1,1190,2,1196,1,1267,2,1193,2,1177,2,1203,2,1245,2,1338,2,1292,2,1274,2,1336,2,1432,1,1409,2,1354,2,1429,2,1430,1,1440,2,1451,2,1482,2,1471,1,1385,2,1441,2,1357,2,1293,2,1428,2,1450,2,1332,2,1425,2,1482,2,1490,1,1496,3,1466,2,1391,2,1439,2,1433,2,1369,2,1415,2,1438,2,1449,2,1464,2,1462,2,1445,2,1467,2,1455,2,1496,1,1443,2
,0:37:04,37,1194,2,1190,2,1181,2,1190,2,1260,1,1198,2,1172,2,1197,2,1248,2,1329,2,1292,2,1274,2,1338,2,1433,2,1409,2,1354,2,1425,2,1442,2,1430,1,1442,2,1482,2,1475,2,1388,2,1443,2,1357,1,1294,2,1420,2,1444,2,1336,2,1431,2,1471,2,1487,2,1498,2,1468,1,1387,2,1428,2,1438,2,1370,2,1418,2,1425,2,1446,3,1465,2,1469,2,1458,2,1471,2,1458,1,1485,2,1446,2
,0:41:04,37,1193,2,1185,2,1182,1,1190,2,1259,2,1203,2,1167,2,1206,2,1239,2,1321,2,1282,2,1269,2,1329,2,1422,1,1406,2,1349,2,1422,2,1437,2,1431,2,1450,2,1471,2,1468,2,1389,2,1445,2,1357,1,1287,2,1428,1,1445,2,1324,2,1422,2,1475,2,1490,1,1488,2,1467,2,1384,1,1432,2,1427,2,1368,2,1410,2,1432,2,1448,2,1459,2,1454,2,1445,2,1463,3,1461,3,1493,2,1447,2
,0:45:04,37,1194,2,1192,1,1181,2,1198,2,1270,1,1201,2,1169,2,1197,2,1240,2,1324,2,1285,2,1266,2,1334,2,1427,2,1402,1,1349,2,1426,2,1436,2,1436,2,1438,2,1475,2,1464,1,1386,2,1442,1,1355,1,1286,2,1421,2,1453,2,1327,2,1414,2,1476,3,1488,2,1490,2,1465,2,1387,2,1441,2,1426,2,1366,2,1406,2,1427,2,1439,1,1452,2,1451,2,1448,2,1474,3,1456,2,1494,2,1445,1
,0:49:04,37,1193,2,1183,2,1179,2,1196,1,1259,3,1196,2,1172,1,1194,2,1251,2,1320,2,1278,2,1271,2,1332,2,1430,2,1410,2,1350,2,1426,3,1433,2,1439,2,1438,2,1467,1,1465,2,1379,2,1441,2,1360,2,1286,1,1416,2,1445,2,1333,1,1425,3,1459,2,1487,2,1493,2,1470,2,1381,1,1429,2,1441,1,1366,1,1413,2,1433,2,1442,2,1457,2,1458,1,1438,2,1452,2,1452,2,1497,2,1447,1
,0:53:04,37,1202,1,1194,2,1174,2,1194,2,1265,2,1194,2,1166,1,1201,2,1243,2,1326,2,1290,2,1265,2,1339,2,1430,2,1404,1,1349,2,1428,2,1432,2,1431,1,1435,2,1474,2,1465,2,1385,2,1445,2,1362,1,1282,2,1421,2,1448,2,1329,2,1423,2,1461,2,1490,2,1492,2,1462,2,1393,2,1428,2,1435,2,1374,2,1409,2,1430,2,1447,2,1453,2,1455,2,1436,3,1455,2,1460,1,1494,2,1444,2
,0:57:04,37,1195,2,1182,2,1179,2,1199,2,1261,2,1190,2,1168,1,1196,2,1243,2,1328,2,1290,2,1268,2,1337,2,1431,2,1405,2,1347,2,1431,2,1434,2,1434,3,1439,2,1462,2,1457,2,1379,2,1439,2,1366,1,1282,2,1422,1,1456,2,1328,2,1411,2,1463,2,1484,2,1491,1,1463,2,1382,2,1427,2,1427,2,1361,1,1408,2,1428,3,1441,2,1454,2,1458,2,1443,2,1459,2,1458,2,1502,2,1440,2
,1:01:04,37.1,1203,2,1189,2,1182,2,1189,2,1261,2,1197,2,1167,3,1201,2,1234,2,1319,2,1288,2,1266,2,1335,2,1425,2,1404,2,1354,2,1426,2,1427,2,1430,1,1437,2,1472,2,1468,2,1382,2,1439,2,1361,2,1285,2,1418,2,1444,2,1330,2,1413,2,1458,2,1479,2,1493,2,1465,2,1383,2,1426,2,1429,2,1361,1,1411,2,1424,2,1439,2,1458,2,1455,1,1443,2,1457,1,1451,2,1492,2,1441,2
,1:05:04,37,1192,2,1184,2,1177,2,1200,2,1264,2,1194,2,1174,2,1186,2,1230,2,1328,2,1285,2,1267,1,1335,2,1424,1,1408,1,1343,2,1420,2,1440,2,1432,2,1438,2,1471,2,1457,1,1383,2,1441,2,1363,2,1287,2,1418,2,1443,2,1324,2,1407,2,1464,2,1481,2,1488,2,1461,2,1376,2,1430,1,1433,2,1366,2,1406,2,1428,2,1445,2,1459,2,1454,2,1439,2,1459,2,1447,1,1496,1,1436,2
,1:09:04,37,1198,2,1190,2,1179,2,1194,2,1256,2,1196,2,1169,2,1193,2,1241,2,1320,2,1286,2,1271,2,1335,2,1436,2,1404,2,1349,2,1421,2,1430,2,1430,2,1434,2,1474,2,1462,2,1378,1,1433,1,1367,2,1289,2,1421,2,1445,3,1330,2,1419,2,1463,2,1475,2,1493,2,1460,2,1385,2,1432,2,1430,3,1366,2,1415,2,1437,2,1442,2,1454,1,1458,2,1450,1,1456,2,1457,2,1491,2,1445,2
,1:13:04,37,1191,1,1184,2,1181,1,1197,2,1268,2,1192,2,1168,2,1195,2,1243,2,1321,2,1290,2,1269,2,1340,2,1425,2,1410,2,1350,2,1432,2,1433,2,1435,2,1437,2,1472,2,1470,2,1381,2,1439,2,1370,1,1287,2,1413,1,1456,2,1323,2,1419,2,1467,2,1480,2,1496,2,1462,1,1389,2,1429,2,1431,2,1372,2,1406,2,1431,2,1447,2,1460,2,1453,2,1445,2,1462,2,1459,2,1498,1,1445,2
,1:17:04,37,1189,2,1192,2,1187,2,1193,2,1267,2,1191,2,1170,2,1197,2,1245,2,1320,2,1282,2,1271,2,1338,2,1433,2,1408,2,1345,2,1420,2,1435,2,1437,2,1438,2,1472,2,1465,2,1381,2,1447,1,1370,2,1290,2,1422,2,1446,2,1322,2,1412,2,1471,2,1484,2,1493,2,1461,2,1386,2,1432,2,1427,2,1361,2,1412,2,1436,2,1446,2,1469,2,1465,2,1443,2,1459,2,1457,2,1501,2,1452,2
,1:21:04,37,1190,2,1184,2,1182,2,1187,2,1260,2,1191,2,1166,2,1195,2,1246,2,1328,1,1281,2,1265,2,1332,2,1430,2,1407,2,1341,2,1419,2,1435,2,1432,2,1434,2,1474,2,1470,2,1383,3,1442,2,1365,1,1290,2,1423,2,1451,2,1329,2,1419,2,1466,2,1480,2,1491,1,1458,2,1388,2,1436,2,1426,2,1363,2,1410,2,1436,2,1441,2,1462,2,1454,2,1436,2,1461,2,1459,2,1493,1,1447,2
,1:25:04,37,1186,2,1184,2,1175,1,1186,2,1256,2,1192,2,1173,2,1193,2,1241,2,1323,2,1290,2,1271,2,1331,2,1427,2,1400,2,1343,2,1422,2,1430,2,1431,1,1434,2,1468,2,1470,2,1376,2,1444,2,1362,2,1280,2,1416,2,1449,2,1326,2,1419,2,1465,2,1479,2,1494,2,1463,2,1383,2,1433,2,1421,2,1362,2,1407,2,1429,2,1442,2,1457,1,1457,2,1443,3,1457,1,1463,2,1497,2,1443,2
,1:29:04,37,1195,2,1186,2,1181,2,1186,2,1262,2,1194,2,1166,2,1202,2,1235,2,1332,2,1285,2,1265,2,1330,2,1423,2,1404,2,1342,2,1431,2,1438,2,1429,2,1434,2,1476,2,1462,2,1383,2,1436,2,1370,2,1286,2,1418,2,1450,2,1323,2,1410,2,1472,2,1483,2,1490,2,1457,2,1383,2,1432,1,1429,2,1369,2,1405,1,1427,2,1450,2,1456,2,1457,1,1445,2,1461,2,1460,1,1498,2,1437,2
,1:33:04,37,1192,2,1185,2,1186,2,1193,2,1266,2,1200,1,1171,2,1189,2,1236,2,1324,2,1292,2,1267,1,1338,2,1429,2,1408,2,1341,2,1420,2,1435,2,1426,2,1430,2,1468,1,1467,2,1378,2,1443,2,1363,2,1286,2,1421,2,1449,2,1329,2,1420,1,1461,2,1474,2,1492,2,1461,2,1381,2,1434,2,1433,1,1369,2,1410,2,1429,2,1444,2,1457,2,1449,2,1444,2,1466,2,1454,3,1493,3,1446,2
,1:37:04,37,1191,2,1191,2,1182,2,1188,2,1259,2,1194,2,1170,2,1194,2,1237,2,1325,2,1284,2,1262,2,1334,1,1432,2,1402,2,1342,2,1424,2,1430,2,1432,2,1431,2,1467,2,1461,2,1378,2,1433,2,1363,2,1287,2,1420,1,1445,2,1333,2,1414,2,1471,2,1485,2,1491,2,1464,2,1391,2,1433,2,1426,2,1372,1,1412,2,1427,2,1441,2,1452,2,1453,2,1446,2,1461,2,1457,2,1494,2,1446,2
,1:41:04,37,1195,2,1190,2,1180,2,1187,2,1255,2,1200,3,1165,2,1196,2,1233,2,1329,2,1292,2,1273,2,1338,2,1429,2,1402,2,1350,2,1426,2,1436,2,1427,2,1435,2,1476,2,1467,2,1375,2,1433,2,1364,2,1286,2,1424,2,1451,2,1327,2,1413,1,1470,2,1484,2,1487,2,1457,1,1377,2,1433,2,1427,2,1370,2,1410,2,1429,2,1445,2,1452,2,1457,2,1435,2,1464,2,1455,2,1494,2,1442,2
,1:45:04,37,1191,2,1188,2,1184,2,1187,2,1263,2,1193,2,1171,2,1189,2,1237,3,1324,2,1284,2,1263,3,1337,1,1427,2,1413,3,1352,2,1422,2,1434,2,1427,2,1432,2,1475,1,1467,2,1377,2,1437,2,1374,2,1290,2,1426,2,1452,2,1327,2,1409,1,1470,2,1484,2,1484,2,1458,2,1377,2,1431,1,1422,2,1365,2,1403,2,1424,2,1443,2,1459,1,1463,2,1438,1,1461,2,1456,2,1494,2,1436,1
,1:49:04,37.1,1185,2,1185,2,1181,2,1193,2,1258,2,1194,2,1169,2,1194,2,1237,2,1328,2,1282,2,1275,2,1340,1,1429,2,1404,2,1344,2,1425,2,1436,2,1421,2,1430,2,1468,2,1459,2,1378,2,1443,2,1368,2,1281,2,1429,2,1444,1,1326,2,1420,2,1465,2,1482,2,1483,2,1457,1,1379,1,1423,2,1425,2,1367,2,1407,3,1441,1,1446,2,1458,3,1460,2,1443,1,1462,2,1457,2,1487,2,1437,1
,1:53:04,37,1195,2,1184,2,1180,1,1192,2,1258,2,1192,2,1161,2,1192,2,1246,2,1322,1,1287,2,1266,2,1337,2,1429,2,1409,2,1337,2,1421,2,1431,1,1424,2,1439,2,1482,2,1458,2,1378,2,1443,2,1362,2,1290,2,1424,1,1451,2,1330,2,1412,2,1465,2,1480,2,1486,2,1459,2,1379,2,1430,2,1429,2,1366,2,1402,1,1437,2,1440,2,1460,2,1458,2,1439,2,1463,2,1459,2,1496,2,1439,2
,1:57:04,37,1187,2,1190,2,1182,1,1195,2,1258,2,1205,2,1169,2,1189,2,1243,2,1326,2,1295,1,1266,2,1340,1,1429,2,1403,2,1339,2,1422,2,1438,2,1431,2,1437,2,1466,2,1461,2,1380,2,1452,2,1366,2,1281,2,1418,2,1448,2,1327,2,1418,2,1470,2,1480,2,1491,2,1462,2,1378,2,1437,2,1425,2,1371,2,1408,2,1429,2,1450,2,1459,2,1457,1,1446,2,1464,2,1461,1,1498,2,1433,1
,2:01:04,37,1193,2,1190,2,1177,2,1194,2,1260,2,1197,2,1165,2,1193,2,1245,2,1330,2,1287,2,1275,2,1345,2,1430,2,1401,2,1344,2,1424,2,1428,2,1421,2,1434,2,1469,2,1468,2,1382,2,1442,2,1366,2,1293,2,1423,2,1455,2,1322,2,1414,3,1466,2,1481,2,1493,2,1457,2,1385,2,1429,2,1421,2,1371,2,1407,2,1433,2,1445,2,1454,2,1460,2,1441,2,1460,2,1455,2,1491,2,1434,2
,2:05:04,37,1195,2,1196,2,1179,2,1191,2,1258,2,1198,1,1162,2,1196,2,1241,2,1333,1,1288,2,1272,2,1336,1,1428,2,1404,2,1345,2,1425,2,1428,2,1435,2,1429,2,1472,1,1469,2,1380,2,1448,2,1365,2,1281,1,1419,2,1452,2,1333,2,1416,2,1466,2,1488,2,1487,2,1464,2,1379,2,1430,2,1426,2,1365,2,1405,2,1431,2,1448,2,1455,2,1455,2,1440,2,1458,2,1456,2,1500,2,1443,2
,2:09:04,37.1,1189,2,1182,2,1175,1,1195,2,1259,1,1193,2,1166,3,1197,2,1241,2,1319,2,1294,1,1272,2,1339,2,1433,2,1403,2,1331,2,1420,2,1433,2,1429,2,1433,2,1472,2,1463,2,1381,2,1439,1,1362,2,1284,2,1423,1,1445,2,1328,2,1414,2,1472,2,1475,2,1486,2,1464,2,1380,2,1430,2,1429,2,1365,2,1411,2,1430,2,1438,2,1454,2,1453,2,1443,2,1460,2,1457,2,1496,2,1437,2
,2:13:04,37,1188,2,1186,2,1175,2,1188,1,1253,2,1196,2,1163,2,1187,2,1242,1,1324,2,1282,2,1269,2,1336,2,1427,2,1401,2,1337,2,1423,2,1429,2,1421,2,1427,2,1469,2,1465,2,1382,2,1443,2,1371,2,1285,2,1421,2,1446,2,1330,2,1406,1,1474,2,1481,2,1491,2,1463,2,1374,3,1431,2,1423,2,1364,2,1404,2,1437,2,1448,3,1463,2,1454,2,1437,2,1462,2,1455,2,1495,1,1449,2
,2:17:04,37,1191,2,1186,2,1175,2,1193,2,1258,2,1199,2,1163,2,1193,2,1239,2,1324,2,1286,2,1268,2,1330,2,1427,2,1407,2,1337,2,1424,2,1427,2,1423,2,1437,2,1476,2,1460,2,1380,2,1435,2,1369,2,1288,2,1420,2,1433,2,1324,2,1408,2,1466,2,1478,2,1488,3,1456,2,1379,2,1439,2,1420,1,1369,2,1414,2,1426,2,1446,2,1454,2,1458,2,1445,2,1460,2,1459,2,1493,2,1450,1
,2:21:04,37,1188,2,1182,1,1179,2,1186,2,1260,2,1199,2,1166,2,1191,2,1242,1,1332,2,1292,2,1266,1,1339,2,1430,2,1407,2,1344,3,1421,2,1439,2,1424,2,1437,2,1469,2,1460,2,1380,1,1438,2,1366,2,1290,2,1423,2,1453,2,1325,2,1411,2,1464,1,1479,2,1492,2,1465,2,1386,2,1429,2,1416,2,1368,2,1409,2,1435,2,1450,2,1449,2,1454,2,1445,2,1460,2,1458,2,1499,2,1444,2
,2:25:04,37,1191,2,1189,1,1183,2,1192,2,1258,2,1194,2,1169,2,1190,1,1244,2,1326,2,1287,2,1273,2,1334,2,1427,2,1408,2,1347,2,1424,2,1431,1,1433,1,1423,2,1475,3,1464,2,1381,2,1443,2,1357,2,1285,2,1428,2,1444,2,1324,1,1410,2,1465,2,1477,2,1488,2,1465,2,1384,2,1435,1,1425,2,1372,2,1406,2,1435,1,1445,1,1461,2,1459,2,1441,2,1464,2,1459,2,1495,2,1442,2
,2:29:04,37,1194,2,1187,2,1176,2,1191,2,1264,1,1196,2,1163,2,1195,2,1244,2,1322,2,1288,2,1270,2,1340,2,1432,2,1411,2,1349,2,1429,2,1436,2,1426,2,1430,2,1474,2,1463,2,1373,2,1440,2,1361,2,1283,2,1423,2,1445,2,1323,2,1420,2,1467,2,1477,2,1493,2,1464,2,1380,1,1429,1,1429,2,1363,2,1406,2,1427,2,1447,2,1457,1,1454,1,1442,2,1462,2,1452,2,1491,2,1442,2
,2:33:04,37,1199,1,1193,1,1172,2,1196,2,1265,2,1200,2,1171,2,1195,2,1243,2,1320,2,1289,2,1269,2,1336,2,1429,2,1406,2,1346,2,1425,2,1439,2,1428,2,1436,2,1474,2,1462,2,1381,2,1437,2,1361,2,1280,2,1430,2,1449,2,1320,2,1403,2,1462,2,1476,2,1494,2,1460,2,1386,2,1431,1,1431,2,1367,2,1401,2,1434,2,1437,2,1458,2,1463,1,1441,2,1456,2,1454,2,1487,1,1440,2
,2:37:04,37,1188,2,1191,2,1177,2,1193,2,1255,2,1194,2,1171,2,1191,1,1237,2,1327,2,1286,2,1270,2,1338,2,1426,2,1404,2,1342,2,1427,2,1428,2,1434,2,1425,1,1462,2,1466,2,1381,2,1448,2,1372,2,1287,2,1426,2,1448,2,1325,2,1408,2,1463,2,1482,2,1489,2,1460,2,1387,2,1435,2,1430,2,1365,2,1412,2,1437,2,1443,1,1454,2,1458,3,1447,2,1459,2,1445,2,1498,2,1440,2
,2:41:04,37,1188,2,1182,2,1176,1,1183,2,1254,2,1202,2,1171,2,1200,2,1238,2,1323,1,1297,1,1267,2,1339,2,1426,2,1407,2,1339,2,1422,1,1445,2,1437,2,1436,2,1472,2,1458,2,1378,2,1445,2,1368,2,1282,2,1422,1,1448,2,1332,2,1408,2,1463,2,1482,2,1487,2,1461,2,1378,2,1428,2,1419,2,1366,2,1411,2,1441,2,1448,2,1452,2,1456,2,1436,2,1460,2,1457,2,1494,2,1437,2
,2:45:04,37,1192,2,1185,2,1177,2,1186,2,1257,2,1198,2,1164,2,1198,2,1236,2,1324,2,1282,2,1268,2,1339,2,1427,2,1408,2,1340,2,1423,2,1432,2,1424,1,1424,2,1475,2,1456,2,1370,2,1442,2,1367,1,1291,2,1428,2,1452,2,1328,2,1412,2,1470,2,1472,2,1487,2,1467,2,1377,2,1434,2,1424,2,1369,1,1408,2,1432,3,1445,2,1451,2,1457,2,1439,2,1463,2,1457,2,1501,2,1441,2
,2:49:04,37.1,1196,2,1190,2,1181,2,1186,2,1262,2,1192,2,1165,2,1190,2,1237,2,1330,2,1284,1,1271,2,1339,2,1431,2,1409,2,1338,2,1424,2,1438,2,1427,2,1431,2,1470,2,1464,2,1380,2,1433,2,1370,2,1288,2,1416,2,1452,2,1329,2,1413,2,1467,2,1482,2,1489,2,1463,2,1381,2,1429,2,1428,2,1361,2,1410,2,1436,2,1444,2,1458,2,1455,2,1438,2,1460,2,1459,2,1498,2,1443,1
,2:53:04,37,1191,2,1187,2,1173,2,1195,2,1260,2,1191,2,1170,2,1191,2,1238,2,1328,1,1290,2,1264,2,1337,1,1429,2,1411,1,1339,2,1418,2,1436,2,1427,2,1425,2,1470,2,1461,1,1377,2,1438,2,1368,2,1285,2,1419,2,1446,2,1321,2,1407,2,1460,2,1486,2,1492,2,1455,1,1385,2,1433,2,1426,2,1370,2,1407,2,1432,2,1450,2,1455,1,1455,2,1434,2,1462,2,1455,2,1492,2,1446,2
,2:57:04,37,1187,2,1189,2,1183,2,1188,2,1260,2,1199,1,1167,3,1198,2,1245,2,1326,1,1290,2,1272,2,1341,2,1435,2,1405,1,1346,2,1419,2,1443,2,1432,2,1433,2,1470,2,1462,2,1379,2,1438,2,1365,2,1287,1,1419,3,1450,3,1326,1,1417,2,1470,2,1480,2,1486,2,1460,2,1385,2,1431,2,1425,2,1364,2,1402,2,1437,2,1447,2,1458,2,1453,2,1434,2,1461,2,1459,2,1496,2,1438,1
,3:01:04,37,1190,2,1192,2,1181,2,1188,2,1257,2,1193,2,1171,2,1196,2,1241,2,1328,2,1288,2,1270,2,1339,2,1429,2,1404,2,1348,2,1423,2,1425,2,1432,2,1437,2,1464,2,1471,2,1387,2,1443,2,1363,2,1285,2,1422,2,1450,2,1340,2,1415,1,1460,3,1479,2,1488,2,1461,2,1383,2,1437,2,1424,2,1366,2,1418,2,1439,3,1448,2,1458,2,1459,2,1444,2,1459,2,1455,2,1502,2,1439,2
,3:05:04,37,1188,2,1193,1,1173,2,1190,2,1263,2,1196,2,1167,2,1195,2,1241,2,1322,2,1289,2,1272,2,1339,2,1435,1,1406,1,1339,1,1426,2,1435,2,1428,2,1428,2,1470,2,1462,2,1378,2,1445,2,1368,2,1289,1,1423,2,1446,2,1332,1,1406,2,1463,2,1485,2,1486,2,1458,2,1382,1,1428,2,1428,2,1371,2,1411,2,1430,2,1436,2,1458,2,1455,2,1435,2,1463,2,1452,2,1496,1,1440,2
,3:09:04,37,1190,2,1183,2,1183,2,1190,2,1257,1,1197,2,1167,2,1196,2,1238,2,1332,2,1285,2,1270,2,1343,2,1424,2,1400,1,1337,2,1424,2,1439,2,1429,2,1429,2,1480,2,1463,2,1384,2,1435,2,1360,2,1285,2,1421,2,1446,2,1329,2,1413,2,1459,2,1482,2,1489,2,1457,1,1384,2,1429,2,1425,2,1367,1,1405,2,1434,1,1436,2,1454,2,1456,2,1440,2,1462,2,1455,2,1503,2,1439,2
,3:13:04,37,1190,2,1192,2,1179,1,1190,2,1263,2,1202,2,1168,2,1200,2,1235,2,1322,1,1289,2,1267,2,1333,1,1429,2,1410,1,1344,2,1416,2,1427,2,1432,2,1432,2,1473,2,1470,2,1377,2,1447,2,1368,2,1287,2,1425,2,1451,2,1323,2,1419,2,1470,2,1481,2,1490,1,1459,2,1377,2,1424,1,1430,2,1364,2,1406,2,1424,1,1443,2,1458,2,1452,2,1438,1,1459,2,1458,2,1495,2,1447,2
,3:17:04,37,1191,2,1193,2,1176,2,1190,2,1267,2,1191,2,1160,2,1197,2,1235,2,1322,2,1291,2,1268,2,1340,2,1431,2,1409,2,1345,2,1418,2,1432,2,1420,2,1430,2,1467,2,1456,2,1382,2,1441,2,1364,3,1285,2,1416,2,1440,2,1331,2,1407,2,1465,2,1483,2,1492,2,1466,2,1381,2,1434,2,1426,2,1366,2,1404,2,1435,2,1447,2,1466,2,1456,2,1439,2,1465,2,1454,2,1494,2,1437,2
,3:21:04,37,1190,1,1188,2,1177,2,1190,2,1259,2,1201,2,1166,2,1195,2,1238,2,1322,2,1286,1,1270,2,1345,2,1431,1,1403,2,1342,2,1424,2,1432,2,1427,2,1433,2,1471,2,1469,1,1375,1,1445,2,1359,2,1293,2,1421,2,1452,2,1329,2,1412,2,1464,2,1473,2,1493,2,1453,2,1373,1,1432,1,1424,2,1368,2,1400,2,1425,2,1453,2,1460,2,1455,2,1446,2,1459,2,1447,2,1495,2,1441,1
,3:25:04,37,1191,2,1187,2,1182,2,1192,2,1256,2,1194,2,1165,2,1193,2,1244,2,1332,2,1296,2,1271,2,1343,1,1430,2,1411,2,1344,2,1426,2,1435,2,1429,2,1429,2,1471,2,1468,1,1375,2,1451,2,1358,2,1288,2,1422,2,1449,2,1332,3,1412,3,1477,2,1484,2,1490,2,1454,1,1379,2,1430,2,1429,1,1369,2,1409,2,1436,2,1446,2,1451,2,1455,2,1446,2,1465,1,1460,2,1494,2,1441,2
,3:29:04,37,1193,2,1181,2,1183,2,1188,2,1258,2,1199,2,1164,2,1201,2,1244,2,1328,2,1297,2,1266,2,1340,2,1426,1,1404,2,1339,2,1424,2,1434,2,1431,2,1433,2,1476,2,1469,1,1380,2,1447,2,1373,2,1287,2,1422,2,1446,2,1331,2,1419,1,1472,2,1479,2,1490,2,1464,2,1381,2,1436,2,1424,2,1365,2,1411,2,1433,2,1449,2,1453,1,1457,2,1440,2,1458,2,1458,2,1498,1,1439,2
,3:33:04,37.1,1196,2,1182,1,1181,2,1188,2,1255,2,1195,2,1171,2,1201,2,1245,2,1326,2,1289,2,1264,2,1344,2,1426,1,1406,1,1343,2,1424,1,1434,2,1428,2,1431,2,1473,2,1461,2,1386,2,1438,2,1368,2,1289,2,1422,2,1451,2,1334,2,1412,2,1467,2,1481,2,1486,2,1457,2,1381,2,1438,2,1427,2,1362,1,1416,2,1433,2,1445,2,1457,1,1462,2,1444,2,1472,2,1461,1,1496,2,1439,2
,3:37:04,37,1192,2,1190,2,1180,2,1194,2,1259,2,1196,2,1167,2,1192,2,1236,1,1320,2,1285,2,1272,2,1340,1,1426,1,1403,2,1339,2,1430,2,1440,2,1432,2,1433,2,1469,2,1462,2,1372,2,1445,2,1360,1,1288,2,1427,2,1447,2,1329,2,1414,2,1468,2,1476,2,1479,1,1460,2,1378,2,1432,2,1420,2,1368,2,1405,2,1432,1,1442,2,1456,2,1453,2,1442,2,1459,2,1453,2,1493,2,1441,2
,3:41:04,37,1189,2,1188,1,1179,2,1186,2,1258,2,1193,2,1172,1,1199,2,1238,2,1323,2,1287,2,1270,2,1341,1,1432,2,1412,2,1340,2,1426,2,1432,2,1425,2,1433,3,1476,2,1468,2,1371,1,1446,2,1364,2,1284,2,1416,2,1444,2,1325,2,1416,2,1462,2,1481,2,1485,2,1461,2,1375,2,1426,2,1419,2,1367,2,1412,2,1429,2,1446,2,1459,2,1459,2,1440,2,1459,2,1454,2,1485,2,1432,2
,3:45:04,37,1190,2,1186,2,1176,2,1186,2,1261,2,1193,2,1161,1,1195,2,1239,2,1327,2,1288,2,1273,2,1342,2,1436,2,1413,2,1342,2,1430,2,1439,2,1427,2,1437,1,1476,2,1465,2,1373,2,1447,2,1369,2,1288,2,1419,2,1449,2,1329,2,1415,1,1464,2,1479,2,1493,2,1461,2,1379,2,1435,2,1416,2,1361,2,1407,2,1428,2,1441,2,1459,1,1461,2,1438,2,1460,2,1455,2,1493,2,1439,2
,3:49:04,37,1193,1,1185,2,1180,2,1188,2,1261,2,1192,2,1165,2,1193,2,1238,2,1324,2,1291,2,1270,2,1332,2,1426,2,1405,2,1343,2,1425,3,1442,2,1429,2,1434,1,1467,2,1462,2,1377,2,1430,2,1367,2,1292,2,1424,2,1445,2,1328,2,1416,2,1464,2,1479,2,1491,2,1458,2,1384,2,1432,3,1422,2,1364,3,1406,2,1433,2,1444,2,1463,3,1460,2,1437,2,1461,2,1458,2,1495,1,1442,2
,3:53:04,37.1,1185,2,1193,2,1176,2,1196,1,1254,2,1192,2,1166,2,1194,2,1243,2,1323,2,1294,2,1272,2,1336,2,1425,2,1410,1,1337,2,1419,2,1439,2,1423,2,1428,2,1474,2,1463,2,1380,2,1444,2,1368,2,1284,2,1416,2,1450,2,1328,2,1412,2,1462,2,1484,2,1494,2,1464,2,1374,2,1433,2,1424,2,1366,2,1416,1,1431,2,1440,2,1454,2,1457,2,1438,2,1462,1,1456,2,1500,2,1440,2
,3:57:04,37,1192,1,1189,2,1180,2,1190,2,1261,2,1202,2,1167,2,1194,2,1232,2,1331,2,1293,2,1272,1,1337,2,1429,2,1406,2,1340,2,1424,3,1426,2,1429,2,1431,2,1472,2,1473,2,1375,2,1444,2,1364,2,1288,1,1422,2,1448,2,1338,2,1412,1,1470,2,1477,2,1487,2,1453,2,1378,1,1436,2,1421,2,1366,2,1406,2,1430,3,1444,2,1457,2,1456,2,1440,2,1463,2,1457,2,1492,2,1441,1
,4:01:04,37,1193,2,1188,2,1178,2,1191,1,1257,2,1198,2,1167,2,1204,2,1242,2,1324,2,1288,2,1269,2,1339,1,1431,2,1402,2,1343,2,1417,1,1437,2,1430,2,1429,2,1471,2,1465,2,1384,2,1442,2,1373,2,1291,2,1421,2,1447,2,1327,1,1410,2,1467,2,1478,2,1488,2,1464,2,1383,2,1435,2,1426,2,1368,2,1406,1,1431,2,1444,2,1458,2,1453,2,1436,2,1461,2,1457,1,1490,1,1440,2
,4:05:04,37,1191,2,1188,2,1182,2,1191,2,1249,2,1200,2,1169,2,1198,2,1243,2,1330,2,1291,2,1268,1,1343,2,1432,1,1408,2,1342,2,1418,2,1439,2,1428,2,1440,2,1469,2,1462,2,1381,2,1438,2,1364,2,1288,2,1424,1,1450,1,1328,2,1412,2,1465,2,1479,2,1492,2,1464,2,1382,2,1432,2,1418,2,1368,1,1409,2,1435,2,1444,2,1460,2,1455,2,1438,2,1458,2,1455,2,1494,2,1441,1
,4:09:04,37,1191,2,1187,2,1187,1,1189,2,1258,2,1194,2,1164,2,1204,2,1241,2,1328,2,1293,2,1272,2,1338,1,1432,2,1402,2,1337,2,1425,3,1442,2,1429,2,1431,2,1464,1,1465,2,1383,2,1444,1,1368,2,1290,2,1420,1,1451,2,1330,2,1411,2,1472,1,1478,2,1492,2,1464,1,1390,2,1438,2,1425,2,1369,2,1414,2,1438,2,1459,2,1455,2,1456,2,1440,2,1461,2,1463,2,1500,2,1441,2
,4:13:04,37,1193,1,1189,2,1182,2,1186,2,1265,2,1200,2,1165,2,1194,2,1237,2,1328,2,1284,1,1269,2,1342,2,1434,2,1405,1,1341,2,1422,2,1443,2,1427,2,1423,2,1471,2,1472,1,1372,2,1447,2,1361,2,1291,2,1414,2,1449,2,1337,2,1416,2,1461,2,1476,2,1486,2,1464,2,1384,2,1431,2,1427,1,1368,2,1407,1,1434,2,1442,2,1457,2,1456,2,1435,1,1462,2,1451,2,1497,2,1434,2
,4:17:04,37,1192,2,1192,2,1179,2,1193,2,1256,2,1200,3,1171,2,1194,2,1241,2,1324,2,1283,2,1279,2,1340,2,1435,2,1403,2,1340,2,1427,2,1437,2,1425,2,1436,2,1469,2,1467,2,1384,2,1445,2,1362,2,1291,2,1419,2,1446,2,1337,2,1416,1,1466,2,1479,2,1486,2,1456,2,1376,1,1430,2,1415,2,1369,2,1411,2,1429,2,1446,1,1462,1,1456,1,1448,1,1464,2,1453,2,1493,2,1439,2
,4:21:04,37.1,1195,1,1187,2,1181,2,1185,1,1253,2,1198,2,1171,2,1199,2,1245,2,1329,1,1293,3,1270,2,1341,1,1433,2,1409,2,1343,2,1422,3,1432,2,1428,2,1430,2,1475,2,1467,2,1376,2,1434,2,1364,2,1289,2,1416,2,1454,2,1331,2,1411,2,1473,2,1486,2,1487,2,1456,2,1380,2,1429,2,1429,2,1368,1,1412,2,1428,2,1448,1,1461,2,1469,2,1445,2,1464,2,1448,2,1492,1,1441,2
,4:25:04,37,1186,2,1195,1,1181,2,1198,2,1264,2,1195,2,1173,2,1200,2,1239,2,1324,2,1286,2,1271,3,1346,2,1439,2,1408,2,1343,2,1426,2,1436,2,1424,2,1432,2,1467,2,1465,2,1373,1,1447,2,1364,1,1281,1,1418,3,1459,2,1330,2,1406,2,1464,2,1477,2,1493,2,1459,2,1380,2,1428,1,1421,2,1372,2,1406,2,1437,2,1452,2,1462,2,1460,2,1434,2,1466,2,1451,2,1496,2,1439,2
,4:29:04,37,1191,2,1195,1,1180,3,1198,2,1255,2,1196,2,1173,2,1193,2,1236,2,1329,2,1297,2,1271,2,1340,2,1428,2,1408,2,1343,2,1423,2,1431,2,1431,2,1429,2,1468,2,1462,2,1375,1,1441,2,1363,2,1280,1,1419,1,1445,2,1330,2,1410,2,1463,1,1478,2,1494,2,1469,2,1375,2,1433,2,1421,2,1368,2,1407,2,1432,2,1449,2,1459,1,1456,1,1442,2,1460,2,1450,2,1489,1,1441,2
,4:33:04,37,1198,2,1191,2,1180,2,1191,2,1263,2,1199,1,1165,2,1196,2,1235,2,1326,2,1289,2,1271,2,1337,2,1443,2,1405,2,1343,2,1425,2,1434,2,1429,2,1433,2,1470,2,1465,2,1382,2,1441,2,1360,2,1292,2,1419,2,1451,1,1333,1,1409,2,1466,2,1477,2,1485,2,1470,2,1382,2,1433,2,1425,1,1368,2,1418,2,1437,2,1444,2,1457,2,1459,1,1438,1,1463,2,1455,2,1492,2,1434,1
,4:37:04,37,1192,2,1193,2,1183,2,1188,2,1257,2,1198,2,1165,2,1196,2,1242,2,1332,2,1299,2,1269,2,1346,2,1434,1,1409,2,1347,2,1428,2,1432,2,1430,2,1434,2,1464,2,1464,2,1384,2,1441,2,1364,2,1284,2,1420,2,1453,1,1327,2,1415,2,1463,2,1476,2,1492,2,1461,1,1381,2,1431,2,1423,2,1364,2,1410,2,1436,1,1445,2,1459,2,1460,2,1444,2,1458,2,1454,2,1500,1,1440,2
,4:41:04,37,1191,1,1189,2,1180,2,1201,2,1260,2,1200,2,1172,2,1195,2,1236,2,1333,2,1291,2,1271,2,1339,2,1432,2,1405,2,1337,1,1419,2,1438,2,1429,2,1431,2,1476,3,1468,3,1377,1,1452,2,1364,2,1290,2,1419,2,1464,2,1330,2,1406,2,1470,2,1476,2,1494,2,1466,2,1381,2,1433,2,1420,2,1371,2,1407,2,1433,2,1449,2,1459,2,1460,2,1449,2,1459,2,1460,1,1500,2,1436,1
,4:45:04,37.1,1190,2,1189,1,1187,3,1185,2,1259,2,1201,2,1170,2,1198,2,1238,2,1328,2,1289,2,1274,2,1345,1,1434,2,1405,2,1346,2,1426,2,1434,2,1432,2,1430,2,1477,1,1466,2,1378,2,1442,2,1369,1,1290,2,1424,2,1442,2,1334,2,1421,2,1469,2,1480,2,1497,2,1460,2,1387,2,1436,1,1422,1,1364,2,1408,2,1433,2,1448,2,1461,2,1460,2,1442,2,1460,2,1452,2,1497,1,1440,2
,4:49:04,37,1188,2,1186,2,1184,2,1189,2,1255,2,1195,2,1167,2,1195,2,1240,2,1327,2,1294,2,1275,2,1348,2,1433,2,1408,2,1337,3,1429,2,1438,1,1434,2,1426,2,1471,2,1471,2,1383,2,1447,2,1365,2,1287,1,1424,2,1445,2,1337,2,1415,2,1465,1,1478,2,1490,2,1460,2,1383,2,1431,2,1430,2,1368,2,1401,2,1436,2,1444,2,1456,2,1459,2,1440,1,1462,2,1458,2,1498,2,1434,2
,4:53:04,37,1195,2,1194,2,1183,2,1187,1,1259,2,1197,1,1173,2,1195,2,1238,2,1328,1,1296,2,1277,2,1343,2,1431,1,1406,1,1337,2,1426,2,1440,2,1429,2,1428,2,1468,2,1465,2,1381,1,1444,2,1364,1,1282,2,1422,1,1448,2,1333,2,1409,1,1469,3,1480,2,1491,2,1456,1,1381,2,1437,1,1426,1,1369,2,1406,2,1433,2,1452,2,1459,2,1459,2,1443,2,1459,2,1455,1,1496,2,1444,1
,4:57:04,37,1189,2,1186,2,1189,2,1191,1,1258,2,1200,1,1163,2,1190,3,1246,2,1327,2,1296,2,1272,2,1343,2,1432,2,1400,2,1343,1,1421,2,1441,1,1426,2,1429,2,1469,2,1463,2,1370,2,1445,2,1360,2,1280,2,1428,2,1443,2,1333,2,1406,1,1465,2,1473,2,1478,2,1468,2,1387,2,1431,1,1423,2,1368,2,1401,2,1434,1,1450,1,1455,2,1462,2,1442,2,1463,2,1450,1,1502,2,1445,2
,5:01:04,37,1200,2,1192,2,1183,2,1188,2,1253,2,1208,2,1165,2,1200,2,1247,2,1329,2,1287,2,1271,1,1348,2,1431,2,1408,2,1338,2,1428,2,1437,2,1431,2,1437,2,1470,2,1469,2,1368,2,1439,2,1363,1,1290,3,1425,2,1453,2,1338,2,1417,2,1463,2,1482,1,1488,2,1458,2,1380,2,1433,2,1433,2,1374,2,1406,2,1430,2,1443,2,1462,2,1454,3,1442,2,1461,2,1461,2,1497,2,1434,1
,5:05:04,37,1195,3,1188,2,1184,2,1188,2,1258,2,1196,2,1164,2,1194,2,1237,2,1325,2,1290,2,1269,2,1344,2,1430,2,1407,1,1341,2,1429,2,1438,2,1427,2,1430,2,1477,2,1467,2,1379,2,1442,3,1362,2,1285,2,1426,2,1456,2,1331,2,1412,2,1469,2,1475,2,1489,2,1462,1,1379,1,1428,2,1426,2,1359,2,1408,2,1429,2,1443,2,1455,2,1455,2,1439,2,1460,2,1458,2,1497,1,1444,2
,5:09:04,37,1192,2,1185,2,1185,2,1195,2,1256,2,1200,2,1166,2,1196,2,1242,2,1323,1,1288,1,1267,2,1343,2,1424,1,1400,2,1334,2,1432,2,1435,2,1429,2,1437,2,1469,2,1468,2,1379,2,1449,2,1371,1,1294,1,1420,2,1450,1,1332,2,1416,2,1471,2,1481,2,1488,2,1461,1,1383,2,1431,2,1432,2,1356,2,1403,2,1439,2,1449,2,1451,1,1465,2,1440,2,1467,2,1453,2,1494,2,1445,2
,5:13:04,37,1189,2,1196,2,1185,2,1186,2,1262,2,1196,2,1164,2,1201,2,1242,2,1331,1,1295,2,1267,2,1344,1,1431,1,1404,2,1339,2,1441,2,1441,2,1424,2,1425,2,1470,2,1467,2,1380,1,1444,2,1362,2,1289,2,1416,2,1457,2,1335,2,1410,2,1470,2,1481,2,1492,2,1455,2,1387,2,1434,2,1427,2,1370,2,1410,2,1442,2,1448,2,1451,2,1456,2,1444,2,1469,2,1457,2,1502,2,1449,2
,5:17:04,37,1188,2,1191,2,1184,2,1184,2,1263,2,1200,2,1166,3,1195,1,1248,2,1319,2,1289,2,1274,2,1333,2,1428,2,1405,2,1336,2,1420,1,1437,2,1424,2,1434,2,1469,2,1466,2,1380,1,1442,2,1368,2,1297,2,1423,2,1454,2,1336,2,1418,2,1463,2,1481,2,1496,2,1464,1,1382,3,1428,2,1428,1,1367,2,1410,2,1435,2,1451,2,1459,2,1459,2,1443,2,1463,2,1448,2,1493,2,1442,2
,5:21:04,37,1191,1,1196,2,1185,2,1193,2,1261,2,1202,2,1173,2,1195,2,1245,2,1326,2,1299,2,1267,2,1342,2,1439,2,1410,2,1334,2,1434,2,1440,2,1426,2,1437,2,1473,2,1462,2,1377,1,1440,2,1364,2,1285,2,1418,2,1457,2,1337,2,1409,2,1467,2,1480,2,1489,2,1460,2,1386,2,1434,2,1428,2,1364,2,1404,2,1430,2,1448,2,1460,2,1461,2,1440,2,1465,2,1459,1,1491,2,1434,1
,5:25:04,37.1,1190,2,1192,2,1180,1,1194,2,1255,2,1198,2,1168,2,1201,2,1236,2,1334,2,1285,3,1272,2,1342,2,1433,2,1413,1,1338,2,1423,2,1440,2,1434,2,1434,2,1475,2,1469,2,1373,2,1441,2,1372,2,1285,1,1420,2,1458,2,1330,2,1415,2,1468,2,1474,2,1488,1,1462,2,1385,2,1434,2,1424,2,1367,3,1408,2,1435,2,1451,2,1465,2,1461,2,1446,3,1461,3,1463,2,1494,2,1441,2
,5:29:04,37.1,1193,2,1194,2,1179,2,1194,2,1260,2,1198,2,1168,2,1198,2,1244,2,1334,2,1294,2,1266,2,1349,2,1429,2,1405,2,1339,2,1428,2,1432,2,1434,2,1430,2,1471,2,1464,2,1376,2,1445,2,1365,2,1288,1,1426,2,1449,2,1333,2,1423,2,1470,2,1482,2,1491,2,1462,2,1384,1,1427,2,1426,2,1370,2,1406,2,1431,1,1449,2,1464,2,1457,2,1441,2,1472,2,1457,2,1492,2,1445,2
,5:33:04,37,1193,2,1193,2,1182,1,1192,2,1259,2,1203,1,1178,2,1206,2,1242,2,1328,2,1295,2,1268,2,1340,2,1430,2,1401,1,1339,2,1425,2,1440,2,1428,2,1434,2,1471,1,1464,2,1380,2,1448,2,1361,2,1291,2,1421,2,1449,2,1339,2,1410,2,1465,2,1481,1,1488,2,1462,2,1392,2,1431,2,1424,2,1367,2,1409,2,1436,2,1446,2,1457,2,1460,1,1446,2,1460,2,1460,2,1495,2,1441,2
,5:37:04,37,1194,2,1184,2,1184,2,1191,2,1262,2,1200,2,1167,2,1199,2,1244,2,1328,2,1291,2,1275,2,1344,2,1435,2,1406,2,1342,2,1419,2,1438,2,1434,2,1435,2,1476,2,1462,2,1374,2,1440,2,1365,2,1295,2,1428,2,1458,2,1335,2,1410,2,1466,2,1476,2,1486,2,1466,2,1384,2,1432,1,1428,2,1372,2,1411,2,1435,2,1446,2,1457,2,1456,2,1447,2,1461,2,1454,2,1500,2,1442,2
,5:41:04,37.1,1188,2,1188,2,1180,2,1198,2,1260,2,1199,2,1175,2,1197,3,1246,2,1331,1,1291,2,1269,1,1346,2,1432,2,1407,2,1345,2,1428,2,1439,2,1429,2,1435,2,1469,2,1469,2,1378,2,1445,2,1366,2,1293,2,1429,1,1453,3,1335,2,1414,2,1473,2,1476,2,1493,2,1463,2,1388,2,1439,1,1429,2,1370,2,1411,2,1435,2,1445,2,1457,2,1450,2,1443,2,1466,2,1457,1,1491,2,1443,2
,5:45:04,37,1188,2,1193,2,1187,2,1190,2,1263,2,1204,2,1167,2,1193,2,1251,2,1327,2,1292,2,1270,1,1350,2,1437,2,1406,2,1345,2,1427,2,1447,2,1430,2,1429,2,1474,2,1468,1,1378,2,1448,2,1359,2,1290,2,1428,2,1449,2,1337,2,1422,2,1463,2,1481,2,1495,2,1460,2,1386,2,1430,2,1426,2,1365,2,1415,2,1443,2,1445,2,1461,1,1462,2,1441,2,1472,2,1460,2,1497,2,1451,2
,5:49:04,37,1191,1,1193,2,1184,2,1195,2,1258,2,1197,2,1173,2,1206,2,1239,2,1323,2,1293,2,1270,1,1349,2,1434,2,1409,2,1341,2,1423,2,1432,2,1424,1,1433,2,1471,2,1465,3,1374,2,1440,2,1368,2,1288,2,1427,2,1455,2,1334,2,1419,2,1466,2,1480,2,1488,2,1457,2,1388,2,1436,1,1428,2,1369,2,1413,2,1433,2,1445,2,1463,2,1464,2,1446,2,1468,2,1458,2,1500,2,1440,2
,5:53:04,37.1,1192,2,1195,1,1181,2,1194,2,1264,2,1202,2,1168,2,1200,2,1244,2,1328,2,1289,3,1276,2,1342,2,1440,2,1406,2,1342,2,1429,2,1443,2,1435,2,1439,2,1475,2,1463,1,1378,2,1445,2,1362,2,1290,2,1428,1,1450,2,1337,2,1414,1,1470,2,1484,2,1495,2,1467,2,1381,2,1428,2,1426,1,1371,2,1405,2,1435,2,1457,2,1460,2,1452,2,1441,2,1466,2,1450,2,1496,2,1439,1
,5:57:04,37,1191,2,1191,2,1184,2,1194,2,1262,2,1200,2,1174,2,1198,2,1248,2,1330,2,1301,2,1268,2,1350,2,1439,2,1401,2,1341,2,1426,2,1440,2,1435,2,1437,2,1464,2,1464,2,1381,2,1446,2,1363,2,1284,2,1428,2,1449,2,1342,2,1416,2,1461,2,1485,2,1487,2,1462,1,1389,1,1430,2,1425,2,1375,2,1412,2,1434,2,1445,2,1461,3,1466,2,1445,2,1461,2,1456,2,1498,3,1444,2
,6:01:04,37,1192,2,1193,1,1184,2,1189,2,1263,2,1207,1,1169,2,1195,2,1251,2,1318,2,1286,2,1272,2,1342,1,1434,2,1401,2,1347,2,1421,2,1438,2,1428,2,1432,2,1478,2,1467,1,1380,2,1443,2,1365,2,1290,2,1428,2,1453,1,1336,2,1412,1,1471,2,1488,2,1490,2,1461,2,1384,2,1434,2,1422,2,1366,2,1412,2,1433,2,1440,2,1465,2,1457,2,1437,2,1463,2,1457,1,1502,1,1443,2
,6:05:04,37,1192,2,1199,2,1188,2,1192,2,1265,2,1201,2,1178,3,1201,2,1241,2,1328,2,1300,2,1275,2,1345,2,1444,2,1403,2,1351,2,1433,2,1440,2,1428,2,1438,3,1470,2,1466,2,1379,2,1439,2,1377,1,1288,2,1426,2,1447,2,1340,1,1418,1,1467,1,1484,2,1495,2,1471,2,1391,2,1434,1,1426,2,1373,2,1409,2,1434,2,1457,2,1457,2,1464,3,1445,2,1456,2,1453,2,1496,2,1444,2
,6:09:04,37,1194,2,1191,2,1182,2,1193,2,1262,2,1200,2,1167,2,1205,2,1240,1,1335,3,1297,2,1270,2,1349,2,1434,2,1410,2,1342,2,1430,2,1435,2,1427,1,1437,2,1480,2,1465,1,1381,2,1443,2,1367,2,1289,2,1419,2,1453,2,1334,2,1420,2,1463,2,1487,2,1490,2,1467,1,1393,2,1433,1,1427,2,1364,2,1411,1,1444,2,1446,2,1457,2,1461,2,1449,2,1466,2,1458,2,1492,2,1443,2
,6:13:04,37.1,1192,2,1190,2,1182,2,1193,1,1264,2,1205,1,1176,2,1197,2,1247,2,1329,1,1296,2,1281,2,1350,2,1437,2,1408,2,1345,1,1436,2,1447,2,1429,1,1433,2,1479,2,1470,2,1383,2,1447,2,1369,2,1292,1,1431,2,1446,2,1334,2,1417,2,1468,2,1486,2,1488,2,1461,2,1389,2,1440,2,1434,2,1373,2,1420,2,1434,2,1449,2,1471,1,1460,1,1447,2,1466,2,1461,2,1503,2,1452,2
,6:17:04,37,1197,1,1191,2,1185,2,1191,2,1264,2,1202,2,1172,2,1202,2,1238,2,1335,1,1291,2,1275,2,1356,2,1437,2,1400,2,1342,2,1428,2,1436,2,1440,2,1428,2,1470,2,1469,1,1384,2,1446,2,1364,2,1292,1,1429,2,1456,3,1342,2,1415,2,1473,2,1481,2,1499,2,1461,2,1379,2,1427,2,1428,2,1369,2,1404,2,1437,2,1453,2,1466,2,1461,2,1448,2,1467,2,1464,1,1506,2,1444,2
,6:21:04,37,1191,2,1196,1,1182,1,1200,2,1260,2,1201,2,1170,2,1198,2,1245,2,1329,2,1299,2,1276,2,1346,2,1435,2,1405,1,1340,2,1430,2,1442,1,1430,1,1438,2,1466,2,1476,1,1382,2,1444,2,1364,2,1291,2,1428,2,1449,2,1340,2,1417,2,1473,2,1483,1,1496,2,1467,2,1377,2,1430,2,1430,2,1372,2,1410,2,1437,2,1453,2,1457,2,1468,2,1447,2,1471,2,1464,2,1505,2,1443,2
,6:25:04,37,1194,1,1196,2,1181,2,1196,2,1266,2,1196,1,1165,2,1199,2,1248,2,1331,2,1294,2,1277,2,1345,1,1431,2,1408,2,1340,2,1430,2,1439,2,1433,2,1445,1,1470,2,1471,2,1383,2,1443,2,1365,2,1297,1,1430,2,1459,1,1337,2,1417,2,1468,2,1487,2,1489,2,1463,1,1387,2,1439,2,1432,2,1372,2,1412,2,1437,2,1453,2,1462,2,1463,2,1444,1,1473,2,1462,2,1502,2,1442,1
,6:29:04,37,1193,2,1192,2,1179,2,1197,2,1260,2,1200,2,1166,2,1196,2,1252,2,1331,2,1290,2,1268,2,1344,1,1438,2,1408,1,1345,2,1429,2,1443,3,1429,2,1437,2,1475,2,1459,1,1380,3,1448,2,1373,2,1288,1,1427,2,1451,2,1340,2,1419,1,1467,2,1482,3,1487,2,1469,2,1386,2,1436,2,1422,2,1370,2,1418,2,1441,2,1442,2,1458,2,1457,2,1446,2,1469,2,1463,2,1501,2,1445,2
,6:33:04,37,1194,2,1195,2,1183,2,1194,2,1258,2,1204,2,1169,1,1198,2,1249,2,1323,2,1298,2,1276,2,1344,2,1427,2,1408,2,1345,2,1432,2,1446,2,1433,2,1441,2,1478,2,1467,2,1377,2,1439,2,1373,2,1288,1,1423,2,1450,2,1345,2,1416,2,1473,2,1477,2,1489,2,1465,1,1391,2,1432,2,1428,2,1369,1,1417,2,1440,2,1447,2,1461,2,1460,2,1445,2,1459,2,1455,1,1503,2,1446,2
,6:37:04,37,1192,1,1196,2,1185,2,1195,2,1269,2,1204,2,1174,2,1202,2,1242,2,1328,2,1291,2,1271,2,1352,2,1438,2,1407,2,1350,2,1427,2,1445,2,1436,2,1435,1,1482,2,1470,2,1376,2,1450,2,1371,2,1288,2,1422,2,1452,2,1332,2,1412,2,1474,2,1481,2,1496,2,1458,2,1385,2,1430,2,1423,2,1371,2,1410,2,1433,2,1449,2,1457,2,1470,2,1443,2,1465,2,1459,1,1502,1,1447,1
,6:41:04,37,1198,2,1196,2,1183,2,1193,2,1269,2,1204,2,1169,2,1199,2,1243,2,1330,2,1292,2,1276,2,1348,2,1440,2,1407,2,1340,2,1424,2,1444,2,1429,2,1434,2,1477,2,1480,2,1380,2,1436,2,1371,2,1292,1,1430,2,1452,2,1337,2,1419,2,1464,2,1481,2,1493,2,1460,2,1384,2,1434,2,1427,2,1374,1,1413,2,1439,2,1453,2,1463,1,1460,2,1443,2,1469,2,1455,1,1502,1,1446,2
,6:45:04,37,1198,2,1194,2,1186,2,1200,2,1258,2,1206,2,1178,2,1207,2,1252,2,1337,2,1300,1,1274,2,1350,2,1435,2,1403,3,1342,2,1437,2,1445,2,1437,2,1432,2,1480,1,1472,2,1374,2,1447,2,1370,2,1294,2,1426,2,1453,2,1342,2,1421,2,1466,3,1479,2,1491,2,1470,2,1395,1,1441,2,1424,1,1375,3,1412,2,1438,2,1452,2,1460,2,1471,2,1444,2,1474,1,1460,2,1497,2,1448,1
,6:49:04,37,1198,2,1199,2,1189,2,1199,2,1262,2,1201,2,1176,1,1202,2,1248,2,1337,2,1294,2,1276,2,1354,2,1439,2,1414,2,1340,2,1430,2,1443,2,1431,2,1432,2,1475,2,1468,2,1381,2,1456,2,1373,2,1295,2,1432,2,1455,2,1345,1,1422,2,1475,2,1479,2,1498,2,1465,1,1388,2,1431,2,1435,3,1376,2,1416,2,1439,1,1449,2,1454,2,1463,1,1447,2,1470,1,1468,2,1504,2,1443,1
,6:53:04,37,1196,2,1193,2,1187,1,1188,2,1269,2,1205,2,1176,2,1205,2,1249,2,1335,2,1297,2,1266,2,1347,2,1435,2,1405,2,1345,2,1434,2,1442,2,1431,2,1441,2,1480,2,1472,2,1390,2,1449,2,1367,2,1295,2,1431,2,1455,2,1334,2,1413,2,1466,2,1490,2,1500,1,1457,2,1386,1,1438,2,1428,2,1369,2,1422,1,1434,2,1445,2,1464,2,1465,2,1445,2,1470,2,1460,2,1492,2,1448,2
,6:57:04,37,1198,2,1198,2,1190,2,1199,2,1260,2,1208,2,1172,2,1203,2,1247,2,1340,3,1296,2,1274,2,1338,2,1441,2,1400,2,1340,2,1424,2,1446,3,1434,2,1434,2,1482,2,1471,2,1378,2,1462,2,1368,2,1288,3,1419,2,1456,2,1337,2,1417,2,1472,2,1488,2,1491,2,1463,2,1387,2,1433,2,1429,2,1371,2,1412,2,1434,2,1449,2,1454,2,1466,2,1442,2,1464,2,1459,1,1501,2,1443,1
,7:01:04,37.1,1194,2,1201,1,1180,2,1199,2,1257,3,1199,2,1169,2,1198,2,1246,2,1337,2,1294,2,1268,1,1346,2,1441,2,1404,2,1342,2,1426,2,1434,2,1429,2,1432,2,1480,2,1468,2,1385,2,1452,2,1368,2,1291,2,1428,2,1452,2,1345,1,1419,2,1478,2,1484,2,1496,2,1465,2,1389,2,1437,2,1425,2,1373,2,1415,2,1433,3,1456,2,1468,2,1465,2,1442,2,1462,2,1456,2,1503,2,1441,2
,7:05:04,37,1201,2,1194,2,1186,2,1193,2,1268,2,1202,2,1177,2,1198,1,1243,2,1335,2,1293,2,1278,1,1351,2,1434,2,1413,2,1342,1,1431,2,1432,2,1437,2,1426,2,1472,2,1470,2,1384,2,1447,2,1366,2,1292,2,1427,2,1445,2,1335,2,1417,2,1470,1,1488,2,1497,2,1472,2,1383,2,1441,1,1434,2,1373,2,1411,2,1441,2,1455,2,1469,2,1460,2,1438,2,1468,2,1454,1,1501,2,1443,2
,7:09:04,37.1,1190,2,1197,2,1185,2,1192,3,1264,2,1198,2,1173,3,1205,2,1251,2,1330,2,1293,2,1271,2,1343,2,1435,2,1410,3,1347,2,1429,2,1444,2,1434,2,1436,1,1472,1,1472,2,1381,2,1446,2,1369,2,1293,2,1428,2,1455,2,1337,2,1424,2,1473,2,1483,2,1493,2,1464,2,1381,2,1434,2,1429,2,1372,2,1410,2,1436,2,1450,2,1464,2,1467,2,1433,2,1465,2,1456,2,1503,1,1439,2
,7:13:04,37,1195,2,1199,3,1188,2,1193,2,1267,2,1202,2,1166,2,1205,2,1254,2,1334,2,1293,2,1272,2,1348,2,1435,2,1406,1,1349,1,1428,2,1438,1,1436,2,1434,2,1484,2,1470,2,1387,1,1449,2,1368,2,1288,2,1429,2,1455,2,1344,2,1419,2,1470,2,1481,2,1495,1,1467,2,1390,2,1437,2,1427,2,1372,2,1411,2,1438,2,1452,2,1471,1,1459,1,1442,2,1475,2,1454,1,1502,1,1445,2
,7:17:04,37,1193,2,1195,3,1186,2,1192,1,1261,2,1201,2,1166,1,1204,3,1246,2,1332,1,1290,2,1271,2,1346,2,1435,2,1407,2,1343,2,1428,2,1442,2,1427,2,1423,2,1477,2,1470,2,1375,2,1454,2,1370,2,1286,2,1427,2,1456,2,1333,2,1418,2,1465,2,1485,1,1496,1,1469,2,1388,1,1428,2,1427,2,1369,2,1408,2,1437,3,1451,2,1465,2,1455,2,1445,2,1467,2,1461,2,1493,2,1441,2
,7:21:04,37,1199,2,1198,2,1182,2,1195,2,1263,2,1197,3,1173,2,1201,2,1242,2,1327,2,1301,2,1275,2,1345,1,1434,2,1409,2,1342,2,1427,2,1440,2,1430,2,1443,2,1477,2,1473,2,1381,2,1448,2,1364,2,1291,2,1422,2,1451,2,1338,2,1418,2,1467,2,1479,3,1500,2,1469,2,1382,2,1437,2,1432,2,1363,2,1411,2,1441,2,1448,3,1468,2,1473,2,1451,2,1467,2,1461,2,1499,1,1442,2
,7:25:04,37,1188,2,1196,2,1186,2,1200,2,1272,2,1207,2,1171,2,1202,2,1249,2,1337,2,1294,2,1271,2,1353,2,1438,1,1412,2,1345,1,1428,2,1449,2,1432,2,1435,2,1479,2,1470,2,1381,2,1453,2,1370,2,1292,2,1428,2,1456,2,1330,2,1422,2,1468,2,1479,2,1492,2,1459,1,1388,2,1439,2,1436,2,1369,2,1415,2,1440,2,1450,2,1458,2,1466,2,1437,2,1465,1,1454,2,1499,2,1447,2
,7:29:04,37,1185,2,1195,2,1177,2,1203,2,1264,2,1208,2,1173,2,1210,2,1246,2,1329,1,1297,2,1277,1,1339,2,1432,2,1412,2,1347,2,1429,2,1442,2,1433,2,1435,2,1476,2,1471,2,1383,2,1448,1,1369,2,1296,2,1427,1,1465,2,1337,2,1413,2,1474,2,1484,2,1487,2,1466,2,1393,2,1432,1,1428,2,1373,2,1410,2,1435,2,1457,2,1464,2,1460,2,1438,3,1469,1,1463,1,1505,2,1449,1
,7:33:04,37,1194,2,1198,2,1182,2,1200,1,1259,3,1198,2,1173,2,1203,1,1248,2,1339,2,1301,2,1276,2,1350,2,1433,2,1408,2,1350,2,1426,2,1450,2,1433,2,1437,2,1479,2,1467,2,1384,2,1452,1,1367,2,1292,2,1430,2,1456,2,1336,1,1420,2,1470,2,1484,2,1496,2,1466,2,1385,2,1437,2,1432,2,1373,2,1414,2,1430,2,1453,2,1460,2,1456,2,1441,2,1472,2,1456,2,1495,2,1439,2
,7:37:04,37,1202,2,1198,2,1185,2,1195,2,1259,2,1202,1,1173,2,1207,2,1248,2,1336,2,1293,2,1269,2,1347,2,1446,1,1402,1,1341,2,1431,2,1438,3,1439,2,1439,2,1474,2,1466,2,1374,2,1447,2,1373,2,1297,2,1423,2,1454,1,1337,2,1414,2,1472,1,1480,2,1490,2,1462,2,1389,2,1433,1,1418,2,1376,2,1410,2,1442,2,1448,2,1458,2,1462,2,1444,2,1465,2,1453,2,1501,2,1441,2
,7:41:04,36.9,1197,2,1191,2,1185,2,1194,2,1264,3,1201,2,1169,3,1199,2,1245,2,1329,2,1288,2,1272,1,1348,2,1438,2,1405,2,1347,2,1427,2,1444,2,1438,2,1432,2,1473,2,1471,2,1380,2,1435,1,1368,1,1296,2,1421,2,1459,2,1345,2,1416,2,1469,2,1486,2,1490,2,1457,2,1392,2,1438,1,1425,2,1371,2,1414,2,1441,2,1450,2,1456,2,1462,2,1444,2,1460,2,1461,2,1500,2,1444,1
,7:45:04,37,1198,2,1195,2,1175,2,1197,2,1259,2,1207,2,1174,2,1196,2,1253,2,1333,2,1296,2,1268,3,1343,2,1430,2,1408,2,1345,2,1433,2,1445,2,1430,2,1433,2,1481,2,1478,2,1379,2,1444,2,1372,2,1289,2,1428,2,1461,2,1336,2,1413,2,1472,2,1481,2,1495,2,1471,2,1383,3,1431,2,1431,2,1367,1,1412,2,1431,2,1451,2,1457,2,1461,2,1449,2,1467,3,1457,2,1503,2,1436,2
,7:49:04,37,1192,1,1194,2,1184,2,1192,1,1265,2,1210,2,1171,2,1202,2,1247,2,1339,2,1296,1,1274,2,1345,2,1434,2,1405,2,1336,2,1437,2,1439,2,1432,2,1435,2,1481,2,1469,2,1386,2,1449,2,1367,2,1295,2,1440,2,1450,2,1340,2,1417,1,1475,2,1477,2,1498,2,1462,2,1384,2,1439,2,1430,2,1368,2,1422,2,1442,2,1452,2,1463,2,1465,2,1449,2,1472,1,1453,2,1500,1,1446,2
,7:53:04,37,1202,1,1190,2,1189,2,1192,2,1258,2,1203,2,1174,2,1203,2,1249,2,1334,1,1296,2,1276,2,1341,2,1443,2,1410,2,1349,2,1421,2,1440,2,1434,2,1427,2,1472,2,1471,2,1381,2,1449,1,1370,2,1297,2,1421,2,1453,2,1336,2,1419,2,1471,2,1485,2,1492,2,1471,2,1384,2,1435,2,1435,2,1369,2,1418,1,1439,2,1465,2,1468,2,1470,2,1451,1,1464,2,1461,2,1501,2,1444,2
,7:57:04,37.1,1200,2,1197,2,1186,2,1192,2,1263,2,1209,2,1179,2,1201,2,1240,2,1337,2,1293,1,1267,2,1352,2,1439,2,1410,2,1347,2,1432,1,1444,2,1434,2,1432,2,1482,2,1469,1,1386,2,1449,2,1366,2,1285,2,1425,2,1456,2,1346,2,1421,1,1466,2,1480,2,1495,2,1459,2,1393,2,1430,2,1424,2,1369,2,1426,1,1438,2,1445,2,1477,2,1459,2,1443,1,1457,2,1463,2,1503,1,1440,1
,8:01:04,37.1,1196,2,1194,2,1189,1,1201,2,1265,2,1199,2,1172,2,1202,2,1250,2,1336,2,1289,2,1270,2,1346,3,1432,2,1412,2,1341,2,1424,2,1446,2,1431,2,1436,2,1476,2,1471,2,1375,2,1444,2,1373,2,1294,2,1429,2,1453,2,1337,2,1427,2,1468,2,1482,2,1500,2,1462,2,1388,2,1435,2,1426,2,1372,2,1423,2,1435,2,1451,2,1467,2,1460,2,1447,2,1466,2,1457,2,1501,2,1443,2
,8:05:04,37,1199,2,1195,2,1186,2,1194,2,1266,2,1206,2,1175,2,1196,2,1250,2,1340,2,1298,1,1278,2,1340,2,1441,2,1404,2,1342,1,1424,2,1438,2,1438,2,1438,2,1474,2,1470,1,1384,2,1447,2,1378,2,1293,2,1424,2,1450,2,1339,2,1422,2,1467,2,1483,2,1498,2,1465,2,1387,1,1440,2,1424,2,1374,2,1412,2,1437,2,1449,1,1456,2,1459,2,1440,2,1470,2,1460,2,1499,1,1439,2
,8:09:04,37,1192,2,1196,2,1189,2,1200,2,1261,2,1203,3,1175,2,1209,2,1244,2,1339,2,1303,2,1271,2,1350,2,1438,2,1405,2,1343,2,1433,2,1444,2,1435,2,1431,2,1480,2,1472,2,1380,2,1450,2,1377,2,1293,2,1422,2,1455,2,1334,2,1417,2,1468,2,1485,2,1494,2,1469,1,1381,2,1434,2,1427,2,1375,2,1419,2,1442,2,1455,1,1460,2,1462,3,1448,2,1472,2,1449,2,1499,2,1437,1
,8:13:04,36.9,1194,1,1199,2,1185,2,1192,2,1261,2,1199,2,1168,2,1200,2,1250,2,1338,2,1300,2,1272,2,1349,2,1447,2,1402,2,1341,2,1430,2,1446,2,1433,2,1432,2,1472,2,1469,1,1381,2,1450,2,1370,2,1293,2,1423,2,1444,2,1344,2,1425,2,1470,2,1482,2,1497,2,1466,1,1392,2,1434,2,1427,2,1367,2,1411,2,1437,2,1449,2,1465,1,1467,1,1443,1,1471,2,1454,2,1498,2,1441,2
,8:17:04,37.1,1198,1,1195,2,1182,3,1196,2,1261,2,1207,2,1163,2,1199,2,1250,2,1337,2,1297,2,1271,2,1348,2,1448,2,1407,2,1348,2,1430,2,1440,2,1429,2,1437,2,1479,2,1477,2,1379,2,1441,2,1377,2,1296,2,1434,2,1457,1,1343,1,1421,2,1473,2,1483,2,1491,1,1469,2,1386,2,1437,2,1434,2,1372,2,1420,2,1437,2,1449,2,1472,2,1462,2,1446,2,1467,2,1459,2,1503,2,1445,1
,8:21:04,37,1193,2,1201,2,1181,1,1197,1,1270,2,1206,2,1176,2,1205,2,1248,2,1335,2,1295,2,1270,1,1353,2,1436,2,1412,2,1348,2,1427,2,1443,2,1431,2,1435,2,1478,2,1468,1,1381,2,1456,2,1370,2,1290,2,1426,2,1451,2,1345,1,1422,2,1472,2,1474,2,1497,2,1475,2,1397,2,1430,2,1429,2,1377,2,1419,2,1439,3,1446,1,1467,2,1461,2,1448,2,1469,2,1462,2,1498,2,1440,1
,8:25:04,37,1192,2,1196,2,1186,2,1199,2,1263,2,1207,2,1171,3,1209,1,1253,2,1337,3,1302,2,1276,3,1350,2,1436,2,1411,2,1354,2,1427,1,1435,2,1428,2,1438,2,1478,2,1464,2,1384,3,1446,2,1365,2,1288,2,1428,2,1458,2,1345,2,1421,2,1467,2,1479,1,1495,2,1466,2,1388,2,1431,2,1425,2,1369,2,1415,2,1432,1,1451,3,1454,2,1463,2,1441,2,1473,1,1458,1,1507,2,1449,2
,8:29:04,37,1197,2,1194,2,1188,2,1196,2,1260,2,1205,2,1177,2,1203,2,1247,2,1332,2,1297,2,1275,2,1353,2,1437,2,1419,2,1346,2,1435,2,1451,2,1442,2,1432,1,1482,2,1471,1,1381,2,1450,2,1369,2,1301,1,1421,2,1462,2,1344,2,1418,2,1469,2,1491,2,1496,2,1466,2,1385,2,1431,2,1425,1,1365,1,1412,2,1438,2,1449,2,1462,2,1462,2,1448,2,1471,2,1463,2,1496,1,1438,2
,8:33:04,37,1197,2,1204,1,1188,2,1198,2,1257,2,1206,2,1177,2,1208,2,1241,1,1333,2,1288,2,1274,2,1343,2,1442,1,1408,2,1347,2,1437,2,1449,2,1427,2,1444,2,1480,2,1475,2,1387,2,1446,2,1368,2,1292,2,1425,3,1453,1,1345,1,1415,2,1468,2,1484,2,1499,2,1465,2,1390,2,1435,1,1429,2,1370,1,1415,2,1439,2,1449,2,1472,2,1461,2,1445,2,1471,2,1463,2,1505,2,1439,1
,8:37:04,37,1198,2,1198,1,1185,2,1194,2,1269,2,1211,2,1175,2,1202,3,1246,1,1336,1,1304,2,1273,2,1349,2,1442,2,1409,2,1348,2,1432,2,1451,2,1436,2,1442,1,1476,2,1482,2,1380,2,1450,2,1367,2,1292,2,1425,2,1450,2,1341,2,1416,2,1468,2,1490,2,1495,2,1468,2,1388,2,1428,2,1428,1,1373,2,1418,2,1440,2,1449,2,1471,1,1465,2,1446,1,1471,2,1454,2,1500,2,1445,2
,8:41:04,37,1191,2,1193,2,1187,1,1198,2,1266,3,1210,2,1170,2,1197,2,1246,2,1339,2,1299,2,1275,2,1355,2,1435,2,1406,2,1341,2,1432,2,1448,2,1438,2,1441,2,1480,2,1473,2,1389,2,1442,2,1365,2,1292,2,1423,2,1455,2,1343,2,1419,2,1474,2,1480,2,1494,2,1464,2,1390,2,1442,2,1431,2,1371,1,1417,2,1441,2,1452,1,1460,2,1459,2,1440,2,1470,2,1458,2,1504,1,1450,2
,8:45:04,37,1193,2,1200,2,1187,1,1192,2,1262,2,1201,2,1178,2,1197,2,1248,2,1330,2,1299,2,1277,2,1348,2,1435,2,1405,2,1343,2,1428,2,1435,2,1438,2,1440,2,1478,2,1481,2,1381,2,1446,2,1367,2,1291,2,1422,2,1458,2,1340,1,1414,2,1473,2,1487,2,1495,2,1458,1,1395,2,1439,1,1428,2,1368,3,1411,2,1440,2,1456,2,1458,2,1462,2,1441,2,1466,2,1459,3,1500,2,1440,2
,8:49:04,37,1191,2,1202,2,1195,1,1193,2,1264,2,1204,2,1171,2,1203,2,1245,2,1331,2,1295,2,1274,2,1353,2,1439,2,1406,2,1347,2,1431,2,1445,2,1429,2,1435,2,1476,2,1470,2,1384,2,1447,2,1372,2,1296,2,1431,2,1458,2,1343,2,1421,2,1471,2,1485,2,1493,2,1465,2,1392,2,1439,1,1428,2,1372,2,1412,2,1441,2,1452,2,1464,2,1462,2,1447,2,1471,2,1469,1,1493,2,1447,2
,8:53:04,37,1193,2,1198,2,1189,1,1195,2,1264,2,1205,2,1173,2,1211,2,1251,2,1331,2,1299,1,1282,2,1348,2,1434,2,1407,2,1345,2,1430,2,1442,2,1439,2,1439,2,1473,2,1475,2,1389,2,1450,2,1363,2,1300,2,1428,1,1458,2,1343,2,1415,2,1475,2,1483,2,1502,2,1468,2,1389,2,1437,1,1429,2,1372,2,1414,2,1438,2,1444,2,1466,2,1467,1,1447,1,1470,2,1463,2,1502,2,1441,2
,8:57:04,37,1197,2,1198,2,1185,2,1196,1,1263,2,1207,2,1169,2,1207,2,1246,2,1331,2,1303,2,1274,2,1350,2,1434,2,1410,1,1346,2,1434,2,1437,2,1440,2,1434,2,1474,2,1471,2,1380,2,1449,1,1377,2,1297,2,1433,1,1453,2,1339,2,1428,2,1476,2,1479,2,1495,2,1465,2,1391,2,1442,1,1432,2,1374,2,1415,2,1434,2,1456,2,1472,1,1462,2,1448,3,1464,2,1457,1,1503,2,1444,2
,9:01:04,37,1195,2,1201,3,1184,2,1199,2,1271,1,1210,2,1171,2,1202,2,1257,2,1334,1,1301,2,1280,2,1351,2,1441,2,1412,2,1346,2,1431,2,1443,2,1438,3,1441,2,1473,1,1468,2,1390,2,1446,1,1370,2,1295,1,1437,2,1456,2,1349,2,1413,2,1470,2,1492,2,1498,2,1465,2,1394,2,1436,2,1432,2,1382,2,1414,2,1439,2,1449,2,1471,1,1465,2,1451,1,1466,2,1463,3,1504,2,1445,2
,9:05:04,37.1,1197,2,1200,2,1183,2,1199,2,1258,2,1206,2,1173,2,1201,2,1252,2,1335,2,1296,1,1273,2,1349,1,1433,2,1418,2,1343,2,1430,2,1445,2,1432,2,1439,2,1482,1,1477,2,1379,1,1458,2,1374,2,1296,2,1428,2,1456,2,1347,2,1428,2,1472,2,1488,2,1502,2,1466,2,1380,1,1438,2,1433,1,1374,2,1414,2,1441,2,1450,2,1466,2,1467,2,1449,2,1465,2,1470,1,1504,2,1449,1
,9:09:04,37,1199,2,1197,2,1188,2,1191,2,1264,2,1208,2,1176,2,1210,2,1246,2,1337,1,1297,2,1271,2,1354,2,1447,1,1408,2,1345,2,1437,2,1438,2,1437,2,1441,2,1475,2,1467,2,1382,2,1446,2,1371,2,1293,2,1426,2,1460,2,1344,1,1430,2,1474,2,1480,2,1500,2,1467,2,1377,2,1437,2,1431,2,1372,2,1407,2,1444,2,1444,2,1468,2,1465,2,1440,2,1467,2,1463,2,1495,1,1439,2
,9:13:04,37,1196,2,1196,2,1184,2,1195,2,1267,2,1204,2,1173,2,1204,2,1250,2,1333,1,1293,2,1286,2,1352,2,1441,1,1409,2,1342,2,1441,2,1443,3,1432,2,1429,2,1469,3,1474,2,1383,2,1450,2,1373,2,1293,2,1434,1,1465,2,1348,2,1416,2,1470,3,1491,1,1492,2,1469,2,1393,2,1435,1,1431,2,1379,2,1408,2,1437,2,1459,2,1467,2,1463,1,1443,2,1462,2,1458,2,1507,2,1452,2
,9:17:04,37,1198,2,1192,2,1184,2,1193,2,1264,2,1203,2,1172,2,1209,2,1245,2,1334,2,1302,2,1279,2,1352,2,1445,2,1409,1,1351,2,1434,2,1445,2,1429,2,1436,2,1474,2,1472,2,1385,2,1442,1,1371,2,1293,2,1432,2,1458,1,1340,2,1415,2,1474,2,1481,2,1490,2,1461,2,1393,2,1440,2,1427,2,1366,2,1411,2,1436,2,1457,2,1468,2,1469,2,1448,2,1470,2,1461,2,1506,2,1443,2
,9:21:04,37,1197,2,1199,2,1190,2,1197,3,1269,2,1210,3,1173,2,1201,2,1251,2,1340,2,1297,2,1281,2,1356,2,1438,2,1405,2,1341,2,1438,2,1438,2,1439,2,1437,2,1479,2,1479,2,1382,2,1449,2,1374,2,1297,2,1432,2,1453,2,1346,2,1423,2,1470,2,1492,1,1493,2,1469,2,1386,2,1433,2,1438,1,1369,2,1417,2,1437,2,1449,2,1467,2,1463,2,1450,2,1468,2,1455,2,1507,2,1452,2
,9:25:04,37,1196,2,1200,2,1189,2,1201,2,1256,2,1201,2,1176,2,1207,2,1253,2,1329,2,1301,2,1279,2,1344,2,1435,2,1410,2,1347,2,1427,2,1450,2,1433,2,1436,2,1484,2,1464,2,1391,2,1452,2,1368,2,1296,2,1427,2,1459,2,1349,1,1420,2,1467,2,1484,2,1491,2,1468,2,1391,2,1436,2,1432,2,1373,2,1410,2,1436,2,1456,2,1469,2,1458,2,1448,2,1473,2,1460,2,1496,3,1451,2
,9:29:04,37.1,1198,2,1190,1,1188,2,1192,2,1262,2,1209,2,1182,2,1202,2,1255,2,1333,2,1302,2,1278,2,1351,2,1443,1,1413,1,1347,2,1431,2,1443,2,1430,2,1440,2,1480,3,1467,2,1382,2,1448,2,1372,2,1296,2,1429,2,1452,1,1348,2,1420,2,1467,2,1482,2,1496,2,1469,2,1395,2,1440,2,1430,2,1375,2,1414,2,1435,2,1448,2,1467,2,1468,2,1450,2,1470,2,1463,1,1505,2,1451,1
,9:33:04,37,1196,2,1202,2,1188,2,1195,2,1269,2,1210,2,1178,2,1204,2,1247,2,1333,2,1303,2,1277,2,1355,2,1441,2,1412,2,1346,2,1431,2,1451,2,1436,2,1439,2,1477,2,1472,2,1388,2,1448,2,1372,2,1300,2,1430,2,1456,2,1348,1,1416,2,1474,2,1489,2,1496,2,1457,2,1388,2,1430,2,1433,2,1370,1,1413,2,1442,2,1452,2,1468,2,1469,2,1440,2,1463,2,1455,2,1506,2,1439,2
,9:37:04,37.1,1198,1,1204,2,1187,2,1194,2,1271,2,1209,2,1182,2,1202,2,1245,2,1334,2,1298,2,1285,2,1350,3,1442,2,1409,2,1348,2,1433,2,1450,2,1429,2,1447,2,1480,2,1476,2,1385,2,1452,2,1372,2,1299,2,1430,2,1454,2,1346,2,1416,2,1476,2,1493,2,1499,2,1469,2,1389,2,1427,2,1425,2,1374,1,1412,2,1442,2,1458,2,1476,2,1465,2,1445,2,1462,2,1461,2,1505,1,1448,2
,9:41:04,37,1200,2,1201,2,1187,2,1192,2,1267,2,1205,2,1172,2,1206,2,1252,2,1337,2,1303,2,1274,2,1359,2,1446,2,1408,2,1349,2,1429,2,1447,2,1437,2,1432,2,1469,2,1476,1,1382,2,1453,2,1367,2,1297,1,1432,2,1464,2,1347,2,1418,2,1469,2,1481,2,1495,1,1468,2,1392,2,1444,2,1434,2,1373,2,1413,3,1440,2,1458,2,1462,2,1460,2,1449,2,1473,2,1460,2,1502,2,1443,2
,9:45:04,37,1202,2,1197,1,1191,2,1202,2,1264,2,1205,2,1176,2,1204,1,1255,2,1332,2,1296,2,1281,2,1349,1,1438,2,1411,2,1347,2,1435,2,1458,2,1436,2,1431,2,1476,2,1470,2,1390,1,1446,2,1373,2,1295,2,1427,2,1458,2,1347,2,1419,2,1478,2,1486,2,1499,2,1465,2,1392,2,1437,2,1421,2,1370,2,1413,2,1440,1,1448,2,1471,2,1463,2,1442,2,1469,3,1462,2,1504,1,1445,1
,9:49:04,37,1190,2,1197,2,1182,2,1190,2,1260,2,1206,2,1172,2,1207,2,1252,2,1334,2,1294,2,1273,2,1352,2,1445,2,1415,1,1343,2,1430,1,1439,2,1436,2,1436,2,1479,2,1471,2,1378,2,1443,2,1369,2,1297,2,1424,2,1454,2,1343,2,1420,2,1475,2,1485,2,1493,2,1471,2,1392,2,1432,2,1429,2,1376,2,1418,1,1437,2,1451,2,1463,2,1465,2,1445,2,1468,2,1460,2,1502,2,1442,2
,9:53:04,37,1197,2,1194,2,1193,2,1199,2,1264,2,1204,2,1177,2,1211,2,1244,3,1341,2,1294,2,1275,2,1350,2,1437,2,1414,2,1344,2,1428,2,1455,2,1434,2,1437,2,1472,2,1473,2,1383,2,1452,1,1372,2,1298,2,1423,2,1453,2,1345,2,1412,2,1474,2,1491,2,1493,2,1466,2,1387,2,1438,2,1427,2,1375,2,1417,2,1435,2,1457,2,1464,2,1469,2,1442,2,1469,2,1466,2,1501,2,1450,2
,9:57:04,37,1201,2,1196,2,1191,1,1197,2,1268,2,1206,2,1179,2,1205,2,1252,2,1332,2,1295,2,1268,2,1354,2,1449,2,1412,2,1342,2,1428,2,1441,2,1438,2,1433,2,1473,2,1478,2,1384,2,1450,2,1373,2,1289,2,1426,2,1460,2,1346,2,1422,1,1472,2,1480,2,1505,2,1471,2,1389,1,1442,1,1434,2,1370,2,1409,2,1439,2,1456,2,1463,2,1466,2,1445,2,1467,2,1456,2,1506,2,1450,2
,10:01:04,37,1196,2,1201,2,1190,1,1198,2,1266,1,1206,2,1177,1,1208,1,1250,2,1333,2,1298,2,1271,2,1354,2,1443,2,1413,2,1348,2,1431,1,1449,2,1433,1,1441,2,1477,2,1477,2,1386,2,1454,2,1368,2,1300,2,1435,2,1453,2,1340,2,1422,2,1467,2,1480,2,1495,2,1467,2,1390,2,1432,1,1436,2,1379,2,1419,2,1445,2,1457,1,1466,2,1468,2,1450,2,1475,2,1462,2,1504,2,1446,1
,10:05:04,37,1200,1,1202,2,1194,2,1204,2,1264,2,1203,2,1178,2,1205,2,1249,2,1339,1,1307,2,1279,2,1351,2,1437,1,1411,2,1352,2,1430,2,1443,2,1431,1,1430,2,1479,3,1479,2,1377,2,1445,2,1376,2,1293,2,1433,2,1459,2,1343,2,1422,1,1476,2,1484,2,1498,2,1470,2,1389,2,1447,2,1436,2,1376,2,1422,1,1439,2,1449,2,1470,2,1468,2,1455,2,1464,2,1463,1,1500,2,1451,2
,10:09:04,37,1195,1,1200,2,1191,2,1193,2,1268,1,1203,2,1174,2,1198,2,1249,2,1330,2,1303,2,1277,2,1351,2,1439,2,1413,2,1348,2,1427,2,1447,2,1440,2,1434,1,1476,2,1469,2,1386,2,1448,2,1367,2,1306,2,1423,2,1456,2,1347,1,1420,2,1473,2,1485,2,1502,2,1473,2,1389,2,1438,2,1434,2,1373,1,1415,2,1446,2,1453,2,1468,2,1461,2,1448,1,1468,2,1462,2,1498,2,1446,2
,10:13:04,37,1196,2,1203,2,1188,2,1199,2,1269,2,1210,1,1176,2,1208,2,1249,2,1336,2,1307,2,1276,2,1348,2,1443,2,1407,3,1346,2,1431,2,1446,2,1441,2,1432,2,1481,2,1471,2,1379,2,1444,2,1374,2,1291,2,1436,2,1453,2,1344,2,1419,2,1472,2,1486,2,1489,2,1464,2,1388,2,1438,2,1433,2,1374,1,1415,2,1444,2,1454,3,1465,2,1462,2,1448,2,1462,2,1467,2,1507,2,1435,1
,10:17:04,37,1200,2,1199,2,1193,1,1201,2,1257,2,1204,2,1176,2,1207,2,1242,2,1338,2,1294,2,1274,2,1354,2,1438,2,1414,2,1343,3,1439,2,1443,2,1432,2,1443,2,1477,2,1476,2,1386,2,1456,2,1373,2,1299,2,1429,2,1464,2,1344,2,1423,2,1474,2,1491,2,1498,2,1458,2,1389,2,1436,2,1429,2,1381,2,1415,2,1445,2,1452,2,1470,2,1464,2,1447,1,1465,2,1461,2,1500,2,1444,2
,10:21:04,37,1202,2,1205,2,1188,2,1190,1,1269,2,1206,2,1170,2,1204,2,1248,3,1337,2,1300,2,1272,2,1351,2,1446,2,1412,2,1346,2,1435,2,1443,2,1436,2,1445,2,1474,2,1475,2,1386,2,1448,2,1368,2,1298,2,1435,2,1461,2,1348,1,1415,2,1479,1,1484,2,1495,2,1467,2,1383,2,1436,1,1433,2,1376,2,1414,2,1441,2,1454,2,1472,2,1456,2,1448,2,1467,2,1462,2,1506,2,1443,2
,10:25:04,37,1197,2,1202,2,1189,2,1202,2,1263,2,1211,2,1175,2,1206,2,1252,2,1333,2,1298,2,1277,2,1352,2,1440,2,1408,2,1339,2,1439,2,1444,2,1441,2,1440,2,1474,1,1473,2,1390,2,1452,2,1368,2,1296,2,1429,2,1461,2,1342,2,1416,2,1464,2,1490,2,1499,2,1471,2,1384,1,1442,2,1433,2,1377,2,1415,2,1440,1,1460,1,1479,2,1462,2,1443,3,1465,1,1462,2,1507,2,1446,2
,10:29:04,37,1199,2,1199,2,1187,2,1197,2,1265,2,1207,2,1176,2,1207,2,1250,2,1343,2,1298,2,1278,2,1347,1,1436,2,1413,1,1340,2,1431,2,1448,2,1437,2,1437,2,1480,2,1478,2,1375,2,1453,2,1369,2,1296,2,1433,2,1455,2,1350,2,1422,2,1475,1,1485,2,1506,2,1471,2,1393,2,1439,2,1439,2,1376,2,1417,2,1438,2,1454,2,1470,2,1460,2,1447,1,1471,2,1457,2,1504,2,1441,2
,10:33:04,37,1199,2,1202,2,1188,2,1199,2,1268,1,1209,2,1178,2,1207,2,1257,1,1344,2,1302,2,1276,2,1353,2,1435,2,1409,2,1348,2,1441,2,1442,2,1439,2,1435,2,1483,2,1475,2,1386,2,1451,1,1379,2,1302,2,1435,2,1465,2,1349,2,1419,2,1470,2,1487,2,1490,2,1469,1,1392,2,1439,2,1431,2,1375,1,1406,2,1436,2,1449,2,1466,2,1471,1,1450,2,1468,2,1462,2,1506,1,1451,2
,10:37:04,37,1196,2,1200,2,1192,2,1198,1,1267,2,1208,3,1171,2,1205,2,1243,2,1341,2,1301,2,1280,2,1349,2,1442,1,1405,2,1349,2,1434,2,1445,2,1433,2,1435,2,1474,2,1472,2,1384,2,1451,2,1376,1,1291,1,1427,2,1460,2,1346,2,1420,2,1471,2,1489,2,1499,2,1470,2,1387,2,1438,2,1429,2,1370,2,1414,2,1441,2,1451,1,1474,2,1469,2,1453,2,1463,2,1456,2,1499,1,1442,2
,10:41:04,37,1203,2,1203,2,1195,1,1203,2,1270,2,1214,3,1179,2,1208,3,1247,2,1336,2,1300,2,1282,2,1343,2,1442,2,1414,2,1346,2,1434,1,1445,2,1433,2,1434,1,1486,2,1475,2,1385,2,1451,2,1367,2,1294,2,1429,2,1450,2,1353,2,1423,2,1468,2,1487,2,1493,2,1478,2,1387,2,1445,2,1428,1,1373,2,1417,2,1444,2,1451,1,1471,2,1466,1,1454,2,1467,2,1463,1,1497,2,1442,2
,10:45:04,37,1204,2,1199,2,1189,2,1196,2,1261,2,1206,2,1180,2,1210,2,1258,2,1331,2,1301,2,1279,1,1348,2,1441,2,1407,2,1353,2,1438,2,1445,2,1429,2,1438,2,1480,2,1470,2,1390,2,1453,2,1379,2,1295,2,1436,2,1461,2,1349,1,1422,2,1480,2,1487,2,1495,2,1474,2,1397,2,1432,2,1432,1,1374,2,1414,2,1445,2,1459,2,1476,2,1475,1,1455,3,1471,2,1460,2,1498,2,1449,1
,10:49:04,37,1197,2,1199,2,1190,2,1199,2,1262,2,1207,2,1172,2,1203,2,1250,2,1334,2,1297,2,1279,1,1345,1,1439,2,1408,2,1342,2,1432,2,1445,2,1432,2,1435,3,1473,2,1477,2,1384,1,1453,2,1369,2,1296,2,1423,1,1462,2,1354,1,1422,1,1471,2,1480,2,1500,1,1467,3,1395,2,1440,1,1429,2,1373,2,1417,2,1439,2,1457,2,1468,2,1465,2,1448,2,1473,2,1460,2,1499,2,1439,2
,10:53:04,37,1202,2,1196,1,1187,2,1195,2,1266,2,1207,2,1178,2,1193,2,1249,2,1335,2,1293,2,1278,1,1356,2,1434,2,1409,2,1345,2,1428,2,1445,2,1435,3,1438,2,1477,3,1471,2,1382,2,1447,2,1374,2,1303,1,1425,2,1459,1,1351,2,1420,2,1476,2,1477,2,1488,2,1475,2,1385,1,1434,2,1430,2,1367,2,1408,2,1438,2,1454,2,1463,2,1473,2,1452,2,1467,2,1461,1,1501,2,1447,2
,10:57:04,37,1194,2,1199,3,1189,2,1199,2,1260,1,1208,1,1170,2,1207,2,1250,2,1344,2,1300,2,1277,2,1349,2,1441,1,1407,2,1350,2,1432,2,1444,2,1430,2,1446,2,1475,2,1474,2,1385,2,1450,2,1365,2,1297,2,1430,2,1462,2,1347,2,1423,2,1476,2,1491,2,1496,2,1469,2,1388,1,1429,1,1434,1,1370,2,1412,2,1440,2,1454,1,1466,1,1460,2,1453,2,1466,2,1462,2,1496,2,1439,2
,11:01:04,37.1,1194,2,1198,2,1183,1,1204,1,1270,2,1203,2,1173,2,1197,2,1246,2,1333,2,1297,2,1269,2,1354,1,1447,1,1412,2,1349,2,1429,2,1442,2,1437,2,1435,2,1477,2,1469,2,1383,2,1448,2,1375,2,1298,2,1427,1,1458,2,1345,2,1425,2,1476,3,1489,2,1503,2,1467,1,1394,2,1441,1,1428,2,1376,2,1409,2,1435,2,1459,2,1467,2,1470,2,1447,2,1468,2,1464,1,1503,2,1447,2
,11:05:04,37,1198,2,1205,2,1191,2,1198,2,1264,2,1211,1,1178,2,1204,2,1257,2,1342,2,1294,2,1278,2,1358,1,1443,2,1410,1,1351,2,1434,1,1441,2,1433,2,1439,2,1485,2,1478,2,1384,2,1444,2,1373,2,1292,2,1434,2,1462,2,1350,2,1425,2,1471,2,1485,2,1494,2,1467,2,1391,2,1437,2,1427,2,1369,2,1417,2,1438,2,1457,2,1472,2,1465,2,1445,2,1471,2,1462,2,1511,2,1444,1
,11:09:04,37,1199,1,1201,2,1194,2,1192,2,1264,2,1214,1,1180,2,1209,2,1254,2,1342,2,1301,2,1274,2,1355,2,1440,2,1416,2,1343,2,1433,2,1445,2,1437,2,1436,3,1475,1,1473,2,1390,1,1459,1,1377,2,1293,2,1425,2,1465,2,1346,2,1420,2,1474,2,1493,1,1500,2,1475,2,1390,2,1447,1,1426,2,1368,2,1409,2,1439,2,1457,2,1468,2,1465,2,1446,2,1469,2,1460,2,1506,2,1451,1
,11:13:04,37,1199,2,1200,2,1191,2,1199,3,1270,2,1208,1,1173,2,1202,2,1246,2,1333,2,1300,1,1272,1,1350,2,1433,2,1414,2,1344,2,1435,2,1440,2,1438,1,1438,2,1476,2,1477,2,1383,2,1441,2,1374,2,1295,2,1439,1,1460,2,1350,2,1423,2,1471,2,1482,2,1490,1,1466,2,1394,2,1433,2,1432,2,1370,2,1416,2,1436,2,1454,1,1465,1,1470,2,1456,3,1471,2,1464,2,1504,2,1448,2
,11:17:04,37,1198,2,1202,2,1191,2,1198,2,1265,2,1210,2,1178,2,1205,2,1251,2,1339,2,1303,2,1272,2,1347,2,1442,2,1405,2,1345,2,1428,2,1446,2,1439,2,1438,2,1474,2,1477,2,1385,2,1448,1,1372,1,1296,2,1429,1,1458,2,1344,2,1418,2,1471,2,1484,2,1499,2,1463,2,1384,1,1433,2,1426,1,1378,2,1418,2,1436,2,1454,2,1470,1,1454,2,1449,1,1471,2,1465,2,1501,2,1444,2
,11:21:04,37,1195,2,1198,1,1183,2,1196,2,1265,2,1209,2,1171,2,1202,2,1246,2,1336,2,1292,2,1277,2,1351,2,1443,1,1408,2,1346,2,1424,3,1446,2,1436,2,1439,2,1469,2,1465,1,1395,2,1453,2,1371,2,1292,2,1432,2,1460,2,1347,2,1425,2,1471,2,1484,2,1505,2,1468,2,1382,2,1433,2,1427,2,1377,2,1413,1,1438,2,1453,1,1461,2,1464,2,1443,2,1471,2,1458,1,1504,2,1444,1
,11:25:04,37,1200,1,1199,2,1191,1,1199,2,1261,2,1201,2,1169,2,1207,2,1249,2,1338,2,1303,2,1272,2,1350,2,1439,2,1415,2,1345,3,1432,2,1447,2,1438,2,1434,2,1475,2,1470,2,1382,2,1447,2,1375,2,1295,2,1425,2,1461,2,1347,2,1419,1,1477,2,1478,2,1500,2,1467,2,1381,2,1435,2,1432,2,1378,2,1416,2,1436,2,1451,2,1466,2,1463,2,1450,2,1470,2,1461,2,1490,2,1444,2
,11:29:04,37,1201,2,1197,2,1191,2,1195,2,1269,2,1211,3,1177,2,1207,1,1246,2,1338,2,1294,2,1266,1,1351,1,1432,2,1407,2,1341,2,1427,2,1440,1,1431,1,1438,2,1476,2,1477,2,1386,2,1451,2,1379,2,1296,1,1429,2,1456,2,1349,2,1421,2,1476,2,1488,2,1495,2,1472,2,1386,2,1444,2,1428,2,1367,2,1412,2,1436,2,1449,2,1463,2,1464,2,1445,2,1464,2,1457,2,1500,2,1452,2
,11:33:04,37,1196,2,1197,2,1191,2,1199,1,1263,2,1210,2,1178,2,1200,2,1244,2,1334,2,1296,2,1276,2,1344,2,1440,2,1412,2,1339,2,1431,2,1448,2,1428,1,1440,2,1481,2,1475,2,1383,2,1443,2,1375,3,1297,2,1429,2,1454,2,1343,2,1419,1,1469,2,1484,2,1499,2,1460,2,1381,2,1441,1,1427,2,1371,1,1418,1,1439,2,1451,2,1465,1,1465,2,1447,2,1463,3,1456,1,1497,2,1448,2
,11:37:04,37,1199,1,1192,1,1190,1,1196,2,1258,1,1206,2,1170,2,1201,2,1246,1,1335,2,1294,2,1274,2,1347,1,1445,2,1400,2,1346,2,1436,1,1440,1,1434,2,1443,2,1475,2,1476,2,1389,2,1450,2,1365,2,1293,2,1432,2,1454,2,1344,2,1415,2,1471,2,1491,2,1496,2,1464,2,1388,2,1434,1,1431,1,1375,2,1410,2,1436,2,1447,2,1463,2,1468,3,1447,2,1467,2,1460,2,1506,2,1447,1
,11:41:04,37,1193,2,1192,2,1187,1,1202,2,1270,1,1208,1,1176,3,1206,2,1247,2,1332,2,1299,2,1272,1,1351,2,1437,2,1407,2,1345,2,1432,2,1449,2,1434,2,1435,2,1479,2,1470,2,1381,2,1452,2,1366,2,1298,1,1427,2,1462,2,1344,2,1423,1,1474,2,1484,2,1493,2,1465,2,1382,2,1434,1,1437,2,1370,1,1411,2,1432,2,1448,2,1470,2,1465,1,1450,2,1467,2,1468,2,1502,2,1440,2
,11:45:04,37,1195,1,1194,2,1184,1,1203,2,1269,2,1206,2,1181,2,1208,2,1247,2,1331,2,1300,2,1272,2,1350,2,1435,2,1408,3,1353,2,1432,2,1440,1,1432,2,1436,2,1479,2,1470,2,1377,2,1455,3,1376,3,1294,2,1438,2,1455,1,1342,2,1419,2,1473,1,1483,2,1498,2,1466,1,1392,2,1439,1,1434,2,1366,2,1412,2,1436,1,1459,2,1461,2,1470,2,1447,2,1472,1,1462,2,1496,2,1444,2
,11:49:04,37,1198,2,1194,2,1185,2,1198,2,1271,2,1211,2,1173,2,1204,2,1241,2,1336,2,1297,2,1275,2,1348,2,1440,2,1409,2,1340,2,1430,2,1441,2,1429,2,1437,2,1479,2,1475,2,1387,1,1444,2,1367,2,1295,2,1425,2,1453,2,1350,2,1422,2,1478,2,1489,2,1498,2,1468,2,1393,1,1435,1,1432,2,1378,1,1416,2,1438,2,1454,2,1474,2,1471,2,1444,1,1475,1,1461,1,1504,2,1447,2
,11:53:04,37,1196,1,1197,2,1187,2,1193,1,1269,2,1211,2,1179,2,1199,2,1255,2,1336,2,1302,2,1275,2,1351,2,1440,2,1410,3,1336,2,1427,2,1445,2,1431,2,1440,2,1476,2,1469,2,1385,2,1448,2,1371,2,1291,2,1428,1,1460,2,1345,2,1421,2,1470,2,1486,2,1497,2,1465,1,1389,2,1431,2,1434,2,1370,3,1411,3,1441,2,1450,2,1463,2,1472,1,1450,2,1470,2,1458,2,1503,2,1445,2
,11:57:04,37.1,1196,2,1191,2,1186,2,1195,2,1266,2,1204,1,1172,2,1199,2,1244,2,1328,2,1292,2,1281,2,1344,2,1435,1,1410,2,1346,2,1430,2,1442,2,1431,2,1436,2,1480,2,1472,2,1390,2,1452,2,1364,2,1301,1,1428,2,1458,2,1350,2,1419,1,1470,2,1487,2,1494,2,1466,1,1393,1,1441,2,1429,2,1373,1,1412,2,1441,2,1449,2,1463,2,1461,2,1443,2,1468,2,1452,2,1507,2,1438,2
,12:01:04,37,1197,2,1194,2,1195,2,1197,2,1258,2,1207,1,1173,3,1210,2,1253,2,1332,1,1292,2,1281,2,1337,2,1432,2,1406,2,1342,1,1423,2,1441,2,1436,2,1442,2,1473,2,1470,2,1379,2,1452,2,1373,2,1295,1,1428,2,1462,2,1347,2,1417,2,1468,2,1480,2,1495,2,1465,2,1385,2,1443,2,1433,1,1372,1,1410,2,1445,2,1446,2,1472,2,1467,1,1447,2,1468,2,1453,2,1506,2,1442,1
,12:05:04,37,1196,2,1196,2,1185,2,1200,2,1260,2,1205,2,1172,2,1203,2,1240,2,1329,2,1296,2,1278,2,1347,2,1441,2,1406,2,1340,2,1432,2,1442,2,1431,1,1435,2,1472,3,1476,2,1392,2,1443,2,1368,2,1297,1,1426,2,1459,2,1347,2,1417,2,1467,2,1482,2,1498,2,1462,2,1378,1,1435,2,1427,2,1374,2,1411,2,1436,2,1460,1,1458,2,1469,2,1448,2,1465,2,1453,2,1497,2,1443,2
,12:09:04,37,1196,2,1202,2,1189,2,1197,2,1265,2,1212,2,1171,2,1202,2,1242,2,1334,2,1295,2,1277,3,1350,2,1437,2,1414,1,1347,3,1434,2,1443,2,1437,2,1436,2,1476,2,1477,2,1389,2,1444,2,1372,1,1294,2,1432,2,1463,2,1348,2,1418,2,1473,2,1483,2,1498,2,1465,2,1389,2,1438,2,1437,2,1373,2,1419,2,1438,1,1451,2,1462,2,1462,1,1446,3,1468,2,1461,2,1505,2,1434,2
,12:13:04,36.9,1197,2,1202,2,1192,1,1198,1,1250,3,1209,2,1183,2,1205,2,1244,3,1337,2,1297,2,1279,2,1349,1,1438,2,1417,2,1348,1,1434,2,1447,1,1432,2,1439,2,1481,2,1473,1,1385,2,1447,2,1373,2,1295,2,1433,1,1460,2,1354,2,1421,2,1476,2,1487,3,1500,1,1466,1,1387,2,1435,1,1428,2,1374,2,1416,2,1436,2,1457,2,1467,1,1465,1,1445,2,1472,2,1462,2,1498,2,1441,2
,12:17:04,37.1,1192,1,1202,2,1185,2,1196,2,1261,2,1208,2,1175,2,1210,2,1255,2,1336,2,1300,2,1273,2,1342,2,1442,2,1409,1,1341,2,1438,2,1443,2,1437,2,1430,2,1472,2,1471,2,1387,2,1447,2,1372,1,1289,2,1430,2,1460,2,1344,2,1428,2,1471,2,1484,2,1493,2,1462,2,1394,2,1437,1,1423,2,1375,2,1413,2,1435,2,1449,2,1470,2,1466,1,1447,2,1468,1,1463,2,1508,2,1443,1
,12:21:04,37,1193,2,1197,2,1182,2,1191,2,1265,2,1201,3,1177,2,1202,2,1243,2,1333,2,1299,2,1281,2,1351,3,1441,2,1412,3,1339,2,1431,2,1444,1,1428,2,1431,2,1473,1,1475,1,1386,2,1447,2,1363,2,1300,2,1421,2,1457,2,1349,2,1420,2,1465,2,1477,2,1501,2,1470,2,1381,2,1435,2,1430,2,1372,2,1413,2,1439,2,1449,2,1463,2,1466,2,1443,2,1472,2,1462,1,1509,2,1454,2
,12:25:04,37,1196,2,1197,2,1190,2,1196,2,1265,2,1209,2,1174,2,1203,2,1247,2,1331,2,1302,2,1274,2,1347,2,1438,2,1409,2,1335,3,1431,2,1441,2,1435,2,1445,2,1476,2,1467,2,1391,1,1447,1,1370,1,1294,2,1429,1,1457,2,1351,1,1418,1,1468,2,1484,2,1493,1,1464,2,1386,2,1438,2,1431,2,1375,2,1415,2,1440,2,1452,3,1467,2,1471,2,1443,2,1465,2,1459,2,1496,2,1441,2
,12:29:04,37,1196,2,1194,2,1186,3,1200,2,1264,1,1206,2,1173,2,1199,2,1242,2,1333,2,1301,2,1278,2,1346,2,1437,2,1409,2,1342,1,1431,2,1450,2,1431,2,1438,2,1475,2,1474,2,1390,2,1456,2,1364,1,1295,1,1433,2,1451,2,1343,2,1420,2,1476,2,1480,2,1498,2,1466,2,1387,2,1440,2,1434,2,1368,2,1409,2,1441,2,1449,2,1468,2,1462,2,1444,2,1467,3,1461,2,1502,1,1440,2
,12:33:04,37,1195,2,1198,1,1190,2,1192,2,1264,2,1206,2,1176,2,1203,2,1250,2,1333,2,1290,2,1279,2,1348,2,1443,2,1406,2,1341,2,1427,1,1444,2,1428,2,1444,2,1478,2,1477,1,1376,1,1449,1,1366,2,1289,2,1421,3,1459,2,1347,2,1414,2,1475,3,1483,2,1500,2,1469,2,1388,2,1432,2,1431,2,1375,2,1415,2,1439,1,1454,1,1466,2,1464,2,1448,2,1472,2,1458,2,1499,1,1441,2
,12:37:04,37,1192,2,1194,2,1197,2,1204,2,1264,1,1205,2,1179,2,1206,2,1248,1,1340,1,1296,1,1275,2,1347,2,1438,2,1415,2,1341,3,1430,2,1445,1,1440,1,1439,2,1479,2,1478,2,1387,2,1447,1,1369,2,1293,2,1431,2,1459,2,1346,2,1417,2,1476,2,1480,2,1495,2,1462,1,1387,2,1439,1,1420,2,1374,2,1406,3,1434,2,1458,2,1463,1,1460,2,1443,3,1470,2,1455,1,1499,2,1442,3
,12:41:04,37,1199,2,1202,2,1193,2,1198,2,1260,2,1202,2,1171,3,1206,2,1246,2,1340,2,1298,2,1276,2,1348,1,1435,2,1409,2,1340,2,1433,2,1446,3,1432,2,1440,1,1481,2,1468,2,1384,3,1448,2,1367,2,1293,1,1435,2,1461,2,1353,2,1417,2,1471,2,1478,2,1499,1,1468,1,1385,2,1443,1,1425,1,1378,2,1414,2,1439,2,1453,1,1464,1,1471,2,1445,2,1468,2,1461,2,1506,2,1442,2
,12:45:04,37,1193,2,1202,2,1198,2,1196,2,1263,2,1207,2,1180,2,1209,2,1243,1,1330,2,1294,2,1273,2,1344,1,1441,1,1412,2,1340,2,1423,2,1439,1,1430,2,1439,2,1484,2,1478,2,1382,2,1451,2,1368,1,1291,2,1421,1,1461,2,1353,2,1428,2,1463,2,1483,2,1494,2,1468,2,1382,2,1441,2,1426,2,1372,1,1416,2,1436,2,1457,2,1464,2,1463,1,1445,2,1470,3,1465,1,1500,2,1445,1
,12:49:04,37,1200,2,1193,2,1191,2,1195,1,1266,1,1213,2,1175,3,1207,2,1246,2,1333,2,1300,2,1279,2,1347,2,1438,1,1406,2,1345,2,1436,2,1442,2,1439,2,1438,2,1482,2,1471,1,1385,2,1457,1,1368,1,1300,2,1430,1,1456,2,1358,2,1420,2,1470,2,1480,2,1496,2,1460,2,1388,2,1438,2,1439,2,1378,2,1413,2,1436,3,1452,2,1465,2,1470,1,1449,2,1472,2,1457,2,1507,2,1449,2
,12:53:04,37,1201,2,1201,2,1194,2,1195,2,1268,1,1210,2,1174,2,1212,2,1246,2,1342,3,1297,2,1276,2,1345,2,1437,2,1410,2,1343,2,1430,2,1442,2,1434,2,1439,2,1480,1,1475,2,1386,2,1451,2,1374,1,1292,2,1433,2,1464,2,1338,1,1419,1,1478,2,1493,2,1495,2,1465,2,1388,1,1431,2,1424,2,1378,1,1410,2,1434,2,1450,2,1465,2,1468,2,1446,2,1471,2,1463,2,1504,2,1441,2
,12:57:04,37,1200,2,1200,2,1194,1,1196,2,1270,1,1214,2,1173,2,1205,2,1252,2,1334,2,1299,2,1272,2,1346,2,1439,2,1407,2,1348,3,1437,2,1444,2,1435,2,1437,1,1483,2,1470,2,1385,2,1452,2,1375,2,1288,1,1429,2,1456,2,1348,2,1424,2,1479,2,1475,2,1495,1,1476,2,1382,2,1437,1,1425,1,1370,2,1417,1,1438,2,1453,2,1469,2,1457,2,1443,2,1474,1,1462,2,1511,2,1453,2
,13:01:04,37,1193,2,1198,1,1186,2,1199,2,1256,2,1210,1,1172,2,1204,2,1240,1,1334,2,1297,1,1270,2,1340,2,1434,1,1404,1,1342,1,1429,2,1445,2,1425,2,1431,2,1471,2,1474,2,1385,2,1451,2,1370,2,1286,2,1432,1,1456,2,1352,2,1420,1,1473,2,1484,2,1492,2,1465,1,1383,2,1434,2,1432,2,1372,2,1411,1,1441,2,1454,2,1464,2,1471,2,1445,2,1470,1,1466,1,1497,2,1440,2
,13:05:04,37,1195,2,1198,2,1187,2,1196,2,1260,2,1204,2,1174,2,1205,2,1256,2,1331,2,1298,2,1273,2,1339,1,1433,2,1411,1,1337,2,1433,2,1443,2,1438,2,1437,2,1483,2,1470,2,1384,2,1448,2,1370,2,1288,2,1426,2,1457,2,1338,2,1413,2,1470,2,1477,3,1492,2,1465,2,1390,2,1434,2,1427,2,1375,2,1415,1,1437,2,1455,3,1460,2,1464,2,1441,2,1465,2,1464,2,1498,2,1444,1
,13:09:04,36.9,1201,2,1199,2,1178,2,1195,2,1263,2,1206,1,1175,1,1205,2,1236,2,1331,1,1292,2,1273,2,1344,1,1437,1,1404,2,1337,2,1427,2,1445,2,1434,2,1437,2,1478,2,1469,2,1383,3,1451,2,1369,2,1284,2,1423,2,1465,2,1342,1,1418,2,1473,2,1482,2,1495,2,1464,2,1385,2,1441,2,1422,1,1372,1,1405,2,1437,2,1459,2,1463,2,1463,2,1443,2,1468,2,1466,1,1497,2,1443,1
,13:13:04,37,1197,2,1193,1,1187,2,1200,2,1262,2,1210,2,1182,2,1204,1,1240,1,1337,2,1296,2,1270,3,1346,2,1433,2,1401,3,1342,2,1437,2,1444,2,1437,2,1442,2,1479,1,1474,2,1386,2,1453,2,1371,1,1292,2,1434,2,1452,2,1346,1,1426,2,1472,2,1485,2,1498,2,1465,2,1388,2,1435,2,1427,2,1376,2,1408,2,1438,2,1455,2,1465,2,1466,2,1442,1,1471,2,1458,2,1502,2,1448,1
,13:17:04,37,1195,2,1197,2,1189,1,1197,2,1271,2,1209,2,1178,2,1202,3,1249,2,1334,2,1295,2,1277,2,1348,2,1442,1,1410,2,1347,2,1435,2,1437,2,1434,1,1434,2,1475,2,1475,2,1388,2,1449,2,1364,2,1293,2,1429,2,1455,2,1344,1,1421,2,1471,2,1490,2,1501,2,1470,3,1392,2,1433,2,1429,2,1374,2,1415,1,1436,2,1452,1,1467,2,1468,1,1452,3,1467,2,1461,2,1501,2,1441,1
,13:21:04,37,1193,2,1199,1,1185,2,1195,2,1264,2,1212,2,1176,1,1212,2,1244,2,1333,2,1296,1,1277,2,1351,2,1445,1,1406,2,1346,2,1436,2,1440,3,1430,2,1440,2,1484,2,1476,2,1388,1,1451,2,1374,2,1292,2,1436,2,1456,2,1346,1,1414,2,1468,2,1484,2,1496,2,1467,2,1384,2,1443,1,1431,2,1378,2,1416,2,1449,2,1455,2,1467,2,1463,2,1441,1,1472,2,1462,2,1505,1,1433,1
,13:25:04,37,1196,2,1200,2,1188,1,1199,2,1266,2,1213,2,1178,2,1210,2,1246,2,1331,2,1294,3,1278,2,1345,2,1437,1,1408,2,1342,2,1436,2,1444,2,1435,2,1441,2,1472,2,1473,3,1393,2,1445,1,1367,2,1298,1,1429,2,1464,2,1347,2,1421,2,1476,2,1483,2,1505,2,1467,2,1388,2,1440,2,1428,2,1381,1,1412,2,1427,2,1451,2,1469,3,1464,2,1449,2,1477,2,1459,2,1505,2,1444,2
,13:29:04,37,1195,2,1202,2,1189,2,1191,2,1261,2,1206,1,1177,2,1205,2,1245,1,1328,2,1295,2,1275,2,1339,2,1443,2,1409,2,1335,2,1431,2,1440,3,1433,1,1441,2,1476,2,1479,2,1386,1,1444,2,1366,2,1293,2,1427,2,1452,2,1347,2,1419,2,1466,1,1482,2,1499,2,1460,2,1385,2,1427,2,1428,2,1374,2,1419,1,1436,2,1455,2,1462,2,1462,2,1443,2,1470,2,1458,2,1507,2,1439,2
,13:33:04,37.1,1192,3,1195,2,1187,2,1196,2,1261,2,1206,2,1180,2,1206,1,1251,1,1331,2,1295,2,1282,2,1340,1,1440,2,1408,2,1343,2,1432,2,1443,2,1435,2,1440,2,1481,2,1473,2,1389,2,1453,2,1369,2,1289,2,1421,1,1448,3,1348,2,1422,2,1476,2,1488,2,1485,1,1467,2,1385,1,1430,2,1431,2,1374,2,1416,2,1432,1,1455,2,1465,2,1472,1,1451,2,1471,2,1457,2,1497,1,1442,1
,13:37:04,37,1203,2,1189,3,1196,2,1195,2,1268,2,1202,2,1169,2,1207,2,1247,2,1332,2,1299,2,1273,2,1348,1,1442,2,1413,2,1347,3,1440,2,1437,2,1432,2,1439,2,1478,1,1470,1,1384,2,1445,2,1372,2,1298,1,1431,2,1453,2,1347,2,1420,2,1480,2,1485,2,1503,2,1469,2,1384,1,1437,2,1419,1,1375,2,1414,3,1427,2,1452,2,1464,2,1460,2,1451,2,1464,1,1462,2,1506,1,1449,0
,13:41:04,37,1197,1,1197,1,1186,2,1197,2,1263,2,1210,2,1173,2,1205,3,1237,2,1341,2,1300,2,1278,1,1345,1,1432,2,1409,2,1338,2,1436,2,1450,2,1439,2,1438,2,1478,2,1474,1,1384,2,1453,2,1370,2,1287,2,1431,2,1462,2,1352,1,1423,1,1473,2,1487,2,1493,2,1468,2,1386,1,1441,2,1428,2,1374,2,1417,1,1440,2,1461,2,1463,1,1459,2,1451,2,1471,2,1458,2,1498,2,1447,1
,13:45:04,37,1194,1,1192,1,1192,2,1199,3,1261,2,1208,2,1182,2,1214,2,1242,2,1335,2,1303,1,1275,2,1342,2,1441,2,1411,2,1337,2,1434,2,1441,2,1433,2,1436,2,1476,2,1480,2,1384,2,1449,1,1373,2,1293,2,1431,2,1453,2,1357,1,1427,1,1473,3,1483,2,1495,2,1465,2,1382,2,1432,2,1429,2,1378,2,1416,1,1442,2,1457,2,1464,2,1461,3,1446,2,1468,2,1462,2,1506,2,1448,2
,13:49:04,37,1194,2,1198,2,1186,2,1196,2,1265,2,1207,2,1178,2,1197,2,1247,2,1332,1,1290,2,1275,1,1338,2,1442,2,1410,2,1336,2,1440,2,1442,3,1431,1,1435,2,1476,1,1474,2,1383,1,1448,2,1373,2,1290,2,1422,1,1455,2,1345,2,1417,1,1474,2,1483,2,1491,2,1461,1,1377,1,1434,2,1428,2,1380,2,1412,2,1442,2,1455,2,1476,2,1465,2,1444,2,1460,2,1459,2,1506,2,1448,2
,13:53:04,37,1197,1,1200,1,1188,2,1198,2,1268,2,1216,2,1185,2,1203,1,1246,2,1333,2,1301,2,1277,2,1343,1,1434,1,1413,2,1342,2,1431,2,1439,2,1437,1,1440,2,1476,3,1475,1,1386,2,1453,2,1374,2,1287,2,1425,2,1457,2,1345,2,1420,2,1472,2,1486,2,1498,1,1462,2,1382,2,1432,2,1426,2,1370,2,1414,1,1442,2,1450,1,1463,2,1461,2,1448,2,1470,2,1461,1,1497,2,1443,1
,13:57:04,37,1191,2,1193,2,1183,2,1196,1,1261,2,1205,3,1179,2,1206,2,1246,2,1344,2,1292,2,1274,2,1343,2,1436,2,1405,2,1345,2,1433,2,1444,3,1436,2,1446,2,1478,2,1471,2,1378,2,1454,1,1373,2,1292,2,1423,2,1453,3,1348,2,1424,2,1469,2,1473,1,1495,2,1464,2,1382,1,1432,2,1436,2,1375,2,1410,2,1438,2,1451,2,1469,2,1459,2,1437,2,1469,1,1450,2,1507,2,1437,2
,14:01:04,37,1197,2,1197,2,1193,3,1195,2,1265,2,1206,2,1175,2,1206,1,1243,2,1335,2,1296,2,1274,2,1349,1,1434,1,1407,2,1341,1,1434,2,1457,2,1428,2,1442,2,1477,2,1475,2,1387,2,1444,2,1377,2,1292,2,1434,2,1460,2,1345,2,1419,2,1476,2,1488,2,1501,2,1468,1,1384,2,1435,1,1430,2,1373,2,1413,2,1436,1,1458,2,1468,2,1471,2,1450,2,1460,2,1460,1,1500,2,1450,1
,14:05:04,37,1199,1,1201,2,1188,2,1196,2,1263,2,1205,2,1186,3,1202,2,1242,2,1336,2,1302,2,1279,2,1341,2,1438,2,1404,2,1340,2,1423,1,1443,2,1427,2,1435,2,1476,2,1475,2,1384,2,1449,1,1370,2,1296,2,1429,2,1464,2,1354,2,1417,2,1476,2,1479,2,1492,2,1467,2,1385,1,1433,2,1433,2,1371,2,1413,3,1436,2,1452,2,1461,2,1461,1,1452,2,1468,2,1462,1,1503,2,1444,1
,14:09:04,37,1193,2,1193,2,1190,2,1192,2,1263,2,1214,2,1176,2,1203,2,1238,2,1334,2,1294,2,1275,1,1346,2,1445,2,1402,1,1338,2,1430,2,1451,2,1431,1,1432,1,1476,2,1475,2,1376,2,1445,2,1371,2,1292,2,1432,1,1458,2,1347,1,1417,2,1473,2,1477,2,1499,2,1467,2,1383,2,1442,2,1425,2,1377,2,1413,2,1441,2,1454,2,1461,2,1463,2,1449,1,1466,2,1460,2,1501,3,1447,1
,14:13:04,37,1195,1,1197,2,1190,2,1192,1,1265,2,1207,2,1171,2,1210,2,1242,2,1334,2,1299,2,1273,1,1344,2,1439,2,1414,2,1336,2,1432,1,1445,2,1436,2,1432,1,1476,2,1471,2,1384,2,1451,2,1372,2,1292,2,1432,2,1456,2,1340,2,1421,3,1467,2,1487,2,1493,2,1465,2,1383,2,1433,1,1430,2,1369,2,1406,2,1442,2,1456,2,1464,2,1463,1,1441,2,1459,2,1466,1,1500,2,1439,2
,14:17:04,37,1198,1,1199,2,1184,2,1199,2,1259,2,1211,2,1178,2,1203,2,1242,2,1337,2,1293,1,1275,2,1334,2,1429,2,1409,2,1341,2,1431,2,1446,2,1429,2,1441,2,1478,1,1480,2,1384,2,1442,2,1366,2,1284,2,1424,2,1463,2,1342,2,1420,2,1471,2,1483,2,1490,3,1468,1,1387,2,1430,1,1431,2,1375,2,1415,2,1441,3,1451,2,1470,2,1470,2,1452,2,1463,1,1462,2,1490,2,1449,2
,14:21:04,37.1,1198,2,1199,2,1187,2,1191,2,1269,1,1202,2,1174,2,1206,2,1243,2,1339,2,1300,2,1265,1,1337,2,1438,2,1418,2,1338,2,1423,2,1447,2,1438,2,1432,1,1476,2,1475,2,1384,2,1450,2,1367,2,1287,3,1427,2,1453,2,1348,1,1420,3,1472,2,1480,2,1500,2,1465,1,1381,2,1435,2,1426,2,1371,2,1411,2,1443,2,1447,2,1463,2,1463,2,1450,2,1465,2,1459,2,1500,2,1441,2
,14:25:04,37,1191,2,1191,2,1190,2,1200,3,1261,2,1199,2,1181,2,1204,3,1238,2,1333,2,1294,2,1276,3,1341,2,1442,2,1414,2,1336,2,1432,2,1440,2,1434,2,1436,1,1485,1,1471,1,1387,2,1451,2,1372,2,1293,2,1432,2,1458,1,1354,2,1430,2,1474,2,1485,2,1501,2,1469,2,1379,2,1434,1,1430,2,1375,1,1413,2,1436,2,1453,1,1464,2,1463,2,1446,2,1464,1,1457,2,1501,2,1444,2
,14:29:04,37,1195,2,1192,2,1187,2,1198,1,1267,2,1205,2,1176,2,1207,3,1240,2,1323,2,1298,2,1277,3,1340,2,1442,2,1404,2,1334,2,1441,1,1436,2,1438,2,1441,1,1483,2,1478,2,1382,2,1455,1,1372,2,1294,2,1424,2,1459,2,1344,2,1414,2,1475,2,1481,2,1489,2,1472,3,1374,2,1441,1,1429,2,1376,2,1416,2,1441,2,1453,2,1465,2,1461,2,1438,2,1474,1,1457,1,1502,2,1443,2
,14:33:04,37.1,1193,2,1192,2,1189,2,1200,2,1260,2,1209,2,1167,1,1207,2,1244,2,1339,2,1300,2,1277,1,1337,1,1435,1,1408,2,1338,2,1435,2,1442,1,1429,2,1433,2,1474,2,1478,2,1381,2,1444,2,1371,2,1288,1,1431,2,1454,1,1344,2,1420,2,1471,2,1485,3,1493,2,1466,2,1371,2,1433,2,1432,2,1371,1,1419,2,1438,2,1452,3,1463,1,1469,2,1444,2,1466,2,1452,2,1499,1,1443,1
,14:37:04,37,1195,2,1201,2,1193,2,1201,3,1261,2,1204,3,1174,2,1204,2,1235,2,1330,2,1296,2,1271,2,1344,2,1445,2,1405,2,1338,3,1440,2,1445,2,1428,2,1439,2,1479,1,1475,2,1382,1,1447,2,1375,2,1294,2,1427,2,1457,2,1341,2,1421,2,1471,2,1483,2,1496,2,1464,2,1380,2,1433,1,1426,2,1378,2,1415,2,1432,2,1458,2,1460,1,1468,1,1447,2,1477,2,1464,2,1493,2,1451,2
,14:41:04,37,1193,2,1201,2,1186,2,1196,2,1264,2,1205,2,1176,2,1209,2,1232,2,1343,2,1296,2,1281,2,1342,2,1435,2,1406,2,1329,2,1431,1,1441,2,1433,1,1438,1,1472,2,1472,2,1382,2,1454,2,1368,1,1279,2,1434,2,1459,2,1341,2,1419,2,1466,2,1486,2,1494,2,1466,1,1378,2,1434,2,1432,2,1368,2,1411,1,1442,2,1452,2,1466,2,1465,2,1442,2,1463,2,1467,2,1495,2,1442,2
,14:45:04,37,1197,2,1201,2,1188,2,1189,2,1261,2,1199,2,1177,2,1204,2,1233,2,1331,2,1302,2,1274,2,1341,2,1438,2,1412,2,1337,2,1431,2,1440,1,1430,2,1425,2,1476,3,1473,1,1385,2,1451,1,1367,2,1294,2,1427,2,1454,2,1344,2,1424,3,1470,2,1483,2,1492,2,1465,2,1379,2,1436,3,1434,2,1377,2,1413,2,1434,2,1452,2,1459,2,1462,2,1444,2,1474,2,1463,2,1500,1,1446,3
,14:49:04,37,1193,2,1201,2,1186,2,1201,2,1261,2,1205,3,1171,2,1210,1,1240,2,1330,3,1301,2,1277,2,1339,2,1447,2,1404,2,1337,1,1439,2,1439,2,1431,2,1433,2,1480,2,1467,2,1385,2,1451,2,1364,2,1288,2,1433,2,1461,2,1346,2,1423,2,1478,2,1480,2,1495,2,1462,2,1378,2,1435,2,1428,2,1375,1,1420,2,1442,2,1455,2,1463,2,1459,2,1446,3,1475,2,1458,2,1507,2,1434,2
,14:53:04,37,1194,3,1194,2,1189,2,1193,2,1265,2,1207,2,1177,2,1204,2,1235,2,1339,1,1298,2,1273,1,1335,2,1439,1,1407,1,1340,1,1426,2,1439,2,1424,2,1444,2,1477,2,1477,2,1386,2,1448,2,1368,1,1286,2,1429,2,1447,3,1350,2,1420,2,1472,2,1488,2,1504,2,1465,1,1383,2,1430,2,1439,2,1373,1,1409,2,1432,2,1446,2,1465,2,1463,2,1445,2,1470,2,1448,2,1501,2,1441,2
,14:57:04,37.1,1190,2,1200,2,1193,1,1198,1,1259,2,1208,2,1176,2,1207,1,1239,2,1337,2,1294,2,1274,2,1345,2,1442,2,1403,2,1338,2,1432,2,1446,2,1436,2,1446,2,1481,2,1478,2,1385,2,1451,2,1374,2,1285,3,1431,2,1462,2,1347,2,1419,2,1467,2,1486,2,1496,2,1469,2,1379,2,1437,1,1430,1,1373,1,1413,2,1441,2,1456,1,1471,2,1462,2,1451,1,1476,2,1455,2,1498,2,1444,2
,15:01:04,37,1198,2,1200,1,1192,2,1196,2,1265,2,1205,1,1172,2,1200,2,1245,1,1336,2,1302,2,1272,2,1339,2,1437,1,1411,2,1332,2,1430,1,1445,2,1439,2,1434,2,1477,2,1479,2,1385,1,1456,2,1371,2,1283,1,1428,2,1449,2,1344,1,1420,1,1469,2,1483,2,1496,1,1466,2,1368,2,1434,2,1423,2,1364,2,1410,1,1441,2,1453,2,1461,2,1464,2,1446,2,1464,2,1454,2,1501,2,1442,2
,,,,,,,,,,,,,,,,,,,,,,,,,,,,,,,,,,,,,,,,,,,,,,,,,,,,,,,,,,,,,,,,,,,,,,,,,,,,,,,,,,,,,,,,,,,,,,,,,,
"485,610",,,,,,,,,,,,,,,,,,,,,,,,,,,,,,,,,,,,,,,,,,,,,,,,,,,,,,,,,,,,,,,,,,,,,,,,,,,,,,,,,,,,,,,,,,,,,,,,,,
,,,,,,,,,,,,,,,,,,,,,,,,,,,,,,,,,,,,,,,,,,,,,,,,,,,,,,,,,,,,,,,,,,,,,,,,,,,,,,,,,,,,,,,,,,,,,,,,,,
,Time,"T° 485,610",M1,M2,M3,M4,M5,M6,M7,M8,M9,M10,M11,M12,M13,M14,M15,M16,M17,M18,M19,M20,M21,M22,M23,M24,N1,N2,N3,N4,N5,N6,N7,N8,N9,N10,N11,N12,N13,N14,N15,N16,N17,N18,N19,N20,N21,N22,N23,N24,O1,O2,O3,O4,O5,O6,O7,O8,O9,O10,O11,O12,O13,O14,O15,O16,O17,O18,O19,O20,O21,O22,O23,O24,P1,P2,P3,P4,P5,P6,P7,P8,P9,P10,P11,P12,P13,P14,P15,P16,P17,P18,P19,P20,P21,P22,P23,P24
,0:01:04,37,1407,2,1390,1,1374,2,1415,2,1545,2,1549,2,1593,2,1581,2,1604,2,1452,2,1463,2,1586,2,1477,2,1334,2,1346,2,1438,2,1418,2,1370,2,1370,2,1396,2,1433,2,1444,1,1431,2,1404,2,1422,2,1423,2,1405,2,1394,2,1413,1,1424,2,1325,2,1407,2,1434,2,1401,2,1429,2,1417,2,1307,2,1326,2,1311,3,1848,2,1816,2,1832,1,1808,2,1750,2,1768,2,1772,1,1625,2,1831,2
,0:05:04,37,1379,2,1372,1,1364,2,1404,2,1531,2,1553,1,1571,2,1558,2,1582,2,1435,1,1460,2,1568,2,1469,2,1323,2,1334,2,1434,2,1406,2,1361,2,1370,2,1395,2,1417,2,1436,2,1414,2,1378,2,1396,2,1400,2,1393,2,1387,2,1409,2,1408,2,1309,2,1394,2,1418,2,1391,2,1399,2,1393,1,1274,2,1307,2,1286,1,1812,2,1785,2,1812,2,1771,1,1724,2,1733,1,1735,2,1598,2,1794,2
,0:09:04,37,1357,2,1354,2,1348,2,1379,2,1524,2,1532,2,1555,2,1533,2,1564,2,1416,2,1430,2,1543,2,1466,2,1303,2,1318,2,1416,2,1386,2,1341,2,1350,2,1382,2,1405,1,1422,2,1399,1,1362,2,1364,2,1381,2,1376,2,1369,2,1395,2,1385,2,1301,2,1376,2,1403,2,1383,2,1388,2,1377,2,1265,2,1282,2,1274,1,1772,2,1745,2,1780,2,1749,2,1706,2,1708,2,1708,2,1581,2,1770,2
,0:13:04,37,1332,2,1329,3,1323,2,1365,1,1505,1,1515,2,1537,2,1514,2,1529,2,1402,2,1415,2,1527,2,1471,2,1290,2,1311,2,1403,2,1374,2,1335,2,1331,2,1363,2,1386,1,1397,2,1374,2,1355,2,1360,2,1372,2,1360,2,1356,1,1391,2,1384,2,1289,2,1364,1,1390,2,1372,1,1374,2,1366,2,1257,2,1273,2,1257,1,1747,2,1729,2,1767,2,1734,2,1687,2,1688,2,1698,2,1562,2,1740,1
,0:17:04,37,1329,2,1318,2,1316,2,1352,2,1487,2,1497,2,1516,2,1497,2,1518,2,1395,1,1408,2,1506,2,1460,2,1286,2,1301,2,1384,2,1364,2,1326,2,1329,2,1363,2,1378,2,1387,2,1370,3,1343,2,1357,2,1357,2,1352,2,1347,2,1380,2,1382,2,1285,2,1361,2,1379,1,1365,2,1367,2,1372,2,1250,2,1272,2,1256,2,1736,2,1721,2,1741,2,1726,2,1674,2,1682,2,1688,2,1556,2,1728,2
,0:21:04,37,1312,2,1307,2,1305,2,1339,2,1474,2,1481,2,1502,2,1485,1,1495,2,1382,2,1394,3,1493,2,1454,2,1277,1,1295,2,1386,2,1355,2,1320,2,1322,2,1364,2,1379,2,1380,2,1374,2,1343,2,1343,2,1364,2,1349,2,1344,2,1374,2,1366,1,1280,2,1364,2,1386,2,1356,2,1360,2,1362,2,1250,2,1265,2,1255,1,1729,2,1715,2,1732,2,1708,1,1667,2,1678,2,1672,2,1553,2,1721,2
,0:25:04,37,1309,2,1294,2,1303,2,1332,2,1462,2,1474,2,1498,2,1471,2,1493,2,1384,1,1399,2,1492,2,1455,1,1271,2,1292,2,1382,2,1342,2,1316,2,1314,2,1360,2,1373,2,1375,2,1358,2,1342,2,1345,1,1363,2,1347,1,1339,2,1372,2,1370,1,1274,2,1355,2,1373,2,1358,1,1353,2,1356,2,1252,2,1257,1,1248,2,1729,2,1709,1,1728,2,1703,2,1662,2,1666,2,1666,2,1546,2,1718,2
,0:29:04,37,1307,2,1294,1,1293,2,1324,2,1446,2,1466,2,1491,2,1461,2,1493,2,1371,2,1385,2,1480,2,1438,2,1265,2,1286,2,1377,3,1345,1,1311,2,1312,2,1360,1,1374,2,1379,2,1366,2,1338,2,1344,2,1357,2,1339,2,1345,2,1378,2,1365,2,1284,2,1349,1,1376,2,1356,2,1347,2,1361,2,1252,2,1252,2,1255,2,1723,2,1702,2,1728,1,1702,2,1655,2,1668,2,1665,2,1545,2,1713,1
,0:33:04,37,1297,2,1289,2,1289,2,1320,2,1452,1,1466,2,1489,2,1460,2,1477,2,1376,2,1378,2,1479,2,1434,1,1265,2,1296,2,1381,3,1344,2,1307,2,1312,2,1357,2,1371,1,1369,2,1364,2,1336,2,1345,2,1352,2,1336,1,1351,2,1374,2,1368,2,1270,2,1344,2,1376,1,1354,2,1353,2,1361,2,1248,2,1259,2,1250,2,1713,2,1694,2,1721,2,1699,2,1659,2,1657,2,1660,2,1531,1,1714,2
,0:37:04,37,1303,2,1288,2,1292,2,1316,2,1444,2,1461,3,1476,2,1448,2,1480,2,1373,2,1375,2,1471,2,1435,1,1270,2,1286,2,1375,2,1342,2,1303,2,1304,2,1361,3,1375,2,1369,2,1360,2,1341,1,1334,2,1365,2,1336,2,1347,2,1371,3,1367,2,1280,1,1351,2,1375,2,1358,2,1355,2,1363,2,1250,2,1260,2,1246,2,1709,2,1694,3,1727,2,1695,2,1656,2,1657,2,1656,2,1540,2,1720,1
,0:41:04,37,1298,2,1287,1,1286,2,1324,2,1439,2,1457,2,1479,1,1456,2,1482,2,1372,2,1382,2,1485,2,1447,2,1266,2,1281,2,1371,2,1338,2,1306,2,1311,2,1351,2,1370,2,1368,1,1356,1,1339,2,1344,2,1352,2,1339,2,1345,2,1372,1,1364,1,1269,2,1347,2,1384,2,1357,2,1343,1,1358,2,1246,2,1248,2,1253,2,1715,2,1687,2,1716,2,1696,2,1658,2,1651,1,1656,2,1540,2,1704,2
,0:45:04,37,1306,2,1287,2,1284,2,1319,2,1438,2,1455,2,1477,2,1456,2,1475,2,1368,2,1381,2,1476,1,1444,2,1265,2,1289,2,1373,2,1340,1,1305,2,1312,2,1361,2,1370,2,1373,2,1366,3,1339,1,1341,2,1352,2,1340,2,1345,2,1378,2,1365,2,1278,2,1340,2,1382,2,1359,1,1348,1,1354,2,1260,2,1259,1,1253,1,1709,2,1686,1,1723,2,1694,1,1655,2,1657,2,1656,2,1538,2,1720,2
,0:49:04,37,1295,1,1292,1,1286,2,1318,2,1447,2,1453,2,1472,2,1453,2,1481,2,1360,2,1376,1,1479,2,1439,1,1264,2,1294,2,1378,1,1344,2,1304,2,1309,1,1367,2,1375,2,1361,1,1361,2,1342,2,1338,2,1360,2,1339,2,1354,3,1369,2,1364,2,1274,2,1345,2,1380,2,1356,2,1356,1,1358,2,1254,2,1255,2,1253,2,1714,2,1690,2,1725,2,1688,2,1652,2,1648,2,1653,1,1538,2,1718,2
,0:53:04,37,1298,2,1279,2,1291,2,1317,2,1442,2,1460,1,1481,2,1458,2,1480,2,1357,2,1377,2,1477,2,1444,2,1268,1,1289,2,1367,1,1341,2,1301,2,1310,2,1358,2,1378,2,1364,2,1368,2,1339,1,1341,2,1359,2,1343,2,1348,2,1372,2,1366,2,1275,2,1347,1,1379,2,1352,2,1348,2,1361,2,1255,1,1255,2,1254,2,1710,2,1696,1,1717,1,1683,2,1650,2,1653,2,1647,2,1531,2,1716,1
,0:57:04,37,1291,2,1285,2,1278,2,1307,1,1443,2,1452,2,1474,1,1445,2,1477,2,1366,2,1373,2,1474,2,1439,2,1268,2,1294,2,1377,2,1347,2,1307,1,1310,2,1362,2,1377,2,1358,2,1366,2,1343,2,1344,2,1354,2,1335,2,1350,1,1374,2,1375,2,1269,2,1345,2,1381,2,1352,2,1352,2,1361,2,1251,2,1252,2,1257,1,1706,2,1683,2,1712,2,1686,1,1647,2,1650,2,1654,2,1544,2,1708,2
,1:01:04,37.1,1300,2,1286,2,1288,2,1312,2,1443,2,1453,2,1470,2,1448,2,1472,2,1366,2,1379,1,1475,2,1445,2,1256,2,1291,2,1371,2,1332,2,1311,2,1316,1,1367,2,1376,2,1370,2,1362,2,1345,2,1335,3,1357,2,1333,2,1353,2,1368,2,1374,1,1280,2,1356,2,1377,2,1348,2,1341,2,1365,2,1251,2,1260,2,1255,2,1711,2,1688,2,1705,2,1690,2,1654,2,1644,2,1651,1,1534,2,1706,2
,1:05:04,37,1293,2,1282,2,1287,2,1315,2,1440,2,1460,2,1473,2,1455,2,1472,2,1353,2,1375,3,1479,2,1438,1,1264,1,1287,2,1370,2,1341,2,1306,2,1315,2,1363,2,1378,2,1365,2,1368,2,1332,2,1336,2,1351,2,1338,2,1346,2,1371,2,1367,2,1277,2,1347,2,1373,2,1353,2,1348,2,1371,2,1250,2,1251,2,1250,2,1705,2,1684,1,1708,2,1682,2,1644,2,1638,1,1661,2,1534,2,1705,1
,1:09:04,37,1298,2,1279,2,1283,2,1316,2,1440,2,1453,2,1481,2,1456,2,1475,2,1363,1,1380,2,1482,2,1443,3,1260,2,1287,2,1378,2,1332,2,1307,2,1315,2,1365,2,1385,2,1363,2,1365,2,1347,2,1340,2,1360,2,1335,1,1356,2,1365,2,1370,2,1282,2,1347,1,1384,2,1354,2,1348,1,1358,2,1254,2,1255,2,1257,2,1710,2,1692,2,1712,2,1691,2,1640,2,1647,2,1651,2,1533,2,1705,2
,1:13:04,37,1298,2,1282,2,1276,2,1320,2,1446,2,1454,2,1476,2,1456,2,1474,2,1366,2,1378,2,1479,2,1439,2,1267,2,1291,2,1372,2,1337,2,1307,2,1316,2,1371,2,1381,2,1371,2,1374,2,1349,2,1345,2,1354,2,1339,2,1348,1,1364,2,1374,2,1279,1,1346,2,1382,2,1355,2,1345,1,1358,2,1255,2,1255,2,1252,2,1706,2,1685,2,1712,2,1688,2,1645,2,1643,2,1642,2,1525,1,1714,2
,1:17:04,37,1295,1,1278,2,1275,2,1312,2,1446,1,1453,2,1472,2,1448,2,1481,2,1364,2,1376,2,1480,2,1443,2,1265,2,1293,2,1371,2,1344,2,1305,2,1319,2,1365,2,1381,2,1368,2,1373,2,1346,2,1344,2,1347,2,1334,2,1346,2,1375,2,1371,2,1280,2,1347,2,1384,2,1356,2,1353,2,1363,2,1254,2,1259,2,1261,1,1703,1,1680,2,1711,1,1678,2,1654,1,1647,2,1641,2,1537,2,1708,2
,1:21:04,37,1297,2,1278,1,1283,1,1314,2,1438,2,1459,2,1468,2,1456,2,1479,2,1364,2,1377,1,1479,2,1442,2,1266,2,1295,2,1368,2,1334,1,1310,1,1320,2,1365,2,1377,2,1375,2,1369,2,1341,1,1340,2,1356,2,1333,2,1350,2,1371,1,1372,2,1282,2,1352,2,1381,2,1361,2,1346,2,1362,2,1259,2,1256,2,1267,2,1701,2,1681,2,1709,2,1690,3,1646,2,1636,2,1644,2,1538,1,1708,2
,1:25:04,37,1293,2,1278,2,1278,2,1315,2,1441,2,1453,2,1474,2,1448,2,1477,2,1360,1,1372,2,1483,2,1436,2,1263,2,1290,2,1369,2,1330,2,1309,2,1316,2,1372,2,1378,2,1364,2,1361,2,1355,2,1343,2,1357,2,1338,1,1352,2,1374,2,1371,2,1284,2,1342,1,1382,2,1358,2,1352,1,1363,2,1260,2,1258,2,1254,1,1700,2,1687,2,1705,2,1688,1,1651,2,1639,2,1647,1,1539,2,1702,2
,1:29:04,37,1294,2,1282,1,1287,2,1315,2,1445,2,1455,2,1469,2,1454,2,1478,1,1362,2,1382,2,1474,2,1442,2,1261,2,1293,2,1374,2,1334,2,1309,2,1325,1,1365,2,1384,2,1374,2,1372,1,1352,2,1341,2,1358,2,1338,2,1350,2,1372,2,1375,1,1284,1,1345,2,1379,2,1353,2,1349,2,1363,2,1251,2,1260,2,1257,1,1704,2,1687,2,1714,2,1688,2,1646,2,1637,2,1649,1,1536,2,1705,2
,1:33:04,37,1295,2,1281,2,1280,2,1313,2,1444,2,1455,2,1474,2,1454,2,1478,2,1362,2,1380,2,1472,2,1439,2,1266,2,1293,2,1374,2,1339,2,1313,2,1315,1,1365,2,1382,2,1365,2,1377,2,1341,1,1347,2,1357,3,1337,2,1348,2,1375,2,1378,2,1282,2,1347,2,1377,2,1354,2,1352,2,1361,2,1255,2,1262,2,1251,2,1699,2,1685,2,1708,2,1681,2,1650,2,1648,2,1649,2,1531,2,1699,2
,1:37:04,37,1295,2,1274,2,1283,1,1315,2,1438,1,1455,2,1474,2,1454,2,1472,2,1364,2,1372,2,1482,2,1441,2,1265,2,1297,2,1376,2,1329,2,1313,2,1319,2,1363,2,1393,2,1374,2,1371,2,1346,2,1343,2,1359,1,1333,2,1355,2,1371,2,1379,2,1286,2,1349,2,1386,2,1356,2,1351,2,1364,1,1253,1,1260,2,1259,2,1700,2,1686,1,1698,2,1672,2,1646,1,1640,2,1648,2,1529,2,1703,1
,1:41:04,37,1293,2,1280,2,1287,2,1314,2,1446,2,1461,1,1472,2,1448,2,1478,2,1361,1,1369,2,1475,2,1439,2,1266,2,1294,1,1378,2,1332,2,1310,2,1316,2,1371,2,1384,2,1372,2,1367,2,1349,2,1338,2,1353,2,1339,2,1352,2,1378,2,1378,2,1287,2,1357,2,1381,2,1362,2,1351,2,1361,2,1260,2,1257,2,1258,2,1702,2,1684,2,1707,2,1677,2,1640,2,1641,2,1647,2,1535,2,1697,3
,1:45:04,37,1303,2,1284,2,1279,2,1308,2,1446,2,1460,2,1474,2,1453,1,1476,2,1365,2,1375,2,1484,2,1441,2,1267,2,1286,1,1366,2,1336,2,1308,1,1317,2,1361,2,1390,2,1369,2,1370,2,1348,2,1342,2,1359,2,1335,2,1353,2,1378,2,1376,2,1282,2,1355,2,1384,3,1355,2,1349,2,1366,2,1251,2,1258,2,1265,2,1706,2,1683,2,1701,2,1682,2,1646,2,1634,2,1641,2,1535,2,1706,2
,1:49:04,37.1,1300,2,1273,2,1280,2,1317,2,1443,3,1451,1,1471,2,1456,2,1473,2,1369,2,1368,1,1471,1,1443,2,1264,1,1290,1,1383,2,1339,2,1314,2,1323,2,1370,2,1384,2,1369,2,1374,2,1347,2,1344,2,1360,2,1329,1,1356,2,1374,2,1378,2,1289,1,1349,2,1384,2,1357,2,1346,2,1358,1,1259,2,1263,2,1259,2,1696,2,1688,2,1705,2,1679,2,1643,2,1646,2,1644,2,1534,1,1704,2
,1:53:04,37,1298,2,1277,2,1280,2,1321,2,1442,2,1462,2,1475,2,1456,2,1478,2,1366,2,1375,2,1477,2,1436,2,1267,2,1295,2,1376,2,1338,2,1314,2,1314,2,1379,1,1381,2,1373,2,1371,2,1350,2,1341,1,1354,2,1340,1,1356,2,1372,2,1379,2,1285,2,1350,2,1386,2,1351,2,1349,2,1361,2,1259,2,1252,2,1263,2,1700,2,1676,2,1702,2,1674,2,1643,2,1638,2,1641,2,1527,2,1699,1
,1:57:04,37,1296,2,1283,2,1286,2,1315,2,1445,2,1454,2,1469,2,1456,2,1472,2,1356,2,1373,2,1475,2,1443,2,1269,1,1293,1,1370,2,1343,2,1314,3,1324,2,1369,2,1387,2,1372,1,1369,2,1352,1,1336,2,1356,2,1342,1,1352,2,1368,1,1377,2,1292,2,1347,2,1387,1,1360,2,1351,2,1367,2,1264,2,1255,2,1261,2,1698,2,1684,2,1703,2,1691,2,1647,2,1633,2,1648,2,1528,2,1703,2
,2:01:04,37,1295,2,1280,2,1289,2,1312,2,1442,2,1446,2,1475,2,1459,2,1476,2,1357,1,1377,2,1481,2,1439,2,1264,2,1289,1,1379,2,1333,2,1316,2,1319,2,1374,2,1388,2,1370,2,1372,2,1348,2,1345,2,1354,2,1338,2,1352,2,1376,2,1380,2,1291,2,1353,2,1387,2,1363,2,1353,1,1361,1,1256,2,1258,2,1262,2,1699,2,1671,2,1702,2,1682,1,1635,2,1637,2,1644,1,1528,2,1697,1
,2:05:04,37,1290,2,1273,2,1288,2,1317,2,1439,2,1451,2,1479,2,1444,2,1474,2,1368,2,1380,2,1478,2,1443,2,1270,2,1285,2,1374,2,1342,2,1311,2,1319,2,1370,2,1394,2,1368,1,1376,2,1355,2,1339,2,1353,2,1335,2,1354,2,1374,2,1383,2,1289,2,1356,2,1387,2,1360,2,1350,2,1363,2,1261,2,1255,2,1267,2,1686,2,1676,2,1694,2,1676,1,1638,2,1639,2,1652,1,1528,2,1705,2
,2:09:04,37.1,1299,2,1279,1,1283,2,1311,2,1441,2,1461,2,1470,2,1451,2,1477,2,1364,2,1378,1,1476,1,1443,2,1265,2,1292,2,1379,2,1336,2,1307,3,1318,2,1373,2,1387,2,1372,2,1372,2,1347,2,1342,2,1361,2,1329,2,1352,2,1370,2,1375,2,1291,2,1354,2,1390,1,1354,2,1356,2,1360,3,1261,2,1256,2,1257,2,1700,2,1678,1,1703,2,1679,1,1638,2,1635,2,1644,2,1529,2,1705,2
,2:13:04,37,1298,2,1281,1,1274,1,1312,2,1446,2,1453,1,1473,2,1448,2,1483,2,1364,2,1377,2,1481,2,1446,2,1262,1,1289,2,1373,2,1338,2,1315,2,1320,2,1371,2,1388,2,1367,1,1373,2,1341,1,1337,2,1355,2,1336,1,1350,2,1379,2,1383,2,1293,2,1348,2,1382,2,1360,2,1349,2,1359,2,1265,2,1260,2,1262,2,1702,2,1677,2,1707,2,1674,1,1641,2,1638,2,1633,2,1525,2,1705,2
,2:17:04,37,1298,2,1278,2,1280,2,1315,2,1443,1,1448,1,1472,1,1445,2,1472,2,1361,2,1367,2,1466,2,1438,2,1268,2,1291,2,1376,2,1339,2,1313,2,1326,2,1371,1,1384,2,1370,2,1375,1,1353,2,1343,1,1347,2,1342,2,1357,2,1372,2,1385,2,1290,2,1356,1,1385,2,1360,1,1357,2,1360,1,1265,2,1257,1,1261,2,1698,2,1682,1,1702,2,1673,2,1633,2,1637,1,1650,2,1530,2,1698,2
,2:21:04,37,1294,2,1279,2,1278,2,1319,2,1451,2,1452,2,1479,2,1456,2,1479,2,1362,2,1369,2,1484,2,1436,1,1271,2,1295,2,1373,2,1335,2,1314,2,1331,2,1372,2,1396,2,1369,2,1369,1,1352,2,1345,1,1352,2,1342,2,1359,2,1374,1,1379,2,1292,2,1351,2,1387,2,1357,1,1362,2,1366,2,1260,2,1264,2,1263,1,1694,2,1676,2,1706,2,1677,2,1647,2,1642,2,1643,2,1533,2,1697,2
,2:25:04,37,1294,2,1282,2,1290,2,1314,2,1442,2,1460,2,1470,1,1446,2,1484,3,1355,2,1380,2,1485,2,1435,2,1267,2,1290,2,1373,2,1342,2,1314,2,1326,2,1373,2,1394,2,1375,2,1375,1,1355,2,1349,2,1356,2,1342,1,1354,1,1379,2,1379,2,1297,2,1354,2,1392,2,1354,2,1355,2,1363,1,1264,2,1260,2,1261,2,1698,2,1680,2,1709,2,1672,2,1647,2,1635,2,1641,2,1526,1,1702,2
,2:29:04,37,1291,1,1284,2,1280,2,1321,2,1445,2,1451,1,1472,2,1458,2,1475,1,1358,2,1372,2,1471,2,1436,2,1268,1,1288,2,1375,1,1334,2,1325,2,1319,2,1374,1,1387,2,1373,2,1382,2,1355,2,1344,2,1356,2,1338,2,1347,2,1375,2,1381,2,1297,1,1352,2,1388,2,1362,2,1359,2,1364,2,1268,2,1260,2,1266,2,1695,2,1674,2,1701,2,1677,2,1636,1,1638,2,1641,2,1528,2,1701,2
,2:33:04,37,1295,2,1285,2,1287,1,1307,2,1444,2,1453,3,1472,2,1451,2,1474,2,1361,2,1372,2,1483,2,1432,2,1264,2,1291,2,1365,2,1333,1,1318,2,1333,2,1365,2,1387,2,1370,2,1376,1,1355,2,1346,2,1350,2,1338,2,1354,1,1379,2,1385,2,1298,2,1348,2,1386,2,1358,2,1357,1,1357,2,1260,2,1257,2,1271,2,1695,2,1672,1,1697,3,1680,2,1648,2,1639,2,1645,2,1533,2,1697,1
,2:37:04,37,1299,2,1276,2,1282,2,1308,2,1449,2,1456,2,1479,2,1451,2,1480,2,1365,2,1372,2,1475,2,1431,2,1259,2,1294,2,1374,2,1335,2,1318,2,1331,2,1377,2,1391,2,1374,2,1381,1,1362,2,1338,2,1364,2,1337,2,1352,2,1381,2,1378,2,1302,2,1356,2,1392,2,1360,2,1356,2,1371,2,1271,2,1261,1,1261,2,1694,2,1676,2,1705,2,1676,2,1638,2,1630,2,1631,2,1527,2,1708,2
,2:41:04,37,1294,2,1280,2,1282,2,1309,2,1437,2,1452,2,1478,2,1454,2,1481,2,1361,2,1374,2,1475,2,1439,2,1268,2,1297,2,1375,2,1339,2,1314,2,1327,1,1367,2,1391,2,1371,2,1373,2,1355,2,1344,2,1349,2,1339,2,1359,2,1377,2,1387,2,1297,2,1354,2,1390,2,1363,2,1355,2,1366,2,1261,2,1258,2,1264,2,1698,2,1677,2,1699,2,1671,2,1640,2,1632,2,1641,2,1533,2,1698,2
,2:45:04,37,1295,2,1280,2,1283,2,1313,2,1437,2,1451,2,1473,2,1453,1,1472,2,1367,2,1376,2,1467,2,1439,2,1269,2,1295,2,1373,2,1345,2,1324,1,1320,2,1373,2,1388,2,1371,2,1369,1,1352,2,1340,2,1350,2,1337,2,1358,2,1382,2,1378,2,1292,2,1353,2,1394,1,1359,1,1353,2,1367,2,1262,2,1261,2,1266,2,1698,2,1674,2,1700,1,1676,2,1633,3,1635,2,1636,1,1526,2,1699,2
,2:49:04,37.1,1294,2,1278,2,1281,1,1315,2,1439,2,1456,2,1476,2,1449,2,1474,2,1360,1,1380,2,1469,2,1437,2,1262,1,1294,2,1378,2,1338,2,1313,2,1327,1,1371,2,1402,2,1380,2,1380,2,1354,2,1338,1,1357,2,1340,2,1354,2,1374,2,1378,2,1297,2,1345,2,1393,2,1360,2,1356,2,1369,2,1265,2,1264,2,1261,2,1696,1,1674,2,1701,2,1682,2,1643,1,1630,1,1639,2,1531,2,1702,2
,2:53:04,37,1295,2,1282,2,1274,1,1320,2,1442,2,1464,2,1466,2,1447,2,1477,2,1360,2,1372,2,1467,2,1443,2,1270,2,1287,1,1382,2,1335,2,1323,2,1328,2,1374,2,1401,2,1365,2,1378,1,1355,2,1339,2,1362,2,1337,2,1361,1,1381,2,1380,1,1294,2,1356,2,1390,2,1359,2,1352,2,1363,2,1263,2,1260,2,1260,2,1700,2,1680,2,1693,2,1680,2,1640,2,1631,2,1635,2,1535,1,1700,1
,2:57:04,37,1302,2,1276,2,1278,2,1310,2,1443,2,1446,2,1478,1,1455,2,1469,2,1366,2,1373,2,1472,2,1437,2,1264,2,1288,2,1375,2,1336,2,1317,2,1321,2,1370,2,1397,1,1372,2,1377,2,1354,1,1344,2,1355,1,1340,2,1355,2,1379,1,1383,2,1298,2,1360,2,1391,1,1356,2,1351,2,1365,2,1271,2,1264,2,1267,2,1698,2,1673,2,1695,1,1675,2,1639,2,1627,2,1646,2,1523,2,1703,2
,3:01:04,37,1305,2,1281,2,1284,2,1317,2,1443,2,1460,3,1473,2,1452,2,1475,2,1359,2,1380,2,1473,2,1436,1,1259,2,1301,2,1377,2,1343,2,1323,2,1325,1,1374,1,1395,1,1374,2,1380,2,1351,1,1339,2,1357,2,1336,2,1356,2,1380,2,1388,2,1299,2,1359,2,1395,2,1361,1,1358,2,1364,1,1270,2,1260,2,1270,2,1701,2,1669,2,1705,2,1683,2,1637,2,1642,2,1637,2,1529,2,1692,2
,3:05:04,37,1298,2,1280,2,1286,2,1320,2,1447,2,1455,2,1476,2,1448,2,1475,2,1367,2,1373,2,1468,2,1434,2,1261,2,1293,2,1379,2,1337,1,1324,2,1328,2,1376,2,1395,2,1376,2,1385,2,1365,2,1343,2,1354,2,1336,2,1358,2,1374,2,1379,2,1299,2,1352,1,1390,2,1356,2,1353,2,1363,2,1267,2,1262,2,1267,2,1691,2,1681,2,1697,1,1672,2,1639,2,1638,2,1640,2,1531,2,1696,1
,3:09:04,37,1301,2,1282,2,1276,2,1318,2,1431,1,1457,2,1469,2,1445,2,1479,1,1363,2,1369,2,1481,2,1440,2,1264,2,1291,2,1373,2,1342,2,1317,2,1327,2,1373,2,1393,3,1376,2,1381,2,1359,1,1339,2,1358,3,1338,2,1357,1,1372,2,1384,2,1294,2,1350,2,1391,2,1356,2,1347,1,1360,2,1269,2,1266,2,1271,2,1695,2,1669,2,1703,2,1681,2,1632,1,1629,2,1646,2,1529,1,1704,2
,3:13:04,37,1297,2,1271,2,1287,2,1316,2,1443,1,1461,2,1472,2,1450,2,1481,2,1364,2,1380,2,1479,2,1437,2,1267,2,1292,2,1371,1,1340,2,1316,1,1331,2,1375,2,1401,2,1376,2,1378,2,1362,2,1348,2,1362,2,1335,2,1358,2,1385,1,1385,2,1303,2,1346,2,1398,2,1357,2,1358,2,1354,2,1267,2,1259,2,1265,1,1694,2,1671,2,1692,2,1674,1,1641,2,1632,2,1632,2,1526,2,1703,1
,3:17:04,37,1296,2,1278,2,1284,1,1319,2,1444,2,1458,2,1472,2,1446,2,1484,2,1364,2,1374,1,1469,2,1433,1,1267,2,1290,2,1377,2,1348,2,1315,2,1334,2,1373,2,1393,2,1376,1,1381,1,1356,1,1346,2,1353,2,1338,2,1362,2,1380,1,1376,2,1294,2,1350,2,1398,1,1353,1,1348,2,1360,2,1265,2,1256,2,1273,2,1689,2,1674,2,1703,2,1681,2,1646,2,1634,1,1638,1,1535,2,1701,2
,3:21:04,37,1297,1,1283,1,1276,2,1311,2,1439,2,1452,2,1468,2,1448,2,1481,2,1366,2,1373,2,1474,2,1436,2,1264,2,1294,1,1367,2,1342,2,1319,2,1322,2,1367,1,1398,2,1380,2,1375,2,1352,2,1348,2,1354,2,1330,2,1352,2,1380,2,1384,2,1294,2,1357,2,1392,2,1354,2,1363,1,1359,2,1268,2,1254,2,1264,1,1685,2,1671,2,1697,1,1677,1,1634,2,1642,1,1638,2,1533,2,1704,2
,3:25:04,37,1297,1,1277,2,1282,2,1314,2,1443,2,1458,2,1468,2,1458,2,1479,1,1359,2,1378,2,1473,2,1441,2,1265,2,1291,2,1373,2,1338,2,1321,2,1328,2,1375,2,1395,2,1377,2,1381,2,1355,2,1347,2,1354,2,1338,2,1358,2,1380,2,1388,2,1302,2,1354,1,1393,2,1359,2,1351,2,1365,1,1274,2,1262,2,1264,2,1696,2,1677,2,1700,1,1676,2,1641,2,1632,1,1641,2,1533,2,1696,2
,3:29:04,37,1298,2,1280,2,1282,2,1316,2,1446,2,1459,2,1479,2,1456,2,1483,2,1366,2,1378,2,1477,2,1438,2,1262,1,1293,2,1376,2,1339,2,1323,2,1330,1,1372,2,1396,2,1374,2,1377,2,1362,2,1349,2,1363,2,1339,1,1359,2,1372,2,1384,1,1306,2,1360,2,1398,2,1357,2,1362,2,1370,2,1272,2,1262,1,1264,2,1698,2,1675,2,1698,2,1680,2,1635,2,1639,2,1628,2,1531,1,1705,1
,3:33:04,37.1,1302,2,1282,2,1286,2,1320,2,1444,2,1459,2,1477,2,1450,2,1480,2,1366,1,1372,2,1482,2,1441,2,1262,1,1289,2,1374,2,1346,1,1318,2,1326,2,1373,2,1399,2,1371,2,1379,2,1358,1,1340,2,1356,2,1336,2,1362,2,1376,2,1383,2,1300,2,1353,2,1391,2,1354,2,1353,2,1359,2,1277,2,1262,2,1273,1,1692,2,1680,2,1697,2,1675,2,1641,2,1636,2,1641,2,1525,2,1706,2
,3:37:04,37,1295,2,1284,2,1281,2,1313,2,1435,2,1465,2,1479,2,1452,2,1482,2,1363,2,1370,2,1469,1,1440,2,1270,2,1297,1,1377,2,1347,2,1320,2,1326,2,1372,2,1397,2,1368,2,1384,2,1358,2,1349,1,1353,2,1336,1,1359,2,1373,2,1387,2,1301,2,1351,2,1396,2,1360,2,1358,2,1361,2,1274,2,1265,1,1263,1,1687,2,1673,2,1696,2,1673,1,1632,2,1628,2,1649,2,1522,2,1691,1
,3:41:04,37,1295,2,1285,2,1280,2,1317,2,1442,2,1456,2,1468,2,1449,2,1478,1,1362,2,1372,2,1471,2,1431,2,1269,2,1294,2,1374,2,1345,2,1322,2,1332,2,1375,2,1386,1,1369,2,1376,2,1359,2,1340,2,1360,2,1336,2,1359,1,1377,2,1388,2,1297,2,1348,1,1397,2,1356,2,1355,2,1360,2,1273,2,1271,1,1273,2,1688,2,1676,2,1693,2,1677,2,1633,2,1635,2,1635,2,1530,2,1701,2
,3:45:04,37,1296,2,1275,2,1283,2,1311,3,1447,2,1447,2,1472,2,1453,2,1472,2,1363,2,1372,2,1474,1,1438,1,1269,2,1294,2,1383,1,1337,2,1313,2,1327,3,1378,1,1398,2,1376,2,1384,2,1359,2,1341,2,1355,2,1336,1,1351,2,1379,2,1377,2,1301,2,1350,1,1399,2,1354,2,1362,1,1361,2,1278,2,1262,1,1270,2,1691,2,1670,2,1701,2,1669,2,1638,2,1631,1,1635,1,1534,2,1701,1
,3:49:04,37,1302,2,1281,2,1281,2,1314,2,1450,1,1454,2,1477,2,1452,2,1480,2,1358,1,1373,2,1477,2,1440,2,1271,2,1300,2,1373,2,1335,2,1319,2,1330,2,1371,2,1393,2,1375,2,1377,2,1361,2,1347,2,1356,2,1339,2,1355,2,1377,2,1384,2,1304,2,1359,2,1406,2,1359,2,1349,2,1368,1,1271,2,1261,1,1267,2,1694,2,1670,2,1700,2,1676,2,1631,2,1637,2,1639,1,1524,2,1706,2
,3:53:04,37.1,1301,2,1274,2,1284,2,1312,2,1444,2,1456,1,1477,3,1446,2,1477,2,1366,2,1375,2,1474,2,1431,2,1267,2,1291,2,1381,2,1338,2,1329,2,1328,2,1380,2,1396,2,1381,2,1383,1,1362,2,1344,1,1355,2,1340,1,1356,2,1371,2,1389,2,1305,2,1357,2,1398,2,1362,2,1352,1,1366,2,1273,2,1263,1,1275,2,1687,2,1678,2,1694,2,1678,2,1631,2,1632,1,1640,1,1529,2,1695,1
,3:57:04,37,1300,2,1278,2,1278,2,1318,2,1443,2,1457,2,1472,2,1458,2,1473,2,1373,2,1377,2,1477,2,1439,2,1268,2,1291,2,1384,2,1345,2,1324,2,1332,2,1374,1,1394,2,1373,2,1385,2,1362,2,1346,1,1362,2,1331,2,1359,2,1380,2,1384,2,1303,2,1358,2,1397,2,1366,2,1349,2,1369,2,1270,2,1268,1,1272,2,1699,2,1667,1,1701,1,1682,2,1640,1,1639,2,1636,2,1532,2,1707,2
,4:01:04,37,1297,2,1282,2,1284,2,1314,2,1448,2,1461,1,1470,2,1449,2,1470,2,1364,1,1383,2,1474,1,1441,2,1272,2,1293,2,1374,2,1342,2,1328,2,1329,2,1383,2,1394,2,1377,2,1386,2,1363,2,1345,2,1350,2,1336,2,1356,1,1374,2,1387,2,1301,2,1358,2,1395,2,1356,2,1359,2,1364,2,1282,2,1264,2,1272,2,1699,2,1677,2,1694,1,1674,2,1641,2,1637,1,1640,2,1526,2,1697,1
,4:05:04,37,1299,2,1281,2,1282,2,1322,2,1438,2,1464,2,1475,1,1450,2,1475,2,1369,2,1377,2,1475,1,1431,2,1272,2,1297,1,1380,2,1347,1,1322,2,1330,2,1384,3,1400,2,1372,2,1378,2,1359,2,1352,2,1353,2,1334,2,1365,2,1380,2,1388,1,1308,2,1358,2,1397,2,1359,2,1358,1,1364,2,1280,1,1260,2,1277,2,1698,2,1679,2,1697,2,1679,2,1648,2,1630,2,1633,2,1530,1,1696,2
,4:09:04,37,1295,2,1286,2,1286,2,1319,2,1445,2,1455,2,1477,2,1456,2,1485,2,1365,2,1376,2,1471,2,1434,2,1270,2,1294,2,1381,2,1345,1,1319,2,1329,1,1378,2,1393,2,1375,2,1384,2,1362,2,1347,2,1358,2,1339,1,1360,2,1380,2,1388,2,1299,2,1354,2,1398,2,1364,2,1359,2,1360,2,1272,2,1264,2,1273,1,1701,2,1679,2,1702,2,1679,2,1637,1,1638,2,1643,2,1528,2,1697,1
,4:13:04,37,1296,1,1282,2,1284,2,1319,2,1446,2,1463,2,1476,2,1452,2,1476,2,1375,2,1374,2,1468,1,1436,2,1275,2,1291,2,1380,1,1335,2,1325,2,1329,2,1386,2,1396,2,1382,2,1377,2,1359,2,1348,2,1358,2,1343,2,1357,2,1383,2,1385,2,1301,2,1352,2,1405,2,1363,2,1356,2,1360,2,1270,2,1264,1,1274,2,1694,1,1682,2,1696,2,1675,2,1638,2,1642,2,1630,2,1527,2,1697,2
,4:17:04,37,1304,2,1282,1,1283,2,1321,2,1446,2,1454,2,1480,2,1450,2,1484,2,1368,2,1370,2,1479,2,1441,2,1266,2,1293,2,1380,3,1343,2,1326,2,1341,2,1380,2,1400,2,1378,2,1385,2,1358,2,1346,3,1355,1,1336,2,1364,2,1379,2,1386,1,1304,2,1355,2,1407,2,1360,1,1359,2,1364,2,1282,1,1269,2,1276,2,1701,2,1682,2,1700,3,1675,2,1642,2,1636,2,1639,2,1533,2,1702,1
,4:21:04,37.1,1303,2,1284,2,1288,2,1314,2,1441,1,1464,2,1475,2,1453,2,1474,2,1370,1,1383,2,1475,2,1438,2,1268,2,1293,2,1381,2,1346,2,1320,2,1332,2,1384,2,1394,2,1377,2,1378,1,1371,2,1354,2,1359,2,1343,2,1363,2,1380,2,1391,2,1300,1,1362,2,1399,2,1364,2,1357,3,1365,2,1266,2,1266,1,1273,1,1702,2,1674,2,1694,1,1669,2,1640,2,1630,2,1636,1,1531,2,1704,2
,4:25:04,37,1297,2,1281,2,1284,2,1320,2,1443,1,1459,2,1470,2,1456,2,1481,2,1366,2,1370,2,1473,2,1434,2,1269,1,1305,1,1380,2,1341,2,1331,2,1334,2,1377,2,1394,2,1377,2,1382,2,1362,2,1345,2,1352,2,1331,2,1368,2,1384,2,1391,2,1305,2,1359,2,1395,2,1362,2,1358,2,1364,2,1276,2,1261,2,1271,2,1700,2,1668,2,1700,2,1675,2,1643,2,1644,2,1630,2,1533,2,1709,2
,4:29:04,37,1296,2,1290,2,1277,2,1310,2,1444,2,1460,2,1481,2,1452,2,1480,2,1365,2,1379,2,1478,2,1439,1,1263,2,1295,1,1374,2,1342,2,1325,2,1333,2,1379,2,1391,2,1378,2,1389,2,1359,2,1344,2,1349,2,1337,2,1354,2,1382,2,1384,2,1299,2,1361,1,1396,2,1365,2,1362,2,1359,1,1276,2,1265,2,1270,2,1693,2,1674,2,1703,2,1675,2,1631,2,1627,2,1639,2,1532,2,1701,2
,4:33:04,37,1303,2,1282,2,1280,2,1319,2,1442,2,1453,2,1475,2,1450,2,1466,2,1366,1,1383,2,1479,2,1444,2,1268,2,1292,2,1380,2,1340,2,1316,2,1332,2,1380,2,1400,2,1380,2,1383,1,1361,2,1348,2,1356,2,1337,2,1365,2,1382,2,1386,2,1297,2,1353,1,1391,2,1361,2,1358,2,1359,2,1283,2,1265,1,1274,1,1692,2,1674,1,1703,2,1681,2,1635,3,1637,2,1636,2,1531,1,1691,2
,4:37:04,37,1298,2,1281,2,1284,2,1320,2,1446,2,1456,2,1474,2,1443,1,1472,2,1365,1,1376,2,1473,1,1432,2,1266,2,1298,2,1377,2,1342,2,1325,1,1335,1,1383,2,1397,2,1376,2,1390,2,1363,2,1349,1,1358,2,1341,2,1357,2,1382,2,1383,2,1304,2,1355,2,1405,2,1364,2,1362,2,1364,2,1281,2,1257,2,1270,2,1699,2,1675,2,1693,2,1671,2,1641,2,1633,2,1641,2,1536,2,1699,2
,4:41:04,37,1295,2,1286,2,1287,2,1319,2,1443,2,1463,2,1481,2,1458,2,1481,2,1359,2,1379,2,1482,2,1434,1,1271,2,1296,2,1388,2,1346,2,1329,2,1332,2,1380,2,1395,2,1382,2,1390,1,1368,2,1356,2,1355,1,1345,2,1362,1,1389,1,1395,2,1304,2,1361,1,1397,2,1363,2,1357,2,1366,2,1279,2,1265,2,1272,2,1696,2,1672,2,1705,2,1671,2,1639,2,1642,2,1649,2,1530,2,1698,1
,4:45:04,37.1,1299,2,1284,2,1277,2,1320,2,1449,2,1453,2,1466,2,1451,1,1479,2,1365,2,1375,1,1474,2,1441,2,1269,2,1298,2,1380,2,1348,2,1325,2,1339,2,1387,2,1396,2,1385,2,1386,2,1357,2,1341,1,1356,2,1341,2,1363,2,1386,2,1386,2,1306,2,1363,2,1400,2,1369,2,1360,1,1366,2,1275,2,1266,2,1266,2,1696,2,1676,2,1697,2,1678,2,1640,2,1634,2,1640,2,1530,2,1698,2
,4:49:04,37,1294,2,1277,2,1281,2,1311,2,1439,2,1453,2,1478,2,1445,2,1471,2,1358,2,1370,2,1467,2,1430,2,1267,2,1294,2,1378,2,1341,2,1323,2,1335,2,1383,2,1398,2,1372,1,1386,1,1361,2,1350,2,1364,2,1339,2,1367,2,1380,2,1393,2,1309,2,1359,2,1398,2,1368,2,1365,2,1361,2,1277,1,1261,2,1273,2,1703,1,1674,2,1697,2,1672,2,1636,2,1631,2,1635,2,1534,2,1691,1
,4:53:04,37,1299,2,1280,2,1276,2,1320,1,1444,2,1456,2,1480,2,1454,1,1479,2,1363,2,1382,2,1482,2,1437,2,1271,2,1291,2,1377,2,1343,2,1329,2,1331,2,1380,2,1388,2,1375,2,1388,2,1366,2,1347,1,1353,2,1340,2,1363,2,1390,2,1394,2,1301,2,1365,2,1397,2,1368,1,1365,2,1366,2,1282,1,1259,2,1277,2,1695,2,1673,2,1697,2,1680,2,1640,2,1634,2,1633,2,1527,2,1705,1
,4:57:04,37,1297,2,1286,2,1278,2,1316,3,1449,2,1451,1,1473,2,1450,2,1475,2,1361,2,1379,2,1471,2,1441,1,1268,2,1293,1,1380,2,1346,1,1327,2,1325,2,1384,1,1399,2,1382,2,1381,2,1364,1,1342,2,1357,2,1339,1,1356,1,1380,2,1387,1,1300,1,1355,3,1402,2,1366,2,1359,2,1358,2,1279,2,1264,2,1266,3,1690,2,1677,2,1700,2,1673,2,1641,2,1628,2,1644,1,1526,2,1694,2
,5:01:04,37,1301,2,1281,2,1285,2,1318,2,1446,2,1460,2,1471,2,1448,1,1481,1,1367,1,1370,2,1467,2,1437,2,1265,1,1297,1,1383,2,1342,2,1329,2,1335,2,1378,2,1394,2,1378,2,1383,2,1365,2,1354,2,1355,2,1341,2,1365,1,1373,2,1391,2,1307,2,1360,1,1401,2,1360,2,1363,2,1363,1,1281,2,1260,2,1270,1,1705,2,1679,2,1699,2,1668,2,1634,2,1636,2,1642,1,1529,2,1701,1
,5:05:04,37,1302,2,1277,2,1284,2,1311,2,1451,2,1446,2,1472,2,1455,2,1483,2,1368,2,1371,2,1469,2,1438,2,1267,2,1295,2,1375,2,1352,2,1325,2,1336,2,1378,2,1397,2,1383,2,1382,2,1370,2,1350,2,1349,2,1345,2,1361,2,1383,2,1387,2,1305,1,1360,1,1411,2,1362,2,1359,2,1367,2,1278,2,1260,2,1269,2,1695,2,1671,2,1695,2,1675,2,1640,1,1630,2,1635,1,1530,2,1706,2
,5:09:04,37,1291,2,1283,2,1285,2,1316,2,1443,2,1454,2,1474,2,1453,3,1480,2,1358,2,1382,2,1485,1,1435,2,1269,2,1295,1,1380,1,1340,1,1320,2,1337,2,1380,1,1400,1,1377,2,1377,2,1361,2,1351,2,1356,1,1341,2,1364,2,1381,2,1392,1,1307,2,1362,2,1397,2,1365,2,1369,2,1374,2,1280,2,1264,2,1269,1,1691,2,1674,2,1698,2,1681,2,1639,3,1636,3,1642,2,1536,2,1700,2
,5:13:04,37,1303,2,1288,2,1282,2,1314,2,1449,2,1451,2,1464,1,1455,2,1480,2,1372,2,1373,2,1479,2,1438,2,1277,2,1292,2,1384,2,1337,2,1330,2,1329,1,1378,2,1396,2,1378,2,1377,2,1360,2,1350,2,1357,2,1338,2,1359,2,1384,1,1388,2,1308,2,1358,2,1399,2,1367,2,1360,2,1361,2,1272,2,1258,2,1277,2,1702,2,1672,1,1691,1,1680,2,1637,2,1633,2,1632,2,1528,1,1699,2
,5:17:04,37,1297,1,1286,2,1283,2,1317,1,1443,2,1454,2,1469,3,1449,1,1479,2,1368,2,1385,3,1473,1,1441,2,1267,2,1301,2,1382,2,1342,1,1325,2,1332,2,1386,2,1401,2,1377,2,1388,2,1363,1,1353,2,1358,2,1341,2,1361,2,1381,2,1392,2,1304,2,1365,2,1405,2,1361,2,1364,2,1361,1,1283,2,1267,2,1279,2,1694,2,1672,2,1694,2,1674,2,1643,2,1630,2,1639,2,1535,2,1700,1
,5:21:04,37,1296,2,1279,2,1282,2,1321,2,1447,2,1461,2,1473,2,1461,1,1479,2,1369,2,1381,2,1478,2,1434,2,1270,1,1301,2,1385,2,1342,2,1329,2,1337,2,1380,1,1404,2,1378,1,1383,2,1367,2,1345,2,1355,1,1345,2,1362,2,1379,2,1392,2,1304,2,1364,1,1411,2,1370,2,1364,2,1366,2,1269,2,1261,2,1272,2,1695,2,1679,2,1699,1,1669,2,1645,2,1636,2,1641,2,1526,2,1701,2
,5:25:04,37.1,1299,1,1278,1,1285,1,1321,2,1444,2,1460,2,1478,1,1456,2,1488,2,1365,2,1381,2,1476,2,1428,2,1273,2,1290,2,1385,2,1347,1,1330,2,1333,2,1377,2,1404,2,1383,1,1384,2,1367,2,1352,2,1358,2,1342,2,1364,2,1384,2,1387,2,1306,2,1356,2,1406,1,1375,1,1364,2,1363,2,1282,2,1265,2,1271,2,1697,2,1675,2,1698,2,1672,2,1636,2,1628,2,1643,2,1525,2,1700,2
,5:29:04,37.1,1297,2,1280,2,1280,2,1315,2,1439,2,1455,2,1479,2,1455,2,1487,2,1364,2,1374,1,1476,1,1434,2,1266,2,1298,1,1386,2,1342,2,1332,1,1333,2,1377,2,1393,2,1378,2,1384,2,1369,2,1343,1,1359,2,1340,2,1366,2,1380,2,1384,2,1304,2,1356,2,1404,2,1361,2,1356,2,1363,2,1277,1,1260,2,1276,2,1695,2,1669,2,1693,2,1667,2,1638,2,1626,2,1639,2,1532,2,1700,1
,5:33:04,37,1299,2,1277,2,1283,2,1312,2,1442,2,1457,3,1470,2,1454,2,1480,2,1364,1,1376,2,1469,2,1439,2,1270,2,1295,2,1384,2,1339,2,1329,2,1334,1,1380,2,1395,2,1386,2,1388,2,1368,2,1347,2,1360,2,1343,2,1363,1,1379,2,1391,2,1306,1,1356,2,1403,2,1361,2,1361,2,1366,1,1281,2,1258,2,1281,1,1700,2,1670,2,1697,2,1671,2,1640,2,1632,1,1629,2,1522,2,1702,2
,5:37:04,37,1304,2,1293,1,1285,2,1316,2,1442,2,1460,2,1474,2,1450,2,1481,2,1369,1,1383,2,1482,1,1437,2,1268,2,1298,2,1381,2,1338,2,1329,2,1337,1,1389,2,1392,2,1376,2,1385,2,1365,1,1347,2,1361,2,1339,2,1366,2,1380,2,1389,2,1312,2,1357,2,1401,1,1364,2,1365,1,1361,2,1285,2,1258,2,1276,1,1695,2,1671,2,1697,2,1675,1,1638,1,1631,2,1640,2,1529,2,1697,2
,5:41:04,37.1,1303,2,1279,1,1291,2,1315,2,1448,2,1454,2,1479,2,1451,2,1479,2,1369,2,1380,2,1477,2,1439,2,1283,2,1298,2,1381,1,1351,2,1329,2,1338,2,1380,2,1397,1,1386,2,1392,2,1366,2,1349,1,1362,1,1344,2,1368,2,1384,1,1397,3,1305,2,1368,2,1410,1,1361,1,1366,2,1369,1,1283,2,1266,1,1276,2,1702,2,1679,1,1695,2,1684,2,1635,2,1638,2,1645,2,1530,2,1696,2
,5:45:04,37,1299,2,1280,1,1282,1,1326,2,1441,2,1459,2,1481,2,1456,2,1478,2,1367,2,1377,2,1476,2,1440,2,1267,2,1295,2,1381,2,1349,2,1329,2,1340,2,1383,2,1409,2,1386,2,1393,2,1367,2,1350,2,1362,2,1336,2,1365,2,1387,2,1391,2,1304,2,1362,2,1400,2,1370,1,1368,2,1368,2,1284,2,1264,2,1277,2,1698,2,1681,2,1693,2,1684,2,1630,2,1635,2,1638,2,1526,2,1696,2
,5:49:04,37,1297,2,1284,2,1286,1,1315,2,1443,2,1458,2,1476,2,1466,2,1473,2,1367,2,1373,2,1470,2,1438,2,1276,2,1294,2,1389,1,1345,2,1333,1,1334,2,1383,1,1404,2,1380,1,1386,1,1366,2,1354,1,1361,2,1341,2,1363,2,1386,2,1389,2,1309,2,1369,1,1407,2,1371,2,1367,2,1368,2,1276,2,1263,1,1275,2,1698,2,1674,2,1699,2,1672,2,1637,2,1634,2,1637,2,1535,2,1706,2
,5:53:04,37.1,1299,2,1281,2,1292,2,1315,2,1443,2,1461,2,1478,2,1453,2,1478,2,1369,2,1380,2,1478,3,1432,2,1276,2,1301,2,1383,2,1344,2,1331,2,1338,2,1383,3,1397,2,1380,2,1391,2,1368,2,1349,2,1355,2,1341,1,1360,2,1381,2,1397,2,1309,2,1364,2,1405,2,1367,2,1363,2,1368,2,1284,2,1269,2,1271,1,1698,2,1670,2,1706,2,1678,2,1643,2,1633,2,1637,2,1531,2,1701,2
,5:57:04,37,1304,2,1284,2,1278,2,1324,1,1445,1,1453,2,1476,2,1454,2,1488,2,1369,2,1375,2,1474,2,1440,2,1266,2,1293,2,1385,1,1348,3,1332,2,1339,1,1389,2,1399,2,1384,2,1393,2,1364,2,1355,2,1361,2,1345,1,1363,2,1385,2,1386,2,1307,2,1364,2,1402,2,1372,2,1361,2,1360,2,1282,2,1256,1,1274,2,1698,2,1674,2,1696,2,1673,2,1637,2,1636,2,1636,2,1535,2,1700,2
,6:01:04,37,1294,2,1287,2,1284,1,1322,2,1448,2,1462,2,1483,2,1453,1,1475,2,1367,2,1374,2,1471,2,1445,2,1273,2,1297,2,1384,2,1353,2,1332,2,1337,2,1382,2,1403,2,1384,2,1389,2,1366,2,1352,2,1359,2,1342,2,1365,2,1388,2,1392,2,1315,2,1358,1,1408,2,1370,2,1368,2,1362,2,1284,1,1259,2,1279,1,1703,2,1682,2,1702,3,1677,2,1638,2,1634,1,1635,2,1529,2,1697,2
,6:05:04,37,1300,2,1285,2,1289,2,1329,2,1452,2,1460,1,1490,2,1460,2,1479,2,1368,2,1385,2,1475,2,1434,2,1283,1,1295,1,1385,2,1346,2,1331,3,1339,2,1377,2,1403,1,1382,1,1392,2,1368,1,1356,2,1363,2,1344,1,1364,2,1389,2,1399,2,1310,2,1365,2,1410,1,1366,2,1366,2,1366,2,1283,2,1265,3,1275,2,1698,1,1674,2,1706,2,1673,2,1640,2,1641,2,1643,2,1535,2,1703,2
,6:09:04,37,1296,1,1288,2,1288,2,1320,2,1446,1,1462,2,1487,2,1457,2,1483,2,1370,2,1378,2,1479,2,1441,1,1282,1,1298,1,1391,2,1345,2,1327,2,1343,3,1387,2,1408,2,1383,2,1390,2,1363,2,1354,2,1366,1,1351,2,1373,2,1381,1,1397,2,1307,2,1358,2,1406,2,1372,2,1365,3,1367,1,1285,2,1269,2,1277,2,1694,2,1683,2,1698,2,1673,2,1648,2,1633,2,1634,1,1532,2,1691,2
,6:13:04,37.1,1306,3,1283,2,1282,2,1318,2,1452,2,1457,2,1481,2,1464,2,1480,2,1368,1,1380,2,1477,2,1436,2,1275,2,1298,2,1382,1,1350,1,1333,2,1339,2,1379,2,1402,1,1383,2,1389,2,1375,2,1356,2,1360,1,1346,2,1367,2,1384,2,1389,3,1314,2,1365,2,1410,2,1371,2,1367,2,1359,1,1289,2,1265,2,1275,1,1691,2,1674,2,1699,2,1679,2,1639,2,1641,1,1642,2,1528,2,1700,2
,6:17:04,37,1303,2,1285,1,1286,2,1315,2,1451,1,1461,2,1478,2,1457,1,1479,2,1373,2,1385,1,1477,2,1440,2,1272,2,1303,2,1385,2,1347,2,1335,2,1340,2,1387,2,1406,2,1385,2,1398,2,1370,2,1358,2,1356,2,1347,2,1365,2,1384,2,1390,2,1302,2,1366,2,1417,2,1379,2,1372,1,1364,2,1284,2,1264,2,1280,1,1695,2,1681,2,1700,2,1679,2,1637,1,1635,2,1646,2,1535,2,1702,2
,6:21:04,37,1299,2,1286,2,1289,1,1323,2,1449,2,1462,2,1479,2,1452,1,1480,2,1375,1,1386,2,1479,2,1443,2,1280,2,1295,2,1385,2,1354,1,1332,2,1342,2,1383,2,1404,2,1387,2,1397,2,1374,2,1359,2,1363,1,1351,2,1363,1,1384,2,1405,2,1309,2,1372,2,1405,2,1363,2,1372,2,1363,2,1290,2,1264,2,1277,2,1699,1,1679,2,1694,2,1686,2,1643,2,1638,2,1638,2,1534,1,1698,2
,6:25:04,37,1300,2,1291,2,1287,1,1321,2,1450,2,1458,2,1479,2,1454,2,1480,2,1370,2,1387,2,1479,2,1438,2,1280,2,1303,1,1383,1,1354,2,1331,2,1342,2,1381,2,1404,2,1386,2,1392,2,1362,1,1357,2,1361,2,1344,1,1363,1,1383,2,1394,1,1310,1,1366,2,1406,2,1367,2,1367,1,1365,2,1292,2,1270,2,1280,2,1697,2,1683,1,1699,2,1675,2,1638,2,1640,1,1643,2,1534,2,1705,1
,6:29:04,37,1301,2,1293,2,1290,1,1325,2,1444,2,1461,2,1476,2,1454,2,1477,2,1368,1,1379,2,1480,2,1440,2,1272,2,1303,1,1382,1,1352,2,1329,2,1340,2,1386,2,1413,2,1391,2,1390,2,1373,2,1353,1,1357,1,1350,2,1367,1,1387,2,1395,1,1308,2,1359,2,1411,2,1372,2,1369,2,1367,2,1290,2,1264,2,1282,2,1703,2,1678,2,1695,2,1673,2,1635,2,1636,1,1646,2,1526,2,1695,1
,6:33:04,37,1299,2,1289,2,1282,2,1322,2,1443,2,1465,2,1479,2,1463,1,1479,2,1374,2,1383,1,1467,2,1440,2,1272,2,1293,1,1383,2,1343,2,1329,2,1337,2,1384,2,1406,2,1387,2,1394,2,1377,2,1347,2,1360,2,1343,2,1364,2,1382,2,1397,2,1317,2,1361,2,1413,2,1370,2,1368,2,1361,1,1280,2,1265,2,1272,2,1697,2,1675,1,1698,2,1678,2,1645,2,1635,2,1638,2,1537,2,1700,2
,6:37:04,37,1300,2,1288,1,1287,2,1316,2,1448,2,1460,2,1479,3,1445,2,1477,2,1369,1,1377,1,1475,1,1433,1,1277,2,1297,2,1384,1,1347,2,1340,2,1344,2,1383,2,1403,2,1383,2,1394,1,1365,1,1355,2,1363,2,1343,2,1375,2,1387,2,1399,2,1311,2,1368,2,1410,2,1379,2,1369,2,1367,2,1284,2,1272,2,1284,2,1700,2,1678,2,1705,2,1675,2,1637,2,1639,2,1641,1,1532,2,1701,1
,6:41:04,37,1300,1,1290,1,1285,2,1326,1,1455,2,1459,2,1473,2,1454,2,1481,2,1367,2,1382,2,1479,2,1442,2,1272,2,1306,2,1388,2,1355,2,1339,2,1335,2,1383,2,1403,2,1389,2,1397,2,1373,2,1354,2,1362,2,1344,2,1364,2,1381,2,1392,2,1318,2,1364,2,1409,2,1371,2,1368,2,1362,2,1292,2,1262,2,1284,2,1707,2,1683,2,1701,2,1674,2,1639,2,1640,2,1635,2,1534,1,1703,1
,6:45:04,37,1302,2,1291,2,1284,2,1317,2,1447,2,1464,2,1478,2,1458,2,1480,2,1371,2,1386,2,1485,2,1443,2,1275,2,1296,2,1383,2,1360,2,1333,1,1346,2,1383,2,1409,2,1394,2,1397,2,1374,2,1360,2,1365,2,1347,2,1364,2,1389,2,1399,2,1316,2,1365,1,1415,1,1368,2,1374,2,1369,2,1292,2,1271,2,1276,2,1698,2,1676,2,1695,2,1683,2,1643,2,1644,2,1648,1,1536,2,1699,2
,6:49:04,37,1294,2,1290,2,1287,2,1327,2,1450,2,1464,2,1481,2,1449,2,1485,2,1373,2,1387,2,1481,2,1439,2,1279,2,1303,1,1390,2,1354,2,1329,2,1335,2,1390,3,1404,2,1393,2,1393,2,1366,2,1353,1,1368,2,1343,2,1366,2,1385,1,1396,2,1308,1,1363,1,1416,2,1375,1,1370,2,1369,2,1286,2,1265,1,1285,2,1701,2,1675,2,1698,2,1681,2,1647,2,1636,2,1641,2,1534,1,1693,1
,6:53:04,37,1297,2,1277,2,1289,2,1330,2,1445,2,1456,2,1481,2,1456,2,1485,1,1377,2,1384,2,1482,2,1448,2,1282,2,1304,1,1388,2,1352,2,1339,2,1337,2,1386,2,1406,2,1387,2,1394,2,1374,2,1350,1,1364,2,1344,2,1368,2,1387,2,1393,2,1310,1,1368,2,1414,2,1377,2,1376,2,1370,1,1286,2,1275,2,1283,2,1694,2,1676,2,1702,2,1672,1,1641,2,1639,2,1645,2,1532,2,1703,2
,6:57:04,37,1308,2,1291,2,1285,2,1319,2,1443,2,1470,2,1481,1,1454,2,1481,2,1368,2,1380,2,1481,2,1446,2,1277,2,1303,2,1383,2,1357,1,1336,1,1342,2,1385,2,1405,2,1385,2,1396,2,1372,2,1360,2,1353,2,1340,1,1366,2,1389,2,1397,2,1318,2,1371,2,1412,2,1368,1,1369,1,1362,2,1294,2,1265,2,1280,1,1697,2,1680,2,1696,2,1680,2,1635,2,1638,2,1642,1,1533,2,1699,1
,7:01:04,37.1,1297,2,1283,2,1285,2,1318,2,1451,2,1456,2,1481,2,1454,2,1484,2,1371,1,1383,1,1481,1,1435,2,1272,2,1300,2,1387,2,1348,2,1330,2,1339,2,1382,2,1407,2,1386,1,1392,1,1366,2,1355,2,1362,2,1347,1,1367,1,1392,2,1399,2,1310,2,1366,2,1410,2,1369,2,1364,2,1358,1,1297,1,1272,2,1279,2,1699,2,1670,2,1711,2,1671,2,1640,2,1639,2,1636,2,1532,2,1704,1
,7:05:04,37,1301,2,1288,2,1289,2,1320,2,1453,2,1466,2,1477,2,1459,2,1476,1,1375,2,1382,2,1474,2,1439,2,1270,2,1299,2,1382,2,1346,1,1332,1,1344,2,1385,2,1411,2,1384,2,1395,2,1369,2,1357,2,1364,2,1346,2,1376,2,1385,2,1398,1,1304,2,1367,2,1416,2,1366,2,1370,2,1368,2,1284,2,1268,2,1285,2,1699,2,1678,2,1699,2,1676,2,1642,1,1637,2,1640,1,1534,2,1708,1
,7:09:04,37.1,1304,1,1292,2,1288,2,1319,2,1449,2,1458,2,1488,2,1456,2,1482,2,1367,2,1380,2,1475,2,1441,2,1277,2,1299,2,1382,2,1357,2,1332,1,1343,2,1387,2,1414,1,1387,2,1398,1,1377,2,1352,2,1362,2,1348,1,1367,1,1383,2,1399,2,1315,2,1362,1,1410,2,1371,2,1369,2,1366,2,1285,2,1265,1,1286,1,1700,2,1673,2,1693,1,1682,2,1637,2,1637,2,1637,2,1537,1,1707,1
,7:13:04,37,1306,2,1293,2,1285,2,1316,2,1448,2,1468,2,1478,1,1457,2,1479,2,1368,2,1381,2,1472,1,1438,2,1273,1,1307,2,1390,1,1355,2,1331,2,1344,2,1394,2,1408,2,1391,1,1391,2,1374,2,1356,2,1358,2,1343,2,1364,2,1390,1,1402,2,1311,1,1367,2,1410,2,1376,2,1375,1,1367,2,1291,2,1261,2,1288,2,1707,2,1680,2,1705,2,1676,1,1644,2,1638,1,1647,2,1537,1,1708,2
,7:17:04,37,1302,2,1284,2,1291,2,1328,1,1447,2,1464,2,1477,2,1456,2,1477,2,1366,1,1384,2,1481,2,1442,2,1279,1,1299,1,1388,3,1358,2,1327,1,1343,2,1386,3,1403,2,1388,2,1393,2,1371,2,1355,2,1373,2,1349,1,1363,1,1387,2,1399,2,1312,1,1368,2,1411,2,1372,2,1364,2,1363,1,1294,2,1263,2,1279,2,1699,2,1672,2,1699,2,1676,2,1644,2,1643,1,1640,2,1530,2,1700,1
,7:21:04,37,1306,1,1288,2,1287,2,1316,1,1455,2,1453,1,1475,2,1455,2,1484,2,1374,2,1388,1,1477,2,1440,2,1277,2,1301,2,1386,2,1349,2,1332,2,1337,2,1389,2,1404,2,1390,2,1396,2,1379,1,1358,2,1359,2,1350,1,1370,2,1380,1,1399,2,1313,2,1367,2,1408,2,1369,2,1371,2,1368,2,1283,2,1270,2,1282,2,1695,1,1675,2,1699,2,1680,2,1643,2,1638,2,1638,2,1539,1,1709,1
,7:25:04,37,1303,2,1287,2,1282,2,1317,2,1449,1,1459,2,1484,2,1454,2,1491,2,1374,2,1386,2,1475,2,1432,2,1276,2,1299,1,1385,2,1355,2,1331,2,1338,2,1383,1,1406,2,1383,2,1393,2,1374,2,1349,2,1361,2,1344,2,1372,2,1384,2,1391,2,1311,2,1370,2,1412,2,1374,2,1370,2,1365,2,1288,2,1268,2,1286,2,1702,2,1675,1,1693,2,1671,2,1634,2,1643,2,1640,2,1534,2,1708,2
,7:29:04,37,1305,1,1289,2,1287,2,1323,2,1448,1,1462,2,1481,2,1459,2,1479,2,1367,2,1388,1,1476,2,1441,1,1278,2,1308,2,1383,2,1350,1,1335,2,1345,1,1390,1,1410,2,1389,2,1392,2,1371,2,1358,2,1363,2,1354,1,1368,2,1387,2,1394,2,1321,2,1365,1,1412,2,1379,2,1372,2,1368,2,1294,1,1265,2,1281,1,1700,2,1679,1,1696,1,1680,2,1655,2,1636,2,1645,2,1537,2,1711,1
,7:33:04,37,1302,2,1286,2,1293,2,1326,2,1441,2,1473,2,1486,2,1462,2,1477,2,1379,2,1390,1,1489,1,1441,1,1272,2,1307,1,1389,2,1350,2,1335,3,1343,2,1379,2,1410,2,1387,2,1393,2,1373,2,1350,2,1361,2,1353,2,1364,2,1378,2,1399,2,1313,2,1367,2,1407,2,1370,1,1375,2,1373,2,1282,2,1265,1,1283,2,1699,2,1677,2,1702,2,1678,2,1637,2,1641,2,1633,2,1537,2,1711,1
,7:37:04,37,1295,1,1288,2,1289,2,1327,2,1445,2,1461,2,1478,2,1459,2,1489,2,1372,2,1379,1,1479,2,1442,2,1280,2,1303,2,1378,2,1350,1,1336,1,1338,2,1386,1,1409,1,1390,2,1399,2,1372,2,1351,2,1362,2,1340,1,1370,2,1388,2,1398,2,1314,2,1366,2,1410,2,1380,2,1375,1,1357,1,1294,2,1270,1,1286,1,1693,2,1677,2,1695,2,1679,2,1650,2,1635,2,1645,2,1533,2,1702,2
,7:41:04,36.9,1302,2,1288,1,1286,1,1321,2,1450,2,1466,2,1478,2,1460,2,1482,2,1371,2,1388,2,1479,2,1434,2,1275,2,1296,2,1382,2,1346,2,1333,2,1346,2,1389,2,1412,2,1393,1,1392,2,1372,2,1357,2,1364,2,1351,2,1364,2,1387,2,1396,2,1312,2,1365,2,1415,2,1377,2,1371,2,1362,2,1290,2,1265,2,1283,2,1701,2,1678,2,1697,2,1672,2,1644,2,1635,2,1647,2,1532,2,1704,2
,7:45:04,37,1305,1,1292,1,1288,2,1328,2,1448,2,1464,2,1472,2,1460,1,1484,1,1367,2,1380,2,1467,2,1431,2,1274,1,1306,2,1386,2,1357,1,1336,2,1350,2,1388,1,1409,2,1381,2,1391,1,1384,2,1357,2,1362,2,1348,2,1361,2,1394,2,1396,2,1314,1,1369,1,1413,1,1376,2,1368,2,1361,2,1285,2,1264,2,1289,2,1696,2,1680,1,1690,2,1676,2,1647,2,1632,2,1643,2,1528,2,1706,2
,7:49:04,37,1303,2,1288,1,1283,2,1328,1,1442,2,1456,2,1478,2,1457,2,1481,2,1373,2,1387,2,1481,1,1434,2,1272,2,1305,2,1385,1,1351,2,1334,2,1339,2,1388,2,1408,2,1385,3,1396,2,1371,3,1359,2,1357,2,1349,1,1368,2,1388,2,1397,2,1313,2,1363,2,1414,2,1373,2,1371,1,1367,1,1291,2,1263,2,1284,2,1704,2,1687,2,1691,1,1670,2,1634,2,1642,2,1643,2,1538,2,1699,2
,7:53:04,37,1301,2,1291,2,1290,1,1329,2,1443,1,1460,2,1480,2,1461,3,1479,2,1372,2,1383,2,1483,2,1440,2,1274,1,1300,2,1391,2,1355,2,1338,2,1340,2,1390,2,1412,2,1383,2,1398,2,1374,2,1352,2,1367,2,1340,2,1374,3,1394,1,1396,1,1321,2,1366,2,1411,2,1368,2,1372,2,1364,2,1289,2,1269,2,1282,2,1700,3,1672,2,1704,2,1677,2,1647,1,1633,2,1639,2,1539,2,1709,2
,7:57:04,37.1,1303,2,1293,3,1285,2,1316,2,1444,2,1463,2,1476,2,1454,2,1484,2,1370,2,1383,2,1474,2,1448,2,1282,2,1303,2,1390,2,1349,2,1335,2,1346,1,1394,2,1416,2,1384,2,1399,2,1380,3,1351,2,1368,2,1343,2,1362,2,1387,2,1398,2,1316,2,1367,2,1409,2,1377,2,1369,2,1358,1,1295,2,1270,1,1283,2,1701,2,1687,2,1704,2,1681,2,1642,1,1647,2,1639,2,1534,2,1715,2
,8:01:04,37.1,1302,2,1287,2,1290,2,1324,2,1449,2,1465,2,1479,2,1458,2,1481,2,1368,2,1382,2,1477,1,1442,2,1274,2,1308,2,1402,2,1351,2,1333,2,1340,1,1388,2,1403,1,1383,1,1395,1,1379,1,1354,1,1362,1,1341,2,1363,2,1390,2,1391,2,1321,2,1366,2,1417,2,1377,2,1369,2,1361,2,1290,2,1268,1,1291,2,1693,2,1675,2,1684,2,1684,1,1641,2,1639,2,1639,2,1534,1,1707,2
,8:05:04,37,1302,2,1295,2,1290,1,1323,2,1454,2,1459,1,1477,2,1458,1,1484,2,1371,2,1382,2,1478,2,1431,2,1278,2,1307,3,1387,2,1347,2,1336,2,1341,1,1387,2,1402,2,1389,1,1395,2,1370,2,1358,2,1360,2,1352,1,1377,3,1385,2,1400,2,1315,2,1359,2,1408,1,1373,1,1374,2,1364,2,1288,2,1265,2,1285,2,1699,2,1682,1,1703,2,1677,2,1634,2,1635,1,1645,2,1537,2,1699,2
,8:09:04,37,1303,2,1280,2,1290,2,1324,2,1458,2,1457,2,1479,2,1455,2,1485,2,1372,2,1385,2,1486,2,1440,2,1274,2,1303,2,1387,2,1359,2,1334,1,1336,2,1388,2,1410,1,1385,2,1392,2,1374,2,1357,1,1369,2,1342,2,1363,2,1385,2,1401,1,1315,2,1364,2,1413,2,1368,2,1366,2,1361,2,1288,2,1262,2,1283,2,1700,2,1677,2,1703,2,1687,2,1641,2,1640,2,1643,2,1538,2,1714,2
,8:13:04,36.9,1294,1,1282,2,1284,2,1326,2,1450,2,1455,3,1476,2,1446,2,1484,1,1374,2,1385,1,1482,2,1440,2,1280,1,1303,2,1393,2,1342,2,1337,2,1338,2,1388,2,1412,2,1386,2,1400,2,1368,2,1350,2,1371,2,1339,2,1367,2,1389,2,1394,2,1324,2,1366,2,1415,2,1373,1,1376,2,1364,1,1292,1,1264,2,1285,2,1696,2,1680,2,1700,2,1678,2,1651,2,1640,2,1641,2,1532,1,1707,2
,8:17:04,37.1,1304,2,1291,2,1288,2,1330,2,1448,2,1467,2,1483,2,1454,1,1488,2,1369,2,1386,2,1485,2,1444,2,1282,2,1305,2,1393,2,1350,2,1333,2,1341,2,1386,2,1405,2,1394,2,1394,2,1377,2,1353,2,1363,2,1351,2,1368,2,1390,2,1403,2,1317,2,1364,2,1419,2,1382,2,1378,1,1371,2,1291,2,1269,2,1287,2,1696,2,1676,2,1695,1,1682,3,1644,2,1639,2,1640,2,1537,2,1705,2
,8:21:04,37,1303,2,1286,2,1286,2,1326,2,1458,2,1466,2,1477,2,1461,2,1479,2,1368,2,1384,2,1485,2,1444,2,1274,2,1305,2,1385,1,1354,2,1340,2,1349,2,1385,2,1405,2,1391,2,1400,2,1376,2,1363,2,1367,2,1348,1,1369,2,1392,2,1400,2,1321,2,1373,2,1410,2,1380,1,1371,2,1366,2,1290,2,1266,2,1282,2,1706,2,1683,2,1702,1,1674,2,1643,2,1642,2,1645,1,1536,2,1706,2
,8:25:04,37,1300,2,1297,2,1289,2,1327,2,1446,2,1460,2,1480,2,1456,2,1483,2,1378,2,1384,2,1475,1,1443,2,1278,2,1310,1,1383,1,1350,2,1346,2,1339,2,1383,2,1411,2,1393,2,1396,2,1370,2,1360,2,1362,2,1350,2,1370,2,1386,1,1395,2,1312,1,1374,2,1414,2,1373,2,1373,2,1370,2,1300,1,1261,2,1292,2,1706,2,1682,1,1700,2,1680,2,1645,2,1639,1,1640,2,1540,2,1711,2
,8:29:04,37,1304,2,1283,2,1287,2,1316,2,1449,2,1460,2,1481,2,1459,2,1480,2,1367,2,1377,2,1470,2,1443,2,1278,2,1305,1,1388,2,1347,1,1339,2,1345,2,1386,2,1414,2,1390,2,1399,2,1377,2,1362,2,1367,2,1343,2,1367,2,1388,2,1405,2,1312,2,1367,2,1411,2,1378,1,1374,2,1366,2,1293,2,1265,2,1278,1,1702,2,1678,2,1703,2,1680,2,1650,2,1632,2,1643,2,1543,2,1707,1
,8:33:04,37,1304,1,1288,2,1293,2,1326,2,1453,2,1466,2,1482,1,1460,2,1482,2,1379,2,1380,2,1475,2,1445,2,1277,2,1307,2,1386,2,1362,2,1345,2,1336,2,1387,1,1406,1,1392,2,1394,2,1371,2,1362,2,1368,1,1357,2,1371,2,1382,2,1393,1,1317,2,1371,1,1411,2,1376,2,1381,1,1364,2,1288,2,1269,2,1289,2,1703,1,1676,2,1702,2,1679,2,1647,2,1645,2,1637,2,1525,2,1710,2
,8:37:04,37,1303,2,1290,2,1286,2,1322,2,1455,2,1454,2,1496,2,1463,2,1476,2,1374,2,1388,2,1480,2,1446,2,1279,2,1295,2,1388,1,1350,2,1337,2,1344,2,1391,2,1407,2,1394,2,1398,1,1371,2,1361,2,1368,2,1347,2,1372,2,1390,2,1400,2,1319,2,1366,2,1412,2,1375,1,1380,2,1367,2,1295,1,1268,2,1290,2,1701,2,1676,2,1702,2,1672,1,1631,2,1636,2,1642,2,1539,2,1708,2
,8:41:04,37,1307,2,1281,2,1291,1,1323,2,1453,2,1457,2,1485,2,1454,2,1479,2,1373,1,1387,2,1478,2,1448,2,1275,2,1295,2,1380,2,1350,2,1338,2,1341,3,1391,2,1409,1,1389,1,1396,2,1372,2,1357,2,1368,2,1346,2,1368,2,1389,2,1399,2,1317,2,1375,1,1416,2,1382,2,1378,2,1365,2,1291,2,1268,2,1287,2,1704,2,1680,2,1695,2,1678,2,1647,2,1647,2,1640,2,1534,2,1704,2
,8:45:04,37,1309,2,1288,2,1289,2,1326,2,1452,2,1462,2,1478,2,1460,2,1481,2,1377,2,1380,2,1481,2,1431,2,1278,2,1300,2,1386,2,1357,2,1340,2,1342,1,1390,2,1411,2,1385,2,1397,2,1374,2,1364,2,1364,2,1346,1,1371,2,1387,2,1393,1,1313,2,1364,2,1412,2,1374,2,1379,2,1371,2,1299,2,1263,2,1286,1,1693,1,1682,1,1698,2,1688,2,1644,2,1643,2,1644,2,1538,2,1705,2
,8:49:04,37,1305,2,1291,2,1286,2,1328,2,1456,2,1465,2,1480,2,1454,2,1479,2,1370,2,1382,2,1480,2,1446,2,1282,2,1305,2,1392,2,1348,2,1337,2,1345,2,1387,2,1413,2,1390,2,1394,2,1371,2,1359,2,1357,3,1352,2,1365,2,1389,1,1398,1,1315,2,1371,2,1414,2,1380,2,1368,2,1373,2,1294,2,1263,2,1291,2,1699,2,1676,2,1699,2,1683,2,1644,2,1644,2,1648,2,1540,2,1711,2
,8:53:04,37,1309,2,1287,2,1290,2,1323,2,1446,2,1472,1,1483,2,1459,2,1488,2,1373,2,1380,2,1482,1,1437,2,1273,2,1304,2,1390,2,1354,2,1336,2,1343,1,1387,2,1416,2,1388,2,1404,2,1378,1,1361,2,1363,2,1346,2,1377,2,1387,2,1393,2,1318,2,1370,1,1414,2,1378,2,1375,2,1364,2,1298,2,1270,2,1280,1,1696,2,1675,2,1702,2,1679,2,1646,2,1648,1,1649,1,1534,2,1696,1
,8:57:04,37,1301,2,1285,2,1293,2,1327,2,1448,2,1465,2,1476,2,1458,2,1480,2,1380,2,1385,1,1479,1,1445,2,1276,2,1314,1,1389,2,1355,2,1345,2,1346,2,1391,2,1408,2,1394,2,1394,2,1374,2,1358,2,1365,2,1350,2,1364,2,1391,2,1401,2,1313,2,1369,2,1416,1,1376,2,1379,2,1363,2,1294,1,1269,2,1277,2,1696,2,1685,2,1703,1,1675,2,1635,2,1638,1,1653,2,1536,2,1707,2
,9:01:04,37,1305,2,1285,2,1291,1,1323,2,1456,2,1459,1,1483,2,1465,2,1489,2,1379,2,1391,2,1483,2,1451,2,1281,2,1305,2,1397,2,1362,2,1342,2,1342,2,1391,2,1408,2,1389,2,1402,2,1370,2,1355,1,1365,2,1354,2,1372,2,1390,1,1400,2,1310,2,1375,2,1412,2,1377,2,1375,1,1362,2,1293,2,1274,2,1286,1,1701,2,1679,2,1702,2,1674,2,1654,2,1637,2,1646,2,1544,1,1711,1
,9:05:04,37.1,1309,1,1283,2,1292,2,1331,2,1447,2,1459,1,1478,2,1458,2,1487,2,1371,2,1391,2,1476,1,1446,2,1277,2,1303,2,1394,3,1355,2,1346,2,1336,2,1398,2,1418,1,1392,2,1396,2,1381,2,1359,2,1368,2,1348,2,1365,2,1388,1,1409,2,1317,2,1369,2,1416,2,1383,1,1374,2,1362,2,1287,2,1267,1,1285,2,1706,2,1679,2,1701,1,1685,2,1641,2,1642,2,1642,2,1532,2,1712,2
,9:09:04,37,1300,2,1287,2,1291,2,1323,2,1443,2,1467,2,1477,2,1452,2,1484,2,1373,1,1386,2,1485,2,1440,2,1280,1,1303,2,1390,2,1359,2,1338,2,1341,2,1391,1,1409,2,1389,2,1395,1,1371,2,1362,2,1367,2,1355,2,1370,2,1393,2,1404,2,1313,2,1366,2,1421,2,1378,1,1376,2,1362,2,1295,2,1267,2,1285,2,1704,2,1682,2,1695,1,1676,2,1658,2,1642,2,1644,1,1531,1,1701,2
,9:13:04,37,1309,2,1301,1,1288,2,1324,2,1450,1,1466,2,1478,3,1458,2,1489,2,1377,2,1380,2,1480,2,1439,1,1280,2,1305,2,1397,2,1349,1,1346,2,1354,2,1388,3,1414,2,1390,2,1393,2,1374,2,1358,2,1371,2,1349,2,1367,2,1396,2,1406,2,1316,2,1372,2,1416,1,1378,2,1373,2,1368,2,1297,1,1273,1,1289,2,1697,2,1677,2,1700,2,1676,2,1648,2,1641,2,1642,2,1539,2,1706,2
,9:17:04,37,1301,2,1288,2,1289,2,1323,2,1448,2,1458,1,1482,2,1458,2,1482,2,1376,2,1380,2,1473,2,1444,2,1282,2,1304,2,1386,2,1354,1,1341,2,1349,2,1393,2,1405,2,1398,2,1404,2,1381,1,1355,2,1366,2,1351,1,1377,3,1391,1,1402,2,1326,2,1372,2,1412,2,1378,2,1373,2,1361,2,1290,2,1264,1,1282,2,1711,2,1671,2,1702,2,1676,2,1635,2,1640,2,1634,2,1530,2,1712,2
,9:21:04,37,1304,2,1289,2,1289,2,1326,2,1452,2,1464,2,1483,1,1458,2,1479,2,1373,2,1382,2,1482,2,1443,2,1285,2,1303,2,1391,2,1353,2,1337,2,1352,2,1386,2,1415,2,1395,2,1403,1,1377,2,1361,2,1368,2,1351,2,1375,2,1392,2,1402,1,1322,2,1375,2,1417,1,1382,2,1375,2,1368,2,1296,2,1269,2,1291,1,1692,1,1686,1,1702,2,1681,2,1643,2,1641,2,1638,2,1539,2,1707,2
,9:25:04,37,1305,2,1292,2,1293,1,1319,2,1452,2,1461,2,1479,2,1456,2,1482,2,1374,2,1392,2,1479,2,1441,2,1281,2,1306,2,1391,1,1355,2,1337,2,1348,1,1393,2,1410,2,1388,2,1394,2,1381,2,1367,2,1366,1,1350,1,1372,2,1395,2,1401,2,1322,2,1370,2,1419,2,1387,2,1374,2,1368,2,1296,2,1269,2,1286,2,1702,2,1682,2,1697,2,1671,2,1639,2,1643,2,1638,1,1534,2,1706,2
,9:29:04,37.1,1309,2,1288,2,1293,2,1327,2,1450,1,1465,1,1486,2,1453,2,1484,3,1379,1,1381,2,1484,1,1440,2,1278,2,1308,2,1391,2,1352,2,1340,2,1341,2,1401,2,1410,1,1388,2,1399,2,1373,2,1364,2,1362,2,1349,2,1371,2,1396,2,1409,2,1323,1,1374,1,1411,2,1376,1,1375,2,1361,2,1296,2,1266,2,1290,2,1698,2,1673,2,1705,2,1686,2,1638,2,1643,2,1637,2,1536,1,1710,1
,9:33:04,37,1304,1,1293,2,1292,2,1323,2,1450,2,1463,2,1483,2,1458,2,1489,2,1367,1,1388,3,1476,2,1437,2,1277,1,1306,2,1386,1,1356,2,1335,2,1337,2,1389,2,1405,2,1391,2,1401,2,1379,2,1364,1,1359,3,1349,2,1368,2,1384,2,1397,2,1316,1,1366,1,1416,2,1382,1,1381,3,1361,1,1294,2,1270,2,1284,2,1705,2,1683,2,1707,2,1686,2,1644,2,1639,2,1635,2,1541,2,1705,2
,9:37:04,37.1,1304,2,1296,2,1297,2,1325,2,1451,1,1466,2,1482,2,1464,1,1476,2,1367,2,1386,2,1479,2,1442,2,1278,1,1305,2,1393,2,1356,3,1339,3,1345,2,1384,2,1409,1,1398,2,1400,2,1384,2,1359,2,1368,2,1356,2,1370,2,1385,2,1399,2,1317,2,1374,2,1420,2,1379,2,1375,2,1369,2,1292,2,1263,2,1290,2,1697,2,1679,2,1699,1,1673,2,1651,2,1642,1,1638,2,1532,2,1709,2
,9:41:04,37,1305,2,1293,2,1286,2,1323,2,1455,3,1464,2,1486,1,1459,1,1485,2,1369,2,1384,2,1478,2,1444,2,1275,2,1305,2,1387,2,1356,2,1336,2,1346,2,1393,2,1412,2,1399,1,1400,2,1382,2,1360,2,1360,2,1352,2,1370,2,1399,1,1406,2,1319,2,1369,2,1418,2,1377,1,1380,1,1361,1,1293,2,1272,1,1282,2,1710,2,1680,2,1699,2,1677,2,1640,2,1629,2,1642,2,1535,2,1704,2
,9:45:04,37,1303,2,1287,2,1293,2,1321,2,1452,2,1465,2,1476,2,1463,2,1482,1,1380,1,1385,2,1475,1,1434,2,1276,2,1301,2,1387,2,1359,2,1338,2,1342,2,1389,2,1413,2,1396,2,1402,2,1386,2,1360,1,1362,2,1349,2,1377,2,1392,2,1405,2,1311,2,1368,2,1410,2,1377,2,1382,2,1358,1,1294,2,1259,2,1288,2,1705,2,1693,2,1706,2,1679,2,1649,2,1642,2,1642,2,1532,2,1712,1
,9:49:04,37,1308,3,1287,2,1290,2,1327,1,1451,2,1461,2,1488,2,1457,1,1490,2,1367,2,1391,2,1483,2,1447,1,1283,2,1305,2,1390,2,1356,2,1337,2,1343,2,1390,2,1413,2,1388,2,1404,1,1377,2,1364,2,1357,2,1350,2,1375,2,1395,1,1395,2,1316,2,1369,2,1421,2,1379,2,1376,2,1361,2,1288,2,1267,2,1280,2,1703,2,1682,2,1700,2,1681,2,1640,1,1645,2,1638,2,1533,1,1705,1
,9:53:04,37,1303,2,1288,2,1291,2,1326,2,1445,2,1458,2,1477,2,1468,2,1482,1,1376,2,1386,2,1479,2,1442,1,1283,2,1312,2,1394,2,1356,2,1341,1,1348,2,1388,2,1409,2,1393,2,1391,2,1382,2,1355,2,1367,2,1341,2,1372,2,1393,2,1398,2,1315,2,1372,2,1417,2,1375,2,1373,2,1366,1,1293,2,1263,2,1284,1,1705,1,1679,1,1705,2,1672,1,1641,2,1641,2,1645,2,1532,1,1704,2
,9:57:04,37,1303,2,1293,2,1292,2,1325,2,1453,2,1468,2,1476,2,1452,2,1486,2,1382,2,1385,2,1473,2,1440,2,1278,2,1306,2,1384,2,1353,2,1340,2,1341,2,1393,2,1416,2,1392,2,1397,2,1382,2,1358,2,1366,1,1353,2,1363,2,1393,2,1408,2,1317,2,1370,2,1413,2,1381,1,1378,2,1366,2,1292,2,1271,2,1292,2,1704,2,1686,2,1701,2,1682,2,1643,1,1641,2,1649,2,1538,2,1704,2
,10:01:04,37,1317,2,1294,2,1288,1,1322,1,1453,2,1466,2,1486,2,1462,2,1482,2,1373,2,1391,2,1474,2,1444,2,1282,2,1308,2,1389,2,1357,2,1338,2,1353,2,1391,2,1407,2,1390,2,1401,2,1370,2,1356,2,1364,2,1349,2,1367,2,1397,2,1404,2,1328,2,1372,2,1422,1,1375,2,1373,2,1357,1,1302,2,1272,2,1290,1,1711,2,1681,2,1695,2,1681,2,1642,2,1646,2,1641,1,1536,2,1708,1
,10:05:04,37,1303,1,1293,2,1294,2,1331,2,1456,2,1465,3,1479,1,1463,1,1487,2,1370,2,1389,2,1481,2,1440,2,1276,2,1310,2,1389,2,1361,2,1333,2,1352,2,1389,2,1413,2,1390,2,1401,2,1377,2,1358,2,1368,2,1356,2,1376,2,1397,1,1393,2,1322,2,1372,2,1416,2,1380,2,1376,2,1360,2,1296,2,1266,2,1289,2,1694,2,1681,2,1704,1,1677,1,1648,2,1642,2,1644,2,1538,2,1712,2
,10:09:04,37,1302,1,1286,1,1292,2,1324,2,1448,1,1472,2,1481,1,1458,2,1486,3,1373,2,1381,2,1488,2,1446,2,1283,2,1306,2,1387,2,1352,2,1337,2,1351,1,1384,2,1409,2,1393,2,1399,2,1377,2,1359,2,1364,2,1346,1,1375,2,1397,1,1395,2,1323,2,1369,2,1422,2,1381,1,1378,2,1367,2,1295,2,1273,1,1293,2,1706,2,1683,2,1708,2,1676,2,1642,1,1644,2,1649,1,1532,2,1711,2
,10:13:04,37,1302,1,1297,2,1292,2,1322,2,1449,2,1473,2,1481,2,1457,2,1492,2,1367,2,1386,2,1483,2,1442,2,1285,2,1307,2,1387,2,1357,2,1336,2,1345,1,1392,2,1408,2,1396,2,1395,2,1379,2,1360,1,1366,2,1351,2,1372,2,1405,2,1402,2,1315,2,1373,2,1424,3,1383,2,1378,1,1360,2,1295,2,1267,2,1293,2,1700,2,1676,2,1704,2,1680,2,1647,2,1643,1,1640,2,1540,1,1701,2
,10:17:04,37,1311,2,1289,2,1291,2,1328,2,1450,2,1472,2,1480,2,1464,2,1486,2,1377,2,1389,2,1475,2,1444,2,1276,2,1310,2,1390,2,1352,2,1346,2,1351,2,1390,2,1416,2,1391,2,1403,2,1378,2,1362,2,1367,2,1351,2,1374,2,1395,2,1405,2,1321,2,1378,2,1422,2,1381,1,1379,2,1364,2,1299,2,1268,2,1286,1,1699,2,1680,2,1702,2,1675,1,1642,2,1638,2,1639,2,1545,2,1701,1
,10:21:04,37,1301,2,1294,2,1290,2,1322,2,1443,2,1461,2,1486,2,1455,2,1485,2,1378,1,1385,2,1477,1,1442,2,1281,2,1302,2,1388,2,1359,2,1337,1,1347,2,1393,2,1413,2,1387,2,1396,1,1372,1,1363,2,1360,2,1348,1,1371,2,1395,2,1399,2,1321,2,1368,2,1414,2,1374,1,1374,2,1369,2,1294,2,1265,2,1286,2,1703,2,1676,2,1704,2,1678,2,1648,2,1641,2,1637,1,1538,2,1714,2
,10:25:04,37,1306,2,1283,2,1290,2,1327,2,1459,2,1468,2,1482,2,1457,2,1488,2,1380,1,1382,2,1479,2,1442,2,1288,2,1300,2,1394,2,1352,2,1337,2,1343,1,1393,2,1410,2,1394,2,1398,2,1383,2,1357,2,1367,1,1347,2,1377,2,1385,2,1402,2,1315,2,1376,2,1425,2,1377,1,1373,2,1372,2,1295,2,1276,2,1283,1,1695,2,1687,2,1700,2,1684,2,1650,2,1646,2,1639,1,1544,2,1706,2
,10:29:04,37,1307,2,1291,2,1291,2,1321,2,1456,2,1465,2,1487,2,1459,2,1492,1,1376,2,1385,1,1479,2,1441,2,1282,2,1299,2,1392,2,1356,2,1341,2,1345,2,1390,2,1409,2,1391,2,1401,2,1378,2,1364,2,1361,1,1355,2,1370,2,1388,2,1400,2,1320,2,1377,1,1420,2,1377,2,1374,2,1361,2,1297,2,1269,2,1287,2,1694,2,1674,1,1705,1,1686,2,1645,2,1639,2,1640,2,1537,2,1709,2
,10:33:04,37,1305,2,1292,2,1289,2,1323,2,1455,2,1464,2,1484,2,1466,2,1474,2,1375,2,1380,2,1480,1,1440,1,1285,2,1309,2,1400,2,1360,2,1339,1,1346,2,1393,2,1409,1,1395,2,1404,2,1375,2,1363,2,1369,2,1351,1,1367,2,1389,2,1409,1,1319,2,1367,2,1420,1,1386,2,1380,2,1366,2,1296,2,1268,2,1291,1,1703,2,1684,2,1703,1,1681,2,1643,1,1645,2,1640,2,1540,2,1704,1
,10:37:04,37,1305,2,1290,2,1288,2,1332,2,1453,2,1462,1,1482,2,1463,2,1484,3,1372,2,1386,1,1480,2,1445,1,1284,2,1315,1,1386,2,1355,2,1340,2,1343,2,1386,1,1413,2,1391,2,1398,2,1377,2,1358,2,1362,2,1348,2,1376,2,1394,2,1401,2,1319,2,1375,2,1415,2,1385,2,1378,3,1362,2,1298,2,1263,2,1282,2,1706,2,1690,2,1706,2,1680,2,1639,1,1639,2,1650,2,1534,2,1705,1
,10:41:04,37,1303,2,1285,2,1295,2,1327,2,1452,2,1462,2,1484,2,1462,2,1486,2,1372,2,1387,2,1479,2,1438,1,1275,2,1307,2,1394,2,1357,2,1342,2,1342,2,1395,2,1412,2,1396,1,1405,2,1374,1,1354,2,1368,2,1347,1,1368,2,1398,2,1400,1,1319,2,1368,2,1415,2,1385,2,1385,2,1364,1,1298,2,1269,1,1290,2,1698,1,1692,2,1704,2,1679,2,1651,2,1640,2,1645,2,1539,2,1704,2
,10:45:04,37,1306,2,1288,2,1292,2,1323,2,1452,2,1472,1,1481,2,1463,2,1487,1,1377,1,1382,2,1483,2,1443,2,1283,2,1302,2,1396,2,1358,2,1343,2,1349,2,1384,2,1413,2,1393,1,1401,2,1381,2,1365,2,1368,1,1349,2,1366,1,1392,2,1403,2,1321,2,1370,2,1418,2,1380,2,1379,1,1356,2,1305,2,1271,2,1289,2,1710,2,1687,2,1695,2,1681,2,1652,2,1641,1,1644,1,1536,2,1698,2
,10:49:04,37,1299,2,1285,2,1294,2,1322,2,1457,2,1466,2,1480,2,1457,2,1486,2,1370,2,1389,1,1482,2,1437,2,1276,2,1313,2,1396,2,1363,2,1342,2,1345,2,1389,2,1419,2,1396,2,1399,1,1387,2,1361,2,1360,1,1353,2,1376,1,1394,2,1401,2,1311,2,1372,2,1417,1,1380,2,1381,1,1364,2,1297,1,1266,1,1289,1,1707,2,1673,2,1699,1,1682,2,1643,2,1643,2,1638,2,1537,2,1704,1
,10:53:04,37,1303,2,1290,1,1293,2,1321,2,1453,2,1465,2,1485,2,1453,1,1479,2,1380,2,1384,1,1472,1,1437,2,1284,2,1302,1,1391,1,1350,2,1340,2,1340,2,1391,2,1413,1,1388,2,1399,2,1379,2,1359,2,1365,2,1345,1,1370,2,1395,2,1397,2,1313,2,1364,2,1420,1,1382,2,1376,2,1363,2,1304,2,1269,2,1284,2,1700,2,1677,2,1706,2,1676,2,1646,2,1646,2,1633,1,1541,2,1707,2
,10:57:04,37,1300,3,1285,2,1293,2,1322,2,1450,2,1462,3,1480,1,1462,2,1490,2,1375,2,1379,2,1484,2,1437,2,1278,2,1305,2,1382,2,1351,1,1340,2,1336,2,1390,2,1417,2,1391,2,1399,2,1374,2,1359,2,1362,2,1348,1,1371,1,1382,2,1404,2,1317,1,1372,2,1426,2,1379,2,1371,1,1361,2,1296,2,1271,1,1289,1,1699,2,1683,2,1705,2,1671,2,1640,1,1640,2,1642,2,1538,1,1710,2
,11:01:04,37.1,1300,2,1293,2,1292,2,1324,2,1450,1,1466,2,1482,1,1454,2,1492,2,1378,2,1387,2,1471,2,1439,2,1285,2,1309,2,1386,2,1354,2,1340,2,1347,2,1390,2,1407,2,1392,2,1392,2,1377,2,1360,2,1367,2,1351,2,1376,2,1393,2,1398,2,1319,2,1376,2,1413,2,1381,2,1380,2,1361,2,1297,2,1274,2,1277,2,1699,2,1677,2,1696,1,1683,2,1652,2,1646,2,1641,2,1535,2,1711,2
,11:05:04,37,1307,2,1293,2,1289,2,1324,1,1455,1,1465,1,1479,1,1459,2,1491,2,1372,2,1390,1,1479,2,1445,1,1287,2,1306,2,1389,2,1364,2,1340,1,1348,2,1396,2,1410,1,1393,2,1396,1,1382,2,1359,2,1359,2,1352,2,1366,2,1391,2,1403,2,1314,2,1378,1,1422,2,1386,1,1372,3,1365,2,1296,1,1265,2,1289,2,1708,1,1676,2,1700,2,1684,2,1642,2,1643,2,1643,2,1534,2,1707,2
,11:09:04,37,1302,2,1297,2,1287,2,1329,1,1448,2,1467,2,1479,1,1462,3,1479,2,1375,2,1384,2,1487,2,1435,2,1281,2,1309,2,1387,2,1355,2,1341,2,1350,2,1395,2,1413,2,1390,1,1402,2,1384,2,1357,1,1370,2,1352,2,1369,2,1394,2,1405,2,1310,2,1368,2,1416,2,1389,2,1378,2,1358,1,1295,1,1267,2,1292,2,1707,2,1685,2,1707,2,1677,2,1647,2,1644,2,1640,2,1540,1,1705,2
,11:13:04,37,1305,2,1290,2,1294,2,1326,2,1454,2,1469,1,1479,1,1462,2,1485,1,1372,1,1375,2,1477,1,1441,2,1284,2,1304,2,1393,1,1356,2,1333,1,1344,2,1390,2,1413,2,1389,2,1396,2,1371,2,1363,2,1360,2,1346,2,1374,2,1384,2,1408,1,1314,2,1376,2,1426,2,1374,2,1377,1,1360,2,1294,2,1265,2,1287,1,1699,2,1675,2,1699,2,1683,2,1643,2,1641,2,1641,2,1529,2,1706,2
,11:17:04,37,1299,2,1291,1,1284,1,1327,2,1449,1,1471,2,1486,2,1462,2,1483,3,1373,1,1379,2,1482,2,1438,2,1281,2,1307,2,1388,2,1361,2,1342,3,1341,2,1388,2,1422,2,1394,2,1401,2,1371,2,1366,2,1364,2,1346,2,1381,2,1389,1,1401,2,1313,2,1372,2,1415,1,1386,2,1375,2,1356,2,1296,1,1269,2,1282,2,1691,2,1684,1,1697,1,1677,2,1641,2,1637,2,1640,1,1533,2,1699,2
,11:21:04,37,1308,2,1294,2,1290,2,1327,2,1456,2,1466,2,1492,2,1459,2,1484,2,1369,2,1386,2,1483,1,1439,2,1282,2,1302,2,1386,2,1355,1,1335,3,1350,2,1395,2,1410,3,1394,2,1399,1,1384,2,1352,2,1368,2,1351,1,1376,2,1392,2,1399,2,1319,2,1369,2,1421,2,1383,2,1377,2,1360,2,1293,2,1259,2,1287,2,1710,2,1680,2,1700,1,1677,2,1646,2,1643,2,1636,2,1538,2,1709,2
,11:25:04,37,1304,2,1291,1,1298,2,1323,2,1454,2,1465,2,1483,2,1459,2,1487,2,1374,2,1381,2,1475,2,1431,2,1285,2,1309,2,1390,2,1353,2,1343,1,1348,1,1385,2,1413,2,1388,2,1404,2,1380,2,1364,2,1369,1,1346,2,1374,1,1391,2,1398,2,1311,2,1372,2,1415,2,1379,1,1381,2,1357,2,1302,2,1262,2,1288,2,1699,1,1672,1,1695,2,1675,2,1640,2,1644,2,1645,2,1542,3,1707,2
,11:29:04,37,1296,2,1292,2,1285,2,1325,2,1454,2,1455,1,1481,1,1458,2,1485,1,1379,2,1387,2,1475,2,1445,2,1285,2,1315,2,1385,2,1351,2,1331,2,1343,2,1390,2,1419,2,1395,2,1399,2,1377,2,1359,2,1364,2,1348,2,1372,2,1390,2,1409,2,1321,2,1369,1,1420,2,1386,2,1383,2,1360,2,1294,1,1274,2,1290,1,1701,1,1673,2,1700,1,1675,2,1640,2,1641,2,1646,1,1542,2,1709,2
,11:33:04,37,1302,2,1288,2,1294,2,1318,2,1450,2,1466,2,1479,2,1460,2,1488,2,1377,1,1390,2,1477,2,1437,1,1279,2,1301,2,1387,2,1359,3,1339,1,1340,2,1392,2,1412,1,1391,2,1401,1,1378,2,1359,2,1364,1,1348,2,1364,2,1395,1,1405,2,1321,1,1365,1,1419,2,1384,2,1372,2,1359,1,1295,2,1265,2,1294,2,1700,2,1679,2,1699,2,1674,1,1644,2,1642,2,1645,2,1538,2,1704,2
,11:37:04,37,1305,2,1285,1,1290,2,1322,2,1453,2,1468,2,1481,2,1457,2,1487,2,1379,2,1381,2,1480,2,1438,2,1280,2,1301,2,1388,2,1350,2,1340,2,1346,2,1389,2,1413,2,1390,2,1403,2,1373,1,1356,1,1359,2,1353,2,1368,2,1384,2,1389,2,1320,2,1370,2,1415,2,1379,2,1376,2,1362,1,1298,2,1273,2,1289,1,1703,2,1680,2,1698,1,1674,1,1647,2,1638,2,1643,2,1530,1,1701,2
,11:41:04,37,1297,2,1287,2,1290,2,1328,2,1453,2,1461,1,1479,2,1459,2,1485,2,1373,2,1386,2,1483,2,1440,2,1281,2,1305,2,1387,2,1356,2,1345,2,1342,2,1386,2,1411,2,1387,2,1403,2,1380,2,1363,2,1366,1,1353,2,1373,2,1396,2,1401,2,1319,2,1374,2,1415,2,1379,2,1384,1,1358,2,1298,2,1264,2,1283,1,1704,2,1679,2,1702,2,1680,2,1635,2,1642,2,1646,1,1541,1,1708,2
,11:45:04,37,1299,2,1287,2,1292,1,1325,2,1448,1,1466,2,1485,2,1460,2,1487,2,1377,2,1389,2,1478,2,1441,2,1281,2,1310,2,1389,2,1356,2,1345,2,1351,2,1389,2,1411,2,1389,2,1399,2,1374,2,1359,2,1362,2,1352,1,1373,2,1388,2,1409,2,1318,2,1375,2,1421,2,1384,1,1378,2,1354,2,1302,2,1262,2,1288,2,1711,1,1685,2,1699,2,1675,2,1635,2,1646,2,1635,2,1540,1,1697,2
,11:49:04,37,1300,2,1291,2,1280,2,1325,2,1450,1,1465,2,1483,1,1457,2,1488,2,1376,2,1387,2,1481,2,1437,2,1284,2,1301,2,1394,1,1355,2,1339,2,1340,2,1386,2,1413,2,1393,1,1402,1,1375,2,1361,2,1363,2,1350,1,1374,1,1396,2,1404,2,1315,2,1367,2,1416,2,1380,2,1383,2,1357,2,1294,2,1263,2,1288,2,1702,2,1683,2,1697,1,1679,1,1643,2,1630,2,1638,2,1537,2,1714,2
,11:53:04,37,1296,2,1281,2,1290,2,1322,2,1443,2,1463,2,1474,1,1456,2,1487,2,1378,2,1387,2,1486,2,1440,2,1285,2,1309,1,1385,2,1362,2,1341,2,1342,2,1394,2,1406,2,1393,2,1405,2,1372,1,1364,1,1365,2,1352,2,1378,2,1381,2,1401,2,1318,2,1379,2,1418,1,1385,1,1377,2,1362,2,1295,2,1272,2,1290,2,1702,2,1681,2,1704,2,1671,2,1646,1,1636,2,1648,2,1537,2,1715,2
,11:57:04,37.1,1300,2,1283,2,1284,2,1327,1,1458,2,1466,2,1483,2,1459,3,1473,2,1377,2,1389,2,1476,2,1441,2,1278,1,1301,2,1390,2,1348,2,1338,2,1344,2,1389,2,1411,3,1389,1,1401,1,1378,1,1365,2,1370,3,1347,2,1359,2,1386,1,1400,2,1310,2,1371,2,1416,2,1384,2,1380,2,1363,2,1285,2,1264,2,1288,2,1695,2,1682,2,1699,2,1674,2,1643,2,1639,2,1646,2,1536,1,1701,2
,12:01:04,37,1296,2,1284,2,1280,2,1326,2,1452,2,1460,2,1482,2,1457,2,1477,2,1375,2,1383,2,1472,2,1436,2,1279,2,1305,2,1387,2,1354,2,1337,2,1342,2,1394,2,1414,2,1391,2,1393,1,1385,2,1360,2,1365,2,1341,2,1367,2,1387,2,1402,2,1318,2,1368,1,1421,1,1381,2,1383,2,1355,2,1293,2,1263,2,1286,2,1705,2,1673,2,1701,1,1686,2,1642,2,1642,2,1638,2,1535,2,1709,1
,12:05:04,37,1303,3,1289,3,1283,2,1330,2,1449,2,1463,1,1478,2,1461,2,1480,2,1376,1,1382,2,1486,1,1436,2,1280,2,1302,2,1382,2,1352,2,1335,2,1342,2,1398,2,1410,2,1390,2,1397,2,1378,2,1361,2,1368,1,1349,3,1370,2,1393,2,1399,2,1321,2,1372,2,1404,1,1384,2,1379,1,1355,2,1294,2,1266,2,1285,1,1696,1,1674,2,1697,2,1681,1,1640,2,1646,3,1634,2,1535,1,1700,3
,12:09:04,37,1303,1,1288,2,1292,1,1324,2,1453,2,1458,2,1477,1,1456,2,1488,1,1373,2,1380,2,1473,2,1438,1,1279,2,1303,2,1386,2,1360,2,1341,2,1347,2,1392,2,1412,2,1392,2,1402,2,1380,2,1359,2,1359,2,1354,2,1365,2,1390,2,1403,2,1323,2,1368,1,1424,2,1383,2,1376,2,1363,1,1298,2,1266,2,1293,2,1702,1,1685,2,1708,2,1683,3,1637,2,1640,2,1644,2,1535,2,1701,2
,12:13:04,36.9,1298,2,1285,2,1286,2,1318,2,1447,2,1463,2,1484,2,1455,2,1484,2,1371,2,1382,2,1484,2,1450,2,1282,2,1301,1,1382,1,1362,2,1342,2,1340,2,1387,2,1407,1,1384,2,1401,2,1374,2,1355,2,1369,2,1345,2,1366,3,1383,1,1395,2,1319,2,1370,1,1416,2,1380,1,1382,2,1352,1,1294,2,1268,1,1293,2,1705,2,1685,2,1702,2,1687,2,1644,2,1643,2,1638,2,1543,2,1703,2
,12:17:04,37.1,1296,2,1289,1,1287,2,1326,2,1445,2,1465,2,1484,2,1458,1,1491,1,1376,1,1387,1,1477,2,1439,2,1285,2,1307,2,1385,2,1367,2,1347,2,1345,1,1387,2,1411,2,1391,2,1408,2,1369,2,1363,2,1363,2,1357,1,1367,2,1396,2,1403,1,1323,1,1371,2,1415,2,1382,2,1385,2,1360,2,1299,2,1264,1,1281,2,1700,1,1673,2,1699,2,1680,1,1634,2,1640,1,1640,2,1535,2,1711,2
,12:21:04,37,1305,2,1290,2,1285,2,1323,2,1457,2,1454,2,1482,2,1458,2,1485,2,1373,2,1380,2,1481,2,1434,2,1283,2,1307,2,1391,2,1353,2,1338,2,1349,2,1386,2,1415,2,1394,2,1400,2,1372,1,1360,2,1367,1,1352,2,1362,2,1386,1,1403,2,1316,2,1372,2,1419,2,1386,1,1377,2,1361,1,1299,2,1268,2,1290,2,1693,2,1683,2,1698,2,1678,2,1643,2,1638,1,1635,2,1535,2,1707,1
,12:25:04,37,1303,2,1285,2,1290,2,1318,2,1449,2,1465,2,1476,2,1460,2,1484,2,1376,1,1377,2,1475,1,1432,1,1281,2,1302,2,1382,1,1354,1,1343,1,1344,2,1397,1,1404,2,1394,1,1398,2,1374,2,1359,2,1363,2,1348,1,1369,2,1377,2,1403,2,1323,1,1369,3,1417,2,1377,2,1371,1,1356,3,1292,2,1263,2,1287,2,1701,2,1676,2,1710,2,1671,2,1643,2,1637,2,1635,1,1534,1,1702,2
,12:29:04,37,1291,1,1287,2,1289,2,1325,2,1456,1,1465,2,1476,2,1464,2,1480,2,1378,2,1377,2,1482,2,1438,2,1279,2,1307,2,1383,2,1362,2,1338,2,1341,2,1387,2,1409,1,1394,1,1392,2,1377,2,1360,2,1359,2,1350,2,1367,2,1390,2,1403,2,1314,2,1374,2,1418,2,1381,1,1387,2,1359,2,1291,2,1262,2,1283,2,1705,2,1679,2,1697,2,1684,2,1643,2,1641,2,1645,2,1542,1,1710,2
,12:33:04,37,1300,2,1286,1,1286,1,1323,2,1448,2,1470,2,1476,2,1458,2,1478,2,1371,2,1382,2,1480,2,1443,2,1289,1,1309,2,1389,2,1356,2,1339,1,1349,2,1386,2,1412,2,1387,2,1404,1,1380,2,1359,3,1370,2,1350,2,1367,2,1387,2,1403,2,1315,1,1373,2,1424,2,1379,2,1378,2,1355,2,1289,2,1266,2,1291,2,1702,2,1668,1,1698,1,1682,2,1645,2,1639,1,1641,2,1537,1,1706,2
,12:37:04,37,1302,2,1287,2,1287,1,1322,2,1453,2,1466,2,1474,2,1460,2,1489,2,1372,2,1385,2,1477,2,1445,2,1281,2,1308,2,1388,2,1351,2,1340,3,1346,1,1393,2,1405,1,1386,2,1399,2,1385,2,1366,1,1362,1,1346,2,1371,2,1395,2,1394,2,1317,1,1367,2,1409,2,1384,2,1384,2,1361,1,1292,2,1269,2,1289,2,1698,2,1678,2,1701,2,1677,1,1645,2,1642,2,1643,2,1538,2,1706,1
,12:41:04,37,1302,1,1283,2,1288,2,1321,1,1452,2,1470,1,1471,2,1459,1,1484,2,1373,1,1378,2,1485,2,1434,2,1278,2,1304,2,1386,2,1360,2,1329,2,1350,2,1387,2,1408,2,1390,2,1402,2,1377,2,1361,2,1359,2,1350,2,1360,2,1390,2,1400,2,1312,2,1364,1,1417,1,1377,2,1376,2,1359,2,1290,2,1266,2,1287,2,1702,2,1673,2,1701,2,1684,2,1646,2,1641,2,1635,2,1536,2,1717,2
,12:45:04,37,1297,1,1290,2,1293,2,1322,2,1447,2,1467,2,1484,2,1460,2,1484,2,1379,2,1379,1,1471,2,1438,2,1280,2,1306,2,1391,2,1361,2,1338,2,1339,2,1386,2,1410,2,1390,1,1397,3,1380,2,1365,2,1367,2,1349,2,1369,2,1389,2,1396,2,1321,2,1374,2,1415,2,1381,1,1373,2,1358,2,1294,1,1265,1,1284,2,1703,2,1673,2,1694,3,1682,1,1645,2,1635,2,1650,1,1531,2,1708,2
,12:49:04,37,1299,3,1289,2,1285,2,1329,3,1458,2,1464,2,1481,2,1463,1,1483,2,1374,1,1380,2,1471,2,1440,2,1281,2,1300,2,1394,2,1350,1,1335,2,1344,2,1392,2,1414,2,1396,2,1406,1,1376,2,1365,1,1371,2,1356,2,1372,1,1390,2,1401,2,1322,2,1376,2,1415,2,1385,2,1379,2,1357,2,1287,2,1271,2,1289,2,1703,2,1682,2,1707,2,1682,2,1640,2,1638,2,1642,2,1531,2,1700,2
,12:53:04,37,1296,2,1292,2,1290,2,1326,3,1452,3,1461,2,1476,2,1458,2,1476,2,1373,2,1378,2,1486,2,1435,2,1279,2,1306,2,1388,2,1352,1,1337,2,1344,2,1392,2,1414,1,1395,2,1405,2,1374,2,1364,1,1366,2,1351,2,1363,2,1386,2,1407,2,1322,1,1378,2,1420,1,1379,2,1377,1,1360,1,1295,2,1265,2,1284,2,1699,2,1684,2,1702,2,1674,2,1644,2,1643,1,1646,2,1533,2,1703,2
,12:57:04,37,1298,2,1286,1,1283,2,1320,2,1449,2,1465,2,1484,2,1466,3,1480,2,1373,2,1386,1,1481,2,1436,2,1285,2,1305,2,1392,2,1363,2,1337,1,1341,2,1398,2,1412,2,1387,2,1399,2,1377,1,1359,1,1369,2,1346,2,1372,2,1394,2,1400,2,1320,2,1367,2,1417,2,1384,2,1375,2,1360,1,1295,2,1265,2,1287,2,1701,1,1677,2,1697,3,1684,2,1637,2,1638,2,1641,1,1544,1,1705,2
,13:01:04,37,1303,2,1283,2,1287,2,1310,2,1449,3,1461,2,1483,2,1467,2,1486,2,1375,2,1384,2,1472,2,1444,2,1282,2,1302,2,1384,2,1353,3,1333,2,1336,2,1388,2,1416,2,1382,1,1398,2,1371,2,1359,2,1362,1,1351,2,1370,2,1395,1,1394,1,1312,2,1373,2,1414,1,1381,2,1375,2,1358,2,1289,3,1265,2,1288,2,1704,2,1690,2,1699,2,1683,2,1643,2,1632,2,1642,2,1532,2,1707,1
,13:05:04,37,1295,1,1282,1,1280,2,1324,2,1453,2,1465,2,1480,2,1463,2,1481,2,1376,1,1379,2,1481,2,1436,2,1283,2,1301,2,1390,2,1345,2,1347,2,1343,1,1398,2,1414,1,1387,2,1400,2,1380,1,1342,2,1372,1,1347,2,1367,2,1382,1,1403,2,1316,2,1372,2,1423,3,1376,2,1384,2,1356,2,1289,1,1267,2,1283,2,1693,2,1675,2,1700,2,1678,2,1641,2,1638,2,1639,2,1532,1,1709,2
,13:09:04,36.9,1294,2,1290,2,1283,2,1317,2,1451,2,1465,2,1468,2,1456,1,1482,3,1368,2,1380,3,1478,2,1435,2,1276,2,1305,2,1382,2,1353,2,1336,2,1341,2,1389,2,1411,2,1388,2,1395,1,1377,2,1361,2,1362,2,1341,2,1371,2,1386,2,1406,2,1312,2,1370,2,1413,2,1379,2,1375,1,1364,2,1284,2,1265,2,1285,2,1699,2,1676,2,1708,2,1682,2,1635,1,1638,1,1639,2,1538,2,1708,2
,13:13:04,37,1297,2,1284,2,1288,2,1320,2,1455,2,1466,2,1485,2,1460,2,1482,2,1381,3,1384,1,1482,2,1445,1,1280,2,1305,2,1394,1,1361,2,1348,2,1346,2,1387,1,1413,2,1386,2,1404,2,1381,2,1357,2,1360,2,1350,2,1361,2,1387,2,1400,2,1319,2,1378,2,1424,2,1377,2,1372,2,1366,2,1293,2,1262,2,1289,2,1699,2,1682,2,1702,2,1685,2,1643,2,1642,2,1631,2,1536,1,1709,3
,13:17:04,37,1294,2,1276,1,1292,2,1326,2,1456,2,1472,2,1477,3,1456,2,1486,2,1377,2,1380,1,1482,2,1449,2,1281,2,1306,2,1381,2,1352,2,1335,2,1349,2,1388,2,1412,2,1389,2,1400,2,1381,2,1356,2,1364,2,1354,2,1366,2,1392,2,1404,2,1319,2,1371,1,1423,2,1383,2,1380,2,1353,2,1291,2,1264,1,1289,1,1692,2,1681,2,1705,2,1674,2,1638,1,1635,2,1645,3,1540,2,1716,2
,13:21:04,37,1297,2,1285,2,1291,1,1318,2,1452,3,1457,3,1475,2,1455,1,1473,2,1378,2,1386,2,1485,2,1441,1,1284,1,1300,2,1382,2,1360,2,1337,2,1346,2,1387,3,1412,2,1389,2,1399,2,1376,2,1363,2,1366,2,1349,2,1372,2,1388,1,1405,2,1311,2,1370,2,1416,2,1382,2,1375,2,1358,2,1296,2,1263,2,1290,2,1694,2,1674,2,1702,2,1671,2,1642,3,1636,2,1642,1,1533,2,1696,1
,13:25:04,37,1294,1,1289,1,1281,2,1324,2,1454,2,1463,2,1489,1,1462,2,1489,2,1377,1,1378,2,1481,2,1440,2,1286,1,1304,2,1384,2,1363,2,1341,2,1345,2,1391,2,1414,1,1385,2,1399,2,1371,2,1362,2,1364,2,1347,2,1368,2,1385,2,1394,1,1317,2,1376,2,1421,2,1383,2,1373,2,1362,2,1290,2,1263,2,1279,2,1706,3,1675,2,1704,2,1678,2,1640,2,1641,1,1638,2,1539,2,1716,2
,13:29:04,37,1295,2,1286,2,1281,1,1320,1,1450,2,1453,2,1480,1,1460,2,1484,2,1375,2,1375,2,1481,2,1437,2,1284,2,1302,2,1388,2,1352,2,1336,2,1345,2,1392,2,1412,2,1392,2,1392,2,1370,2,1363,2,1360,2,1352,2,1362,2,1393,2,1403,2,1316,2,1371,1,1423,1,1379,2,1379,2,1355,2,1302,2,1264,1,1291,2,1705,2,1681,1,1700,2,1671,2,1633,2,1642,2,1640,2,1532,1,1697,1
,13:33:04,37.1,1302,2,1277,1,1290,2,1316,2,1450,2,1461,2,1477,2,1458,2,1487,2,1368,2,1380,2,1481,2,1447,2,1279,2,1305,2,1382,2,1351,2,1346,1,1347,2,1392,2,1409,1,1388,2,1404,2,1375,2,1361,2,1360,2,1345,2,1367,2,1394,2,1401,2,1309,2,1361,2,1426,2,1381,2,1381,2,1357,2,1294,2,1263,2,1289,1,1697,2,1673,2,1706,2,1685,2,1641,2,1636,2,1635,1,1534,2,1698,2
,13:37:04,37,1293,2,1289,2,1281,1,1322,1,1449,2,1462,2,1479,2,1459,2,1487,2,1370,2,1376,2,1485,1,1438,2,1275,1,1304,2,1389,2,1357,2,1334,2,1341,2,1395,3,1416,2,1391,1,1404,2,1374,1,1361,2,1367,2,1348,1,1363,1,1384,2,1398,2,1313,2,1371,2,1415,1,1378,2,1374,2,1355,1,1290,1,1263,2,1284,2,1703,2,1679,2,1702,1,1679,1,1644,2,1641,2,1647,1,1540,2,1702,2
,13:41:04,37,1298,2,1290,2,1287,2,1324,2,1454,2,1466,2,1483,1,1467,2,1484,2,1367,2,1384,2,1469,2,1433,2,1282,2,1309,2,1388,2,1353,2,1334,3,1354,2,1381,2,1411,1,1385,2,1399,2,1379,3,1359,2,1362,2,1351,2,1364,1,1390,2,1400,2,1310,1,1371,2,1417,1,1386,1,1380,2,1361,1,1291,2,1264,2,1288,2,1698,2,1680,2,1700,2,1680,2,1630,1,1648,2,1649,2,1538,2,1711,2
,13:45:04,37,1299,2,1280,2,1288,2,1316,2,1444,2,1466,2,1478,2,1460,2,1483,2,1375,2,1381,2,1483,1,1446,2,1281,2,1303,2,1389,2,1361,1,1337,2,1344,1,1397,2,1417,1,1385,2,1397,2,1371,2,1369,2,1369,2,1351,2,1371,2,1389,2,1405,1,1311,2,1372,1,1417,2,1382,2,1384,2,1356,2,1285,2,1262,2,1288,2,1695,2,1680,2,1705,2,1672,2,1642,2,1635,2,1640,2,1535,2,1705,2
,13:49:04,37,1289,2,1284,2,1283,2,1320,2,1450,2,1459,2,1479,2,1461,2,1487,2,1376,2,1377,2,1487,1,1439,2,1280,2,1303,3,1392,2,1361,2,1341,2,1345,2,1387,2,1409,2,1388,2,1402,2,1377,1,1361,2,1366,2,1348,2,1370,2,1386,1,1405,2,1318,2,1370,2,1416,2,1383,2,1375,2,1364,2,1289,2,1268,2,1289,2,1695,2,1677,2,1696,2,1682,2,1640,1,1636,1,1642,2,1540,2,1710,2
,13:53:04,37,1295,2,1281,2,1284,3,1322,2,1449,2,1464,2,1490,2,1460,1,1483,2,1371,1,1383,2,1476,2,1437,2,1279,1,1309,1,1386,2,1358,2,1338,2,1348,1,1396,1,1411,2,1389,2,1394,2,1374,2,1361,2,1365,1,1345,1,1360,2,1387,2,1404,2,1313,2,1373,2,1419,2,1380,2,1378,2,1364,2,1290,2,1267,1,1285,2,1701,2,1677,2,1697,2,1674,2,1641,2,1639,2,1641,2,1540,2,1704,2
,13:57:04,37,1298,2,1282,2,1283,2,1320,2,1448,2,1470,2,1481,2,1460,2,1487,2,1372,2,1378,1,1480,2,1443,2,1284,2,1307,2,1389,2,1354,1,1339,2,1344,2,1394,1,1408,2,1385,2,1398,2,1377,2,1365,1,1364,2,1350,2,1367,2,1394,2,1403,2,1322,3,1372,2,1417,2,1383,1,1377,2,1360,2,1288,2,1265,2,1291,2,1708,2,1687,2,1701,1,1673,2,1634,2,1639,2,1631,2,1537,1,1711,2
,14:01:04,37,1293,2,1281,2,1282,2,1320,2,1452,1,1465,2,1485,2,1462,2,1489,2,1369,1,1385,2,1478,1,1445,2,1283,2,1305,1,1385,2,1355,3,1335,2,1339,1,1390,2,1410,2,1384,1,1404,2,1372,1,1360,2,1359,2,1358,2,1364,1,1387,2,1397,2,1321,1,1368,1,1415,2,1383,1,1378,3,1355,1,1287,2,1269,2,1294,2,1698,2,1675,2,1699,2,1675,1,1637,2,1642,2,1637,2,1535,1,1699,2
,14:05:04,37,1298,2,1281,2,1290,3,1320,2,1445,2,1462,2,1475,1,1462,2,1482,2,1372,1,1373,2,1479,2,1437,2,1283,2,1305,1,1388,1,1353,2,1339,2,1344,1,1390,2,1415,2,1384,2,1393,2,1377,2,1361,2,1364,2,1349,2,1366,2,1389,2,1398,2,1320,2,1369,1,1423,1,1384,2,1382,2,1351,2,1288,1,1263,2,1284,2,1705,2,1667,1,1694,2,1677,2,1643,2,1642,2,1649,2,1539,2,1704,2
,14:09:04,37,1287,2,1286,2,1291,2,1319,2,1445,2,1462,2,1478,2,1456,2,1483,1,1370,2,1383,1,1475,2,1443,2,1276,2,1301,2,1383,1,1356,2,1334,2,1347,3,1392,2,1413,2,1387,2,1399,1,1378,2,1358,2,1364,2,1344,2,1367,2,1386,2,1396,2,1310,2,1367,2,1418,2,1378,2,1380,1,1357,2,1287,2,1260,2,1288,2,1699,2,1682,2,1705,2,1679,2,1639,2,1638,1,1638,2,1531,1,1699,2
,14:13:04,37,1302,1,1283,1,1284,2,1318,2,1447,2,1460,2,1476,2,1453,2,1484,2,1365,2,1379,1,1475,2,1445,2,1281,2,1301,1,1384,2,1356,2,1338,1,1340,2,1387,2,1412,2,1387,1,1402,2,1368,2,1356,2,1366,2,1345,2,1359,2,1383,2,1398,2,1315,1,1368,1,1413,2,1381,2,1372,2,1353,2,1287,2,1260,1,1283,2,1698,1,1681,2,1699,2,1673,3,1643,2,1640,2,1634,2,1537,1,1700,2
,14:17:04,37,1293,2,1287,1,1288,2,1327,3,1445,1,1469,2,1482,2,1455,2,1481,2,1377,1,1373,2,1477,2,1446,2,1282,2,1305,1,1386,2,1360,2,1342,2,1343,2,1388,2,1415,2,1393,2,1399,2,1366,1,1365,2,1364,2,1348,2,1370,1,1392,2,1398,1,1319,2,1361,1,1415,2,1381,2,1380,2,1355,1,1285,2,1259,2,1290,2,1706,2,1677,1,1698,2,1672,2,1645,2,1634,2,1636,2,1534,1,1707,2
,14:21:04,37.1,1288,2,1277,2,1283,1,1314,2,1457,2,1466,2,1483,2,1456,2,1477,3,1373,2,1382,2,1488,1,1441,2,1286,2,1304,2,1388,2,1360,2,1337,2,1347,2,1397,1,1411,2,1390,2,1401,2,1373,1,1360,1,1361,1,1347,2,1367,1,1388,2,1401,1,1316,1,1366,2,1418,2,1385,2,1370,2,1353,2,1283,2,1262,2,1297,1,1695,2,1681,2,1695,2,1677,2,1648,2,1646,2,1636,1,1531,2,1703,2
,14:25:04,37,1296,2,1286,1,1278,2,1323,2,1451,2,1465,1,1483,2,1458,2,1482,2,1375,3,1376,2,1483,2,1442,2,1280,2,1302,3,1386,2,1355,2,1335,2,1343,2,1390,2,1409,2,1388,1,1401,2,1374,2,1360,2,1364,1,1344,2,1362,2,1382,1,1399,2,1313,2,1366,1,1417,2,1380,2,1377,1,1354,1,1283,1,1258,2,1283,2,1692,2,1678,2,1697,1,1674,1,1641,2,1634,2,1639,1,1536,2,1703,2
,14:29:04,37,1290,2,1279,2,1282,2,1320,2,1442,1,1466,2,1478,2,1458,2,1479,2,1377,2,1370,1,1487,1,1433,2,1283,2,1304,2,1379,1,1355,1,1338,1,1340,2,1384,2,1405,2,1383,2,1396,2,1372,2,1357,2,1364,2,1343,1,1367,2,1388,3,1399,2,1310,2,1365,2,1411,2,1382,2,1378,2,1356,2,1284,2,1267,2,1290,1,1698,2,1677,2,1700,2,1673,2,1637,1,1637,1,1638,2,1536,2,1707,2
,14:33:04,37.1,1288,2,1276,2,1286,2,1320,1,1452,2,1463,2,1482,2,1459,2,1478,2,1371,3,1373,1,1478,2,1439,2,1276,2,1306,2,1391,2,1362,2,1338,2,1347,2,1392,3,1405,3,1383,2,1396,2,1374,2,1359,1,1364,2,1349,2,1360,2,1382,2,1401,1,1308,2,1373,2,1422,2,1374,2,1373,1,1354,2,1286,2,1251,2,1283,2,1702,2,1680,2,1698,2,1676,2,1638,2,1637,1,1643,1,1528,2,1699,1
,14:37:04,37,1285,2,1279,2,1277,2,1312,2,1441,2,1460,2,1479,2,1467,2,1484,2,1364,2,1379,2,1482,2,1437,2,1284,1,1299,2,1384,2,1357,2,1339,1,1337,1,1382,1,1405,2,1385,2,1392,2,1374,2,1352,2,1362,2,1344,2,1366,2,1380,2,1396,2,1312,2,1368,2,1415,2,1376,1,1373,2,1352,2,1284,2,1259,2,1283,2,1703,2,1677,1,1699,2,1679,1,1635,1,1637,2,1638,2,1531,2,1705,2
,14:41:04,37,1293,1,1278,2,1282,1,1319,2,1445,2,1463,1,1481,2,1458,2,1487,2,1368,2,1377,2,1486,2,1443,1,1278,2,1302,2,1377,2,1346,2,1337,2,1346,2,1391,1,1410,2,1387,1,1400,2,1371,1,1360,2,1361,2,1344,2,1356,2,1385,2,1401,2,1308,2,1373,2,1412,1,1378,2,1378,2,1350,2,1291,2,1262,2,1285,2,1701,2,1685,2,1696,2,1680,2,1642,2,1651,2,1639,2,1540,1,1701,1
,14:45:04,37,1289,2,1278,2,1282,2,1321,2,1446,2,1461,2,1485,2,1458,2,1488,2,1373,1,1373,2,1481,2,1442,2,1281,2,1299,2,1381,2,1357,2,1340,2,1345,2,1384,2,1408,2,1381,2,1399,2,1362,1,1363,2,1357,2,1349,1,1360,2,1383,2,1399,2,1317,1,1373,3,1423,2,1375,2,1376,1,1349,2,1282,2,1271,2,1283,2,1700,2,1682,2,1698,2,1675,2,1636,3,1629,2,1641,1,1535,2,1711,1
,14:49:04,37,1290,1,1286,1,1282,1,1319,2,1451,2,1459,2,1474,1,1458,2,1479,2,1360,2,1371,2,1489,2,1438,2,1290,2,1299,2,1386,2,1357,2,1337,1,1348,2,1383,2,1403,2,1382,2,1395,2,1375,2,1355,1,1360,2,1347,2,1364,2,1376,2,1405,1,1312,2,1369,2,1414,2,1377,2,1383,2,1355,2,1284,2,1266,2,1286,2,1698,2,1675,2,1701,2,1673,2,1637,2,1636,2,1640,2,1546,1,1701,1
,14:53:04,37,1290,2,1282,1,1275,2,1323,1,1444,2,1465,2,1472,2,1459,2,1484,2,1368,2,1374,1,1477,1,1434,1,1279,2,1304,2,1384,3,1353,1,1341,2,1338,2,1387,2,1407,1,1381,2,1395,2,1368,2,1365,2,1366,2,1344,2,1365,2,1391,2,1406,2,1316,2,1371,2,1420,2,1375,3,1382,2,1352,2,1286,2,1266,2,1287,2,1696,2,1681,1,1692,2,1677,2,1639,2,1632,1,1639,1,1536,1,1705,2
,14:57:04,37.1,1292,2,1277,2,1275,2,1318,2,1445,2,1469,1,1481,1,1458,2,1487,2,1365,2,1381,2,1479,2,1433,3,1288,2,1299,2,1382,2,1346,2,1341,2,1347,2,1388,2,1410,1,1390,2,1401,2,1370,1,1358,1,1370,2,1345,1,1359,2,1382,1,1399,2,1319,2,1361,2,1420,2,1377,2,1377,2,1354,2,1283,3,1252,1,1289,2,1702,2,1682,2,1699,2,1681,2,1636,3,1643,2,1635,2,1541,2,1706,1
,15:01:04,37,1289,2,1275,2,1275,2,1311,2,1447,2,1466,2,1492,2,1458,2,1482,2,1366,2,1369,2,1479,2,1435,2,1281,3,1302,2,1388,3,1354,2,1332,2,1336,1,1385,2,1412,2,1393,1,1396,2,1375,2,1359,2,1364,2,1341,2,1364,3,1380,2,1397,2,1316,2,1369,2,1413,1,1378,2,1380,2,1351,2,1286,2,1259,2,1286,1,1699,2,1688,2,1697,1,1678,1,1643,2,1639,1,1640,2,1536,1,1697,2
,,,,,,,,,,,,,,,,,,,,,,,,,,,,,,,,,,,,,,,,,,,,,,,,,,,,,,,,,,,,,,,,,,,,,,,,,,,,,,,,,,,,,,,,,,,,,,,,,,
Results,,,,,,,,,,,,,,,,,,,,,,,,,,,,,,,,,,,,,,,,,,,,,,,,,,,,,,,,,,,,,,,,,,,,,,,,,,,,,,,,,,,,,,,,,,,,,,,,,,
,,,,,,,,,,,,,,,,,,,,,,,,,,,,,,,,,,,,,,,,,,,,,,,,,,,,,,,,,,,,,,,,,,,,,,,,,,,,,,,,,,,,,,,,,,,,,,,,,,
,,1,2,3,4,5,6,7,8,9,10,11,12,13,14,15,16,17,18,19,20,21,22,23,24,,,,,,,,,,,,,,,,,,,,,,,,,,,,,,,,,,,,,,,,,,,,,,,,,,,,,,,,,,,,,,,,,,,,,,,,,
,A,6525,100,6750,125,7700,-75,4650,-100,2875,-75,5925,-75,6550,-125,3000,-75,2350,-100,8550,-125,7500,-100,7475,-125,"Max V [485,528]",,,,,,,,,,,,,,,,,,,,,,,,,,,,,,,,,,,,,,,,,,,,,,,,,,,,,,,,,,,,,,,,,,,,,,,,
,,0.9,0.8,0.916,0.893,0.945,0.75,0.912,0.8,0.823,0.75,0.965,0.75,0.961,0.893,0.864,0.75,0.579,0.571,0.933,0.781,0.873,0.5,0.951,0.781,"R-Squared [485,528]",,,,,,,,,,,,,,,,,,,,,,,,,,,,,,,,,,,,,,,,,,,,,,,,,,,,,,,,,,,,,,,,,,,,,,,,
,,0:08:00,7:48:00,0:08:00,5:36:00,0:08:00,0:08:00,0:08:00,3:48:00,0:08:00,0:20:00,0:08:00,1:08:00,0:08:00,1:40:00,0:08:00,0:32:00,0:08:00,7:52:00,0:08:00,3:12:00,0:08:00,0:40:00,0:08:00,0:20:00,"t at Max V [485,528]",,,,,,,,,,,,,,,,,,,,,,,,,,,,,,,,,,,,,,,,,,,,,,,,,,,,,,,,,,,,,,,,,,,,,,,,
,,?????,7:58:00,?????,5:42:24,?????,0:00:00,?????,3:48:00,?????,0:14:40,?????,1:02:40,?????,1:38:24,?????,0:40:00,?????,7:50:00,?????,3:08:48,?????,0:36:00,?????,0:23:12,"Lagtime [485,528]",,,,,,,,,,,,,,,,,,,,,,,,,,,,,,,,,,,,,,,,,,,,,,,,,,,,,,,,,,,,,,,,,,,,,,,,
,,-2975,100,-3250,100,-1775,-100,-3650,100,-3200,-75,-1325,-100,-1950,100,-3775,-100,-3900,100,-1225,75,-2725,-75,-1400,100,"Max V [485,610]",,,,,,,,,,,,,,,,,,,,,,,,,,,,,,,,,,,,,,,,,,,,,,,,,,,,,,,,,,,,,,,,,,,,,,,,
,,0.832,0.571,0.885,0.8,0.839,0.571,0.939,0.8,0.974,0.75,0.949,0.8,0.728,0.571,0.881,0.571,0.938,0.571,0.874,0.45,0.932,0.75,0.678,0.8,"R-Squared [485,610]",,,,,,,,,,,,,,,,,,,,,,,,,,,,,,,,,,,,,,,,,,,,,,,,,,,,,,,,,,,,,,,,,,,,,,,,
,,0:09:04,2:17:04,0:09:04,10:37:04,0:09:04,0:57:04,0:09:04,1:21:04,0:13:04,0:17:04,0:09:04,5:57:04,0:09:04,4:13:04,0:09:04,14:17:04,0:09:04,7:21:04,0:13:04,4:13:04,0:09:04,12:09:04,0:17:04,11:17:04,"t at Max V [485,610]",,,,,,,,,,,,,,,,,,,,,,,,,,,,,,,,,,,,,,,,,,,,,,,,,,,,,,,,,,,,,,,,,,,,,,,,
,,?????,2:19:04,?????,10:37:04,?????,0:55:04,0:01:53,1:11:04,0:02:08,0:11:44,?????,5:57:04,?????,4:15:04,?????,14:19:04,?????,7:23:04,0:05:33,3:59:44,?????,12:03:44,0:07:38,11:17:04,"Lagtime [485,610]",,,,,,,,,,,,,,,,,,,,,,,,,,,,,,,,,,,,,,,,,,,,,,,,,,,,,,,,,,,,,,,,,,,,,,,,
,B,6500,75,5225,75,5750,-125,7050,-100,5525,-125,3400,-75,2925,-100,4225,125,4025,-100,5525,75,4150,-100,8100,-100,"Max V [485,528]",,,,,,,,,,,,,,,,,,,,,,,,,,,,,,,,,,,,,,,,,,,,,,,,,,,,,,,,,,,,,,,,,,,,,,,,
,,0.901,0.75,0.916,0.75,0.831,0.781,0.909,0.571,0.934,0.781,0.921,0.75,0.714,0.571,0.857,0.893,0.875,0.571,0.901,0.75,0.861,0.5,0.926,0.8,"R-Squared [485,528]",,,,,,,,,,,,,,,,,,,,,,,,,,,,,,,,,,,,,,,,,,,,,,,,,,,,,,,,,,,,,,,,,,,,,,,,
,,0:08:00,2:56:00,0:08:00,0:48:00,0:08:00,10:04:00,0:08:00,10:36:00,0:08:00,3:24:00,0:08:00,0:48:00,0:08:00,6:28:00,0:08:00,4:00:00,0:08:00,0:48:00,0:08:00,0:16:00,0:08:00,3:28:00,0:08:00,7:36:00,"t at Max V [485,528]",,,,,,,,,,,,,,,,,,,,,,,,,,,,,,,,,,,,,,,,,,,,,,,,,,,,,,,,,,,,,,,,,,,,,,,,
,,?????,3:04:00,?????,0:56:00,?????,10:07:12,?????,10:28:00,?????,3:28:48,?????,0:42:40,?????,6:30:00,?????,3:58:24,?????,0:46:00,?????,0:21:20,?????,3:24:00,?????,7:36:00,"Lagtime [485,528]",,,,,,,,,,,,,,,,,,,,,,,,,,,,,,,,,,,,,,,,,,,,,,,,,,,,,,,,,,,,,,,,,,,,,,,,
,,-2100,75,-1000,-100,-1925,-100,-2700,-75,-2000,-75,-3100,100,-3875,100,-1850,-100,-2725,100,-2675,75,-2050,100,-1475,-100,"Max V [485,610]",,,,,,,,,,,,,,,,,,,,,,,,,,,,,,,,,,,,,,,,,,,,,,,,,,,,,,,,,,,,,,,,,,,,,,,,
,,0.966,0.75,0.618,0.571,0.891,0.8,0.975,0.75,0.931,0.75,0.927,0.8,0.975,0.8,0.983,0.8,0.899,0.571,0.932,0.75,0.954,0.571,0.612,0.571,"R-Squared [485,610]",,,,,,,,,,,,,,,,,,,,,,,,,,,,,,,,,,,,,,,,,,,,,,,,,,,,,,,,,,,,,,,,,,,,,,,,
,,0:09:04,3:53:04,0:09:04,13:37:04,0:09:04,3:33:04,0:13:04,0:53:04,0:09:04,2:25:04,0:09:04,12:05:04,0:09:04,4:33:04,0:09:04,3:49:04,0:09:04,11:33:04,0:13:04,2:21:04,0:13:04,14:49:04,0:09:04,13:57:04,"t at Max V [485,610]",,,,,,,,,,,,,,,,,,,,,,,,,,,,,,,,,,,,,,,,,,,,,,,,,,,,,,,,,,,,,,,,,,,,,,,,
,,?????,4:01:04,?????,13:35:04,?????,3:23:04,0:03:44,0:47:44,?????,2:19:44,?????,12:05:04,?????,4:33:04,0:01:17,3:49:04,?????,11:35:04,0:03:43,2:15:44,0:02:26,14:51:04,?????,13:59:04,"Lagtime [485,610]",,,,,,,,,,,,,,,,,,,,,,,,,,,,,,,,,,,,,,,,,,,,,,,,,,,,,,,,,,,,,,,,,,,,,,,,
,C,5200,125,4050,100,3875,75,2825,125,3225,-100,2525,-125,2175,-125,5550,-100,4875,125,2075,125,6550,125,5025,125,"Max V [485,528]",,,,,,,,,,,,,,,,,,,,,,,,,,,,,,,,,,,,,,,,,,,,,,,,,,,,,,,,,,,,,,,,,,,,,,,,
,,0.908,0.893,0.804,0.571,0.666,0.75,0.792,0.781,0.886,0.5,0.701,0.781,0.844,0.781,0.917,0.5,0.928,0.781,0.748,0.893,0.924,0.781,0.819,0.781,"R-Squared [485,528]",,,,,,,,,,,,,,,,,,,,,,,,,,,,,,,,,,,,,,,,,,,,,,,,,,,,,,,,,,,,,,,,,,,,,,,,
,,0:08:00,6:00:00,0:08:00,3:00:00,0:08:00,0:24:00,0:08:00,11:00:00,0:08:00,4:08:00,0:08:00,10:32:00,0:08:00,13:16:00,0:08:00,13:44:00,0:08:00,11:52:00,0:08:00,7:16:00,0:08:00,14:00:00,0:08:00,14:08:00,"t at Max V [485,528]",,,,,,,,,,,,,,,,,,,,,,,,,,,,,,,,,,,,,,,,,,,,,,,,,,,,,,,,,,,,,,,,,,,,,,,,
,,?????,6:06:24,?????,2:58:00,?????,0:29:20,?????,11:04:48,?????,4:02:00,?????,10:35:12,?????,13:12:48,?????,13:40:00,?????,11:55:12,?????,7:17:36,?????,14:04:48,?????,14:04:48,"Lagtime [485,528]",,,,,,,,,,,,,,,,,,,,,,,,,,,,,,,,,,,,,,,,,,,,,,,,,,,,,,,,,,,,,,,,,,,,,,,,
,,-3600,-100,-3925,100,-3650,-100,-4425,-75,-4450,100,-4750,-100,-4950,100,-5150,-100,-3975,100,-3425,-100,-4825,-100,-3475,-100,"Max V [485,610]",,,,,,,,,,,,,,,,,,,,,,,,,,,,,,,,,,,,,,,,,,,,,,,,,,,,,,,,,,,,,,,,,,,,,,,,
,,0.965,0.8,0.98,0.8,0.949,0.571,0.899,0.75,0.96,0.8,0.968,0.8,0.98,0.8,0.993,0.571,0.991,0.8,0.97,0.8,0.936,0.8,0.938,0.8,"R-Squared [485,610]",,,,,,,,,,,,,,,,,,,,,,,,,,,,,,,,,,,,,,,,,,,,,,,,,,,,,,,,,,,,,,,,,,,,,,,,
,,0:09:04,2:09:04,0:09:04,4:41:04,0:13:04,13:13:04,0:09:04,7:09:04,0:09:04,4:45:04,0:09:04,6:37:04,0:09:04,0:33:04,0:09:04,13:25:04,0:09:04,0:41:04,0:09:04,14:05:04,0:09:04,3:29:04,0:09:04,6:17:04,"t at Max V [485,610]",,,,,,,,,,,,,,,,,,,,,,,,,,,,,,,,,,,,,,,,,,,,,,,,,,,,,,,,,,,,,,,,,,,,,,,,
,,?????,2:09:04,?????,4:41:04,0:05:07,13:15:04,?????,7:03:44,?????,4:45:04,?????,6:27:04,?????,0:33:04,?????,13:27:04,?????,0:41:04,?????,14:05:04,?????,3:29:04,?????,6:17:04,"Lagtime [485,610]",,,,,,,,,,,,,,,,,,,,,,,,,,,,,,,,,,,,,,,,,,,,,,,,,,,,,,,,,,,,,,,,,,,,,,,,
,D,4975,125,3800,100,5700,125,2550,75,4350,100,4525,100,6625,-75,3025,-75,5725,75,4875,-125,6000,100,4650,-75,"Max V [485,528]",,,,,,,,,,,,,,,,,,,,,,,,,,,,,,,,,,,,,,,,,,,,,,,,,,,,,,,,,,,,,,,,,,,,,,,,
,,0.83,0.893,0.747,0.5,0.845,0.481,0.455,0.75,0.918,0.571,0.856,0.5,0.94,0.75,0.681,0.75,0.944,0.75,0.765,0.893,0.909,0.571,0.773,0.75,"R-Squared [485,528]",,,,,,,,,,,,,,,,,,,,,,,,,,,,,,,,,,,,,,,,,,,,,,,,,,,,,,,,,,,,,,,,,,,,,,,,
,,0:08:00,3:44:00,0:08:00,7:28:00,0:08:00,13:08:00,0:08:00,1:20:00,0:08:00,7:48:00,0:08:00,2:56:00,0:08:00,1:16:00,0:08:00,1:04:00,0:08:00,1:36:00,0:08:00,13:16:00,0:08:00,4:36:00,0:08:00,2:24:00,"t at Max V [485,528]",,,,,,,,,,,,,,,,,,,,,,,,,,,,,,,,,,,,,,,,,,,,,,,,,,,,,,,,,,,,,,,,,,,,,,,,
,,?????,3:42:24,?????,7:24:00,?????,13:12:48,?????,1:28:00,?????,7:50:00,?????,3:00:00,?????,1:10:40,?????,0:45:20,?????,1:41:20,?????,13:14:24,?????,4:38:00,?????,2:18:40,"Lagtime [485,528]",,,,,,,,,,,,,,,,,,,,,,,,,,,,,,,,,,,,,,,,,,,,,,,,,,,,,,,,,,,,,,,,,,,,,,,,
,,-5075,-125,-4075,100,-4600,75,-4350,-75,-3575,125,-4775,-100,-4275,100,-3575,125,-3075,-75,-3000,-100,-3575,-100,-2275,100,"Max V [485,610]",,,,,,,,,,,,,,,,,,,,,,,,,,,,,,,,,,,,,,,,,,,,,,,,,,,,,,,,,,,,,,,,,,,,,,,,
,,0.968,0.781,0.989,0.571,0.974,0.321,0.971,0.321,0.973,0.893,0.996,0.8,0.984,0.8,0.954,0.893,0.995,0.75,0.984,0.8,0.981,0.8,0.967,0.8,"R-Squared [485,610]",,,,,,,,,,,,,,,,,,,,,,,,,,,,,,,,,,,,,,,,,,,,,,,,,,,,,,,,,,,,,,,,,,,,,,,,
,,0:09:04,14:09:04,0:13:04,14:13:04,0:09:04,0:53:04,0:13:04,12:29:04,0:13:04,11:05:04,0:09:04,2:17:04,0:09:04,2:13:04,0:09:04,3:29:04,0:13:04,12:17:04,0:09:04,13:57:04,0:13:04,12:37:04,0:13:04,3:17:04,"t at Max V [485,610]",,,,,,,,,,,,,,,,,,,,,,,,,,,,,,,,,,,,,,,,,,,,,,,,,,,,,,,,,,,,,,,,,,,,,,,,
,,?????,14:04:16,0:02:46,14:15:04,0:01:46,0:55:44,0:02:52,12:31:44,0:01:12,11:06:40,0:01:14,2:17:04,?????,2:03:04,0:02:08,3:30:40,0:05:43,12:11:44,?????,13:57:04,0:02:50,12:37:04,0:05:09,3:17:04,"Lagtime [485,610]",,,,,,,,,,,,,,,,,,,,,,,,,,,,,,,,,,,,,,,,,,,,,,,,,,,,,,,,,,,,,,,,,,,,,,,,
,E,6600,100,6175,-100,4975,-100,5650,-75,4575,125,2950,-75,5825,125,4925,-100,6150,-125,6350,-100,5925,-100,4700,125,"Max V [485,528]",,,,,,,,,,,,,,,,,,,,,,,,,,,,,,,,,,,,,,,,,,,,,,,,,,,,,,,,,,,,,,,,,,,,,,,,
,,0.91,0.8,0.954,0.571,0.795,0.8,0.908,0.75,0.811,0.781,0.519,0.75,0.97,0.893,0.876,0.8,0.978,0.781,0.906,0.5,0.966,0.8,0.825,0.781,"R-Squared [485,528]",,,,,,,,,,,,,,,,,,,,,,,,,,,,,,,,,,,,,,,,,,,,,,,,,,,,,,,,,,,,,,,,,,,,,,,,
,,0:08:00,2:40:00,0:08:00,7:36:00,0:08:00,4:12:00,0:08:00,0:08:00,0:08:00,13:16:00,0:08:00,0:12:00,0:08:00,9:28:00,0:08:00,11:56:00,0:08:00,12:44:00,0:08:00,9:00:00,0:08:00,6:24:00,0:08:00,14:00:00,"t at Max V [485,528]",,,,,,,,,,,,,,,,,,,,,,,,,,,,,,,,,,,,,,,,,,,,,,,,,,,,,,,,,,,,,,,,,,,,,,,,
,,?????,2:40:00,?????,7:28:00,?????,4:02:00,?????,0:00:00,?????,13:20:48,?????,0:06:40,?????,9:29:36,?????,11:56:00,?????,12:40:48,?????,8:56:00,?????,6:24:00,?????,14:03:12,"Lagtime [485,528]",,,,,,,,,,,,,,,,,,,,,,,,,,,,,,,,,,,,,,,,,,,,,,,,,,,,,,,,,,,,,,,,,,,,,,,,
,,-2250,-100,-3225,100,-4325,75,-3325,-75,-3375,-75,-2925,-75,-4700,-75,-5800,-100,-4450,-75,-4725,-75,-4025,100,-3125,-50,"Max V [485,610]",,,,,,,,,,,,,,,,,,,,,,,,,,,,,,,,,,,,,,,,,,,,,,,,,,,,,,,,,,,,,,,,,,,,,,,,
,,0.856,0.8,0.996,0.8,0.989,0.45,0.921,0.75,0.952,0.75,0.919,0.75,0.997,0.75,0.982,0.8,0.972,0.45,0.977,0.321,0.989,0.8,0.947,0.5,"R-Squared [485,610]",,,,,,,,,,,,,,,,,,,,,,,,,,,,,,,,,,,,,,,,,,,,,,,,,,,,,,,,,,,,,,,,,,,,,,,,
,,0:09:04,12:05:04,0:09:04,0:37:04,0:09:04,1:05:04,0:13:04,8:49:04,0:13:04,1:33:04,0:17:04,2:25:04,0:09:04,6:17:04,0:09:04,11:25:04,0:09:04,2:57:04,0:09:04,11:57:04,0:09:04,8:01:04,0:09:04,11:53:04,"t at Max V [485,610]",,,,,,,,,,,,,,,,,,,,,,,,,,,,,,,,,,,,,,,,,,,,,,,,,,,,,,,,,,,,,,,,,,,,,,,,
,,?????,12:15:04,0:01:15,0:37:04,?????,1:05:04,0:02:50,8:43:44,0:05:22,1:27:44,0:03:44,2:33:04,?????,6:11:44,0:01:14,11:25:04,?????,2:57:04,?????,12:13:04,?????,8:01:04,0:02:44,11:57:04,"Lagtime [485,610]",,,,,,,,,,,,,,,,,,,,,,,,,,,,,,,,,,,,,,,,,,,,,,,,,,,,,,,,,,,,,,,,,,,,,,,,
,F,5075,125,4250,75,6025,-75,8875,-75,5000,100,7775,-100,6625,-75,4150,-100,7975,-100,7650,-100,6375,100,5575,2400,"Max V [485,528]",,,,,,,,,,,,,,,,,,,,,,,,,,,,,,,,,,,,,,,,,,,,,,,,,,,,,,,,,,,,,,,,,,,,,,,,
,,0.777,0.893,0.805,0.75,0.997,0.75,0.965,0.75,0.901,0.8,0.919,0.8,0.958,0.75,0.691,0.8,0.954,0.8,0.892,0.571,0.894,0.571,0.85,0.509,"R-Squared [485,528]",,,,,,,,,,,,,,,,,,,,,,,,,,,,,,,,,,,,,,,,,,,,,,,,,,,,,,,,,,,,,,,,,,,,,,,,
,,0:08:00,6:00:00,0:08:00,0:48:00,0:08:00,0:32:00,0:08:00,0:24:00,0:08:00,13:40:00,0:08:00,5:48:00,0:08:00,0:12:00,0:08:00,0:08:00,0:08:00,1:00:00,0:08:00,11:32:00,0:08:00,7:32:00,0:08:00,0:08:00,"t at Max V [485,528]",,,,,,,,,,,,,,,,,,,,,,,,,,,,,,,,,,,,,,,,,,,,,,,,,,,,,,,,,,,,,,,,,,,,,,,,
,,?????,5:58:24,?????,0:42:40,?????,0:26:40,?????,0:18:40,?????,13:50:00,?????,5:48:00,?????,0:06:40,?????,?????,?????,1:00:00,?????,11:20:00,?????,7:34:00,?????,?????,"Lagtime [485,528]",,,,,,,,,,,,,,,,,,,,,,,,,,,,,,,,,,,,,,,,,,,,,,,,,,,,,,,,,,,,,,,,,,,,,,,,
,,-4700,-100,-3975,-75,-3750,-100,-2400,-75,-3975,-125,-2825,100,-2825,-75,-3125,-100,-4500,-125,-2525,-100,-3425,-100,-3700,-4100,"Max V [485,610]",,,,,,,,,,,,,,,,,,,,,,,,,,,,,,,,,,,,,,,,,,,,,,,,,,,,,,,,,,,,,,,,,,,,,,,,
,,0.984,0.8,0.923,0.45,0.998,0.571,0.925,0.45,0.997,0.893,0.935,0.571,0.971,0.45,0.979,0.8,0.987,0.893,0.982,0.8,0.987,0.8,0.952,0.932,"R-Squared [485,610]",,,,,,,,,,,,,,,,,,,,,,,,,,,,,,,,,,,,,,,,,,,,,,,,,,,,,,,,,,,,,,,,,,,,,,,,
,,0:09:04,4:09:04,0:09:04,0:41:04,0:09:04,0:53:04,0:17:04,5:17:04,0:09:04,6:05:04,0:09:04,5:05:04,0:13:04,11:29:04,0:17:04,3:25:04,0:13:04,14:37:04,0:09:04,12:17:04,0:13:04,0:37:04,0:09:04,0:09:04,"t at Max V [485,610]",,,,,,,,,,,,,,,,,,,,,,,,,,,,,,,,,,,,,,,,,,,,,,,,,,,,,,,,,,,,,,,,,,,,,,,,
,,?????,4:09:04,0:01:28,0:41:04,0:01:20,0:51:04,0:04:09,5:17:04,0:01:16,6:03:28,0:01:08,5:07:04,0:04:09,11:29:04,0:04:16,3:15:04,0:05:41,14:35:28,?????,12:17:04,0:01:23,0:37:04,?????,?????,"Lagtime [485,610]",,,,,,,,,,,,,,,,,,,,,,,,,,,,,,,,,,,,,,,,,,,,,,,,,,,,,,,,,,,,,,,,,,,,,,,,
,G,3800,-125,4250,100,9950,75,25125,-75,2950,100,5800,-75,2575,100,7500,-125,5600,100,30075,-125,24875,-100,5950,3075,"Max V [485,528]",,,,,,,,,,,,,,,,,,,,,,,,,,,,,,,,,,,,,,,,,,,,,,,,,,,,,,,,,,,,,,,,,,,,,,,,
,,0.635,0.781,0.857,0.571,0.958,0.75,0.999,0.75,0.781,0.571,0.904,0.75,0.549,0.571,0.958,0.893,0.815,0.4,0.999,0.893,1,0.571,0.978,0.793,"R-Squared [485,528]",,,,,,,,,,,,,,,,,,,,,,,,,,,,,,,,,,,,,,,,,,,,,,,,,,,,,,,,,,,,,,,,,,,,,,,,
,,0:08:00,1:44:00,0:08:00,2:24:00,0:08:00,0:20:00,0:20:00,0:08:00,0:08:00,5:44:00,0:08:00,0:56:00,0:08:00,3:52:00,0:08:00,14:12:00,0:08:00,12:20:00,0:12:00,14:36:00,0:12:00,3:00:00,0:08:00,0:08:00,"t at Max V [485,528]",,,,,,,,,,,,,,,,,,,,,,,,,,,,,,,,,,,,,,,,,,,,,,,,,,,,,,,,,,,,,,,,,,,,,,,,
,,?????,1:39:12,?????,2:22:00,?????,0:14:40,0:02:00,0:02:40,?????,5:52:00,?????,1:01:20,?????,4:00:00,?????,14:10:24,?????,12:20:00,0:00:31,14:34:24,0:01:02,2:58:00,?????,?????,"Lagtime [485,528]",,,,,,,,,,,,,,,,,,,,,,,,,,,,,,,,,,,,,,,,,,,,,,,,,,,,,,,,,,,,,,,,,,,,,,,,
,,-4950,75,-2900,125,-950,100,-13850,100,-2625,75,-2550,-75,-2975,100,-3875,-125,-2950,75,-17475,100,-11975,-100,-1925,-3250,"Max V [485,610]",,,,,,,,,,,,,,,,,,,,,,,,,,,,,,,,,,,,,,,,,,,,,,,,,,,,,,,,,,,,,,,,,,,,,,,,
,,0.958,0.75,0.923,0.893,0.902,0.8,0.999,0.5,0.989,0.75,0.975,0.321,0.995,0.8,0.967,0.625,0.994,0.45,0.999,0.8,0.999,0.571,0.958,0.991,"R-Squared [485,610]",,,,,,,,,,,,,,,,,,,,,,,,,,,,,,,,,,,,,,,,,,,,,,,,,,,,,,,,,,,,,,,,,,,,,,,,
,,0:09:04,1:09:04,0:09:04,14:09:04,9:05:04,10:29:04,0:17:04,11:57:04,0:17:04,1:25:04,0:21:04,14:05:04,0:13:04,1:01:04,0:09:04,0:09:04,0:09:04,1:49:04,0:17:04,6:21:04,0:17:04,13:01:04,0:09:04,0:09:04,"t at Max V [485,610]",,,,,,,,,,,,,,,,,,,,,,,,,,,,,,,,,,,,,,,,,,,,,,,,,,,,,,,,,,,,,,,,,,,,,,,,
,,?????,1:14:24,0:01:16,14:18:40,8:40:51,10:29:04,0:03:16,12:01:04,0:01:13,1:30:24,0:03:16,14:02:24,0:01:14,1:01:04,?????,0:01:04,0:01:24,1:49:04,0:02:24,6:21:04,0:03:38,13:03:04,?????,?????,"Lagtime [485,610]",,,,,,,,,,,,,,,,,,,,,,,,,,,,,,,,,,,,,,,,,,,,,,,,,,,,,,,,,,,,,,,,,,,,,,,,
,H,4050,-100,3850,100,3700,-125,4375,75,3950,-100,9825,75,4475,-100,3775,125,3775,100,3025,125,8575,-75,10725,3550,"Max V [485,528]",,,,,,,,,,,,,,,,,,,,,,,,,,,,,,,,,,,,,,,,,,,,,,,,,,,,,,,,,,,,,,,,,,,,,,,,
,,0.612,0.8,0.738,0.8,0.822,0.893,0.699,0.75,0.794,0.571,0.938,0.75,0.898,0.8,0.983,0.893,0.637,0.8,0.818,0.893,0.998,0.75,0.983,0.761,"R-Squared [485,528]",,,,,,,,,,,,,,,,,,,,,,,,,,,,,,,,,,,,,,,,,,,,,,,,,,,,,,,,,,,,,,,,,,,,,,,,
,,0:08:00,6:44:00,0:08:00,10:52:00,0:08:00,14:48:00,0:08:00,0:48:00,0:08:00,8:00:00,0:08:00,0:24:00,0:08:00,7:32:00,0:08:00,10:20:00,0:08:00,13:16:00,0:08:00,1:48:00,0:36:00,1:00:00,0:08:00,0:08:00,"t at Max V [485,528]",,,,,,,,,,,,,,,,,,,,,,,,,,,,,,,,,,,,,,,,,,,,,,,,,,,,,,,,,,,,,,,,,,,,,,,,
,,?????,6:44:00,?????,11:02:00,?????,14:46:24,?????,0:56:00,?????,7:52:00,?????,0:29:20,?????,7:32:00,?????,10:21:36,?????,13:16:00,?????,1:54:24,0:00:59,0:54:40,?????,?????,"Lagtime [485,528]",,,,,,,,,,,,,,,,,,,,,,,,,,,,,,,,,,,,,,,,,,,,,,,,,,,,,,,,,,,,,,,,,,,,,,,,
,,-3050,100,-3825,100,-3300,75,-2875,-75,-3950,-75,-2475,-125,-3475,75,-4275,-50,-4225,-100,-2775,75,-5100,100,-6525,-2625,"Max V [485,610]",,,,,,,,,,,,,,,,,,,,,,,,,,,,,,,,,,,,,,,,,,,,,,,,,,,,,,,,,,,,,,,,,,,,,,,,
,,0.93,0.8,0.921,0.8,0.942,0.75,0.961,0.75,0.955,0.45,0.979,0.893,0.96,0.75,0.964,0.5,0.995,0.8,0.933,0.75,0.983,0.8,0.991,0.903,"R-Squared [485,610]",,,,,,,,,,,,,,,,,,,,,,,,,,,,,,,,,,,,,,,,,,,,,,,,,,,,,,,,,,,,,,,,,,,,,,,,
,,0:09:04,6:25:04,0:09:04,12:25:04,0:17:04,12:05:04,0:17:04,4:57:04,0:13:04,2:17:04,0:13:04,12:09:04,0:13:04,7:29:04,0:09:04,14:01:04,0:13:04,1:05:04,0:13:04,2:05:04,0:13:04,4:57:04,0:09:04,0:09:04,"t at Max V [485,610]",,,,,,,,,,,,,,,,,,,,,,,,,,,,,,,,,,,,,,,,,,,,,,,,,,,,,,,,,,,,,,,,,,,,,,,,
,,?????,6:25:04,0:01:48,12:25:04,0:04:06,12:13:04,0:03:09,4:51:44,0:08:03,2:17:04,0:02:00,12:07:28,0:02:53,7:23:44,0:01:29,14:05:04,0:04:36,1:05:04,0:02:46,1:59:44,0:03:44,4:57:04,?????,0:02:17,"Lagtime [485,610]",,,,,,,,,,,,,,,,,,,,,,,,,,,,,,,,,,,,,,,,,,,,,,,,,,,,,,,,,,,,,,,,,,,,,,,,
,I,5100,75,4875,75,5000,-75,5200,150,5650,100,5725,-75,5450,75,4850,-100,6625,-75,5825,100,8475,-100,6325,-75,"Max V [485,528]",,,,,,,,,,,,,,,,,,,,,,,,,,,,,,,,,,,,,,,,,,,,,,,,,,,,,,,,,,,,,,,,,,,,,,,,
,,0.829,0.321,0.932,0.75,0.935,0.75,0.867,0.692,0.884,0.571,0.886,0.75,0.888,0.75,0.939,0.571,0.832,0.75,0.852,0.571,0.818,0.5,0.797,0.75,"R-Squared [485,528]",,,,,,,,,,,,,,,,,,,,,,,,,,,,,,,,,,,,,,,,,,,,,,,,,,,,,,,,,,,,,,,,,,,,,,,,
,,0:08:00,5:40:00,0:08:00,7:28:00,0:08:00,0:16:00,0:08:00,13:48:00,0:08:00,13:24:00,0:08:00,0:16:00,0:08:00,1:32:00,0:08:00,5:24:00,0:08:00,0:52:00,0:08:00,1:12:00,0:08:00,3:44:00,0:08:00,0:56:00,"t at Max V [485,528]",,,,,,,,,,,,,,,,,,,,,,,,,,,,,,,,,,,,,,,,,,,,,,,,,,,,,,,,,,,,,,,,,,,,,,,,
,,?????,5:37:20,?????,7:36:00,?????,0:10:40,?????,13:44:00,?????,13:32:00,?????,0:10:40,?????,1:37:20,?????,5:22:00,?????,0:46:40,?????,1:14:00,?????,3:40:00,?????,0:48:00,"Lagtime [485,528]",,,,,,,,,,,,,,,,,,,,,,,,,,,,,,,,,,,,,,,,,,,,,,,,,,,,,,,,,,,,,,,,,,,,,,,,
,,-4275,-100,-3300,125,-3300,100,-3300,-75,-3625,-100,-3300,-100,-2725,100,-2575,-100,-3125,-75,-5425,100,-3650,100,-4700,125,"Max V [485,610]",,,,,,,,,,,,,,,,,,,,,,,,,,,,,,,,,,,,,,,,,,,,,,,,,,,,,,,,,,,,,,,,,,,,,,,,
,,0.966,0.8,0.978,0.893,0.968,0.8,0.997,0.75,0.98,0.8,0.971,0.8,0.962,0.5,0.966,0.8,0.98,0.75,0.986,0.8,0.984,0.8,0.959,0.625,"R-Squared [485,610]",,,,,,,,,,,,,,,,,,,,,,,,,,,,,,,,,,,,,,,,,,,,,,,,,,,,,,,,,,,,,,,,,,,,,,,,
,,0:09:04,5:13:04,0:09:04,7:09:04,0:09:04,8:09:04,0:13:04,4:49:04,0:09:04,12:21:04,0:13:04,4:25:04,0:13:04,0:57:04,0:09:04,7:25:04,0:09:04,8:29:04,0:09:04,12:45:04,0:13:04,5:17:04,0:09:04,14:21:04,"t at Max V [485,610]",,,,,,,,,,,,,,,,,,,,,,,,,,,,,,,,,,,,,,,,,,,,,,,,,,,,,,,,,,,,,,,,,,,,,,,,
,,?????,5:13:04,0:02:06,7:07:28,?????,8:09:04,0:02:24,4:43:44,?????,12:21:04,0:03:29,4:25:04,0:01:24,1:01:04,0:02:23,7:25:04,0:01:04,8:23:44,0:01:37,12:45:04,0:02:10,5:17:04,?????,14:21:04,"Lagtime [485,610]",,,,,,,,,,,,,,,,,,,,,,,,,,,,,,,,,,,,,,,,,,,,,,,,,,,,,,,,,,,,,,,,,,,,,,,,
,J,7375,125,8800,-100,8550,125,6500,-100,8000,75,5025,-125,5275,-125,5500,125,8775,125,7825,-75,6100,-100,9500,100,"Max V [485,528]",,,,,,,,,,,,,,,,,,,,,,,,,,,,,,,,,,,,,,,,,,,,,,,,,,,,,,,,,,,,,,,,,,,,,,,,
,,0.878,0.781,0.802,0.8,0.839,0.893,0.891,0.8,0.829,0.75,0.942,0.893,0.872,0.781,0.962,0.893,0.839,0.781,0.934,0.75,0.925,0.5,0.857,0.571,"R-Squared [485,528]",,,,,,,,,,,,,,,,,,,,,,,,,,,,,,,,,,,,,,,,,,,,,,,,,,,,,,,,,,,,,,,,,,,,,,,,
,,0:08:00,6:12:00,0:08:00,9:08:00,0:08:00,10:40:00,0:08:00,2:00:00,0:08:00,1:16:00,0:08:00,7:08:00,0:08:00,12:56:00,0:08:00,8:08:00,0:08:00,6:36:00,0:08:00,1:04:00,0:08:00,9:00:00,0:08:00,2:12:00,"t at Max V [485,528]",,,,,,,,,,,,,,,,,,,,,,,,,,,,,,,,,,,,,,,,,,,,,,,,,,,,,,,,,,,,,,,,,,,,,,,,
,,?????,6:16:48,?????,8:58:00,?????,10:46:24,?????,2:00:00,?????,1:24:00,?????,7:01:36,?????,12:51:12,?????,8:09:36,?????,6:39:12,?????,1:09:20,?????,8:54:00,?????,2:20:00,"Lagtime [485,528]",,,,,,,,,,,,,,,,,,,,,,,,,,,,,,,,,,,,,,,,,,,,,,,,,,,,,,,,,,,,,,,,,,,,,,,,
,,-4850,75,-5750,-75,-5050,100,-3925,-125,-4700,100,-5850,-100,-5550,-75,-4650,-75,-4450,100,-4475,-125,-4475,100,-4425,-75,"Max V [485,610]",,,,,,,,,,,,,,,,,,,,,,,,,,,,,,,,,,,,,,,,,,,,,,,,,,,,,,,,,,,,,,,,,,,,,,,,
,,0.912,0.75,0.999,0.75,0.99,0.8,0.968,0.893,0.985,0.8,0.988,0.8,0.996,0.75,0.998,0.321,0.989,0.571,0.991,0.893,0.997,0.571,0.984,0.75,"R-Squared [485,610]",,,,,,,,,,,,,,,,,,,,,,,,,,,,,,,,,,,,,,,,,,,,,,,,,,,,,,,,,,,,,,,,,,,,,,,,
,,0:09:04,3:45:04,0:09:04,0:09:04,0:09:04,6:37:04,0:13:04,14:45:04,0:09:04,3:41:04,0:09:04,7:05:04,0:09:04,6:05:04,0:09:04,3:41:04,0:13:04,9:09:04,0:09:04,13:33:04,0:09:04,12:33:04,0:09:04,7:25:04,"t at Max V [485,610]",,,,,,,,,,,,,,,,,,,,,,,,,,,,,,,,,,,,,,,,,,,,,,,,,,,,,,,,,,,,,,,,,,,,,,,,
,,?????,3:50:24,0:01:14,0:03:44,?????,6:37:04,0:04:03,14:43:28,?????,3:41:04,?????,6:55:04,?????,5:59:44,0:01:12,3:38:24,0:03:00,9:11:04,?????,13:31:28,0:01:09,12:35:04,?????,7:19:44,"Lagtime [485,610]",,,,,,,,,,,,,,,,,,,,,,,,,,,,,,,,,,,,,,,,,,,,,,,,,,,,,,,,,,,,,,,,,,,,,,,,
,K,7675,125,7025,100,9575,-75,10500,125,6825,-125,6800,-125,7500,100,6350,100,6875,-100,6800,-100,7300,-100,7900,-125,"Max V [485,528]",,,,,,,,,,,,,,,,,,,,,,,,,,,,,,,,,,,,,,,,,,,,,,,,,,,,,,,,,,,,,,,,,,,,,,,,
,,0.78,0.893,0.894,0.5,0.865,0.75,0.804,0.893,0.888,0.893,0.875,0.893,0.858,0.8,0.877,0.8,0.855,0.5,0.88,0.8,0.903,0.8,0.822,0.893,"R-Squared [485,528]",,,,,,,,,,,,,,,,,,,,,,,,,,,,,,,,,,,,,,,,,,,,,,,,,,,,,,,,,,,,,,,,,,,,,,,,
,,0:08:00,5:24:00,0:08:00,5:00:00,0:08:00,0:44:00,0:08:00,8:08:00,0:08:00,13:40:00,0:08:00,12:32:00,0:08:00,5:40:00,0:08:00,10:04:00,0:08:00,7:36:00,0:08:00,10:36:00,0:08:00,1:12:00,0:08:00,6:52:00,"t at Max V [485,528]",,,,,,,,,,,,,,,,,,,,,,,,,,,,,,,,,,,,,,,,,,,,,,,,,,,,,,,,,,,,,,,,,,,,,,,,
,,?????,5:30:24,?????,5:04:00,?????,0:52:00,?????,8:14:24,?????,13:38:24,?????,12:33:36,?????,5:40:00,?????,9:54:00,?????,7:42:00,?????,10:26:00,?????,1:02:00,?????,6:45:36,"Lagtime [485,528]",,,,,,,,,,,,,,,,,,,,,,,,,,,,,,,,,,,,,,,,,,,,,,,,,,,,,,,,,,,,,,,,,,,,,,,,
,,-6325,100,-3625,100,-5350,-125,-5050,100,-3350,-75,-4575,100,-4975,100,-5550,-50,-6175,-75,-5150,100,-4075,-100,-6450,100,"Max V [485,610]",,,,,,,,,,,,,,,,,,,,,,,,,,,,,,,,,,,,,,,,,,,,,,,,,,,,,,,,,,,,,,,,,,,,,,,,
,,0.969,0.8,0.965,0.8,0.989,0.893,0.991,0.8,0.992,0.75,0.99,0.8,0.985,0.8,0.987,0.5,0.985,0.75,0.989,0.8,0.995,0.8,0.925,0.571,"R-Squared [485,610]",,,,,,,,,,,,,,,,,,,,,,,,,,,,,,,,,,,,,,,,,,,,,,,,,,,,,,,,,,,,,,,,,,,,,,,,
,,0:09:04,11:25:04,0:09:04,6:49:04,0:09:04,12:41:04,0:13:04,6:09:04,0:09:04,8:13:04,0:13:04,1:53:04,0:09:04,13:37:04,0:09:04,12:21:04,0:09:04,7:09:04,0:09:04,10:41:04,0:09:04,2:21:04,0:09:04,14:37:04,"t at Max V [485,610]",,,,,,,,,,,,,,,,,,,,,,,,,,,,,,,,,,,,,,,,,,,,,,,,,,,,,,,,,,,,,,,,,,,,,,,,
,,?????,11:25:04,0:01:50,6:49:04,0:01:35,12:39:28,0:05:09,6:09:04,0:01:08,8:07:44,0:01:50,1:43:04,?????,13:37:04,?????,12:25:04,?????,7:03:44,0:01:25,10:31:04,0:01:07,2:21:04,?????,14:39:04,"Lagtime [485,610]",,,,,,,,,,,,,,,,,,,,,,,,,,,,,,,,,,,,,,,,,,,,,,,,,,,,,,,,,,,,,,,,,,,,,,,,
,L,16800,75,11025,-125,13200,-100,6025,100,5400,-100,5175,125,9800,-75,6725,-75,5175,75,5100,-100,8250,-100,9050,-100,"Max V [485,528]",,,,,,,,,,,,,,,,,,,,,,,,,,,,,,,,,,,,,,,,,,,,,,,,,,,,,,,,,,,,,,,,,,,,,,,,
,,0.969,0.75,0.858,0.893,0.943,0.5,0.812,0.5,0.799,0.571,0.79,0.781,0.865,0.75,0.882,0.75,0.857,0.75,0.821,0.8,0.838,0.571,0.911,0.8,"R-Squared [485,528]",,,,,,,,,,,,,,,,,,,,,,,,,,,,,,,,,,,,,,,,,,,,,,,,,,,,,,,,,,,,,,,,,,,,,,,,
,,0:08:00,0:32:00,0:08:00,14:24:00,0:08:00,14:12:00,0:08:00,11:36:00,0:08:00,13:20:00,0:08:00,11:00:00,0:08:00,0:24:00,0:08:00,0:36:00,0:08:00,0:40:00,0:08:00,12:48:00,0:08:00,3:56:00,0:08:00,7:40:00,"t at Max V [485,528]",,,,,,,,,,,,,,,,,,,,,,,,,,,,,,,,,,,,,,,,,,,,,,,,,,,,,,,,,,,,,,,,,,,,,,,,
,,?????,0:40:00,?????,14:17:36,?????,14:16:00,?????,11:42:00,?????,13:12:00,?????,11:04:48,?????,0:32:00,?????,0:28:00,?????,0:45:20,?????,12:48:00,?????,3:48:00,?????,7:40:00,"Lagtime [485,528]",,,,,,,,,,,,,,,,,,,,,,,,,,,,,,,,,,,,,,,,,,,,,,,,,,,,,,,,,,,,,,,,,,,,,,,,
,,-1575,-75,-4625,100,-2925,75,-5900,-100,-6175,-100,-6125,-100,-4550,75,-5725,-100,-5425,-125,-5425,75,-4200,100,-4700,-100,"Max V [485,610]",,,,,,,,,,,,,,,,,,,,,,,,,,,,,,,,,,,,,,,,,,,,,,,,,,,,,,,,,,,,,,,,,,,,,,,,
,,0.744,0.75,0.96,0.8,0.967,0.75,0.974,0.571,0.979,0.8,0.982,0.8,0.997,0.75,0.973,0.8,0.977,0.893,0.987,0.321,0.987,0.8,0.977,0.571,"R-Squared [485,610]",,,,,,,,,,,,,,,,,,,,,,,,,,,,,,,,,,,,,,,,,,,,,,,,,,,,,,,,,,,,,,,,,,,,,,,,
,,0:09:04,0:13:04,0:13:04,3:41:04,0:21:04,13:05:04,0:09:04,3:05:04,0:09:04,8:33:04,0:09:04,6:05:04,0:13:04,12:17:04,0:09:04,1:01:04,0:09:04,11:41:04,0:09:04,0:37:04,0:13:04,9:17:04,0:09:04,13:33:04,"t at Max V [485,610]",,,,,,,,,,,,,,,,,,,,,,,,,,,,,,,,,,,,,,,,,,,,,,,,,,,,,,,,,,,,,,,,,,,,,,,,
,,?????,0:07:44,0:06:17,3:41:04,0:07:15,13:13:04,0:01:04,3:03:04,?????,8:33:04,?????,6:05:04,0:02:52,12:25:04,0:01:48,1:01:04,?????,11:39:28,?????,0:39:44,0:02:07,9:17:04,0:01:09,13:25:04,"Lagtime [485,610]",,,,,,,,,,,,,,,,,,,,,,,,,,,,,,,,,,,,,,,,,,,,,,,,,,,,,,,,,,,,,,,,,,,,,,,,
,M,4800,-75,6350,100,6750,-125,6025,100,10775,-125,9450,75,8125,75,6375,-75,5825,-125,7550,100,7050,-100,8575,-75,"Max V [485,528]",,,,,,,,,,,,,,,,,,,,,,,,,,,,,,,,,,,,,,,,,,,,,,,,,,,,,,,,,,,,,,,,,,,,,,,,
,,0.777,0.75,0.806,0.5,0.942,0.893,0.907,0.8,0.913,0.893,0.814,0.75,0.888,0.75,0.825,0.75,0.9,0.781,0.92,0.571,0.904,0.571,0.813,0.75,"R-Squared [485,528]",,,,,,,,,,,,,,,,,,,,,,,,,,,,,,,,,,,,,,,,,,,,,,,,,,,,,,,,,,,,,,,,,,,,,,,,
,,0:08:00,0:12:00,0:08:00,12:56:00,0:08:00,3:08:00,0:08:00,12:20:00,0:08:00,6:24:00,0:08:00,0:08:00,0:08:00,1:52:00,0:08:00,0:24:00,0:08:00,13:52:00,0:08:00,0:52:00,0:08:00,7:04:00,0:08:00,0:12:00,"t at Max V [485,528]",,,,,,,,,,,,,,,,,,,,,,,,,,,,,,,,,,,,,,,,,,,,,,,,,,,,,,,,,,,,,,,,,,,,,,,,
,,?????,0:17:20,?????,13:02:00,?????,3:09:36,?????,12:30:00,?????,6:25:36,?????,0:00:00,?????,2:00:00,?????,0:18:40,?????,13:47:12,?????,0:50:00,?????,6:56:00,?????,0:06:40,"Lagtime [485,528]",,,,,,,,,,,,,,,,,,,,,,,,,,,,,,,,,,,,,,,,,,,,,,,,,,,,,,,,,,,,,,,,,,,,,,,,
,,-5075,100,-4675,125,-3925,100,-4125,-100,-3875,75,-4475,-100,-4700,-100,-5300,100,-5625,-100,-3675,100,-3875,-100,-5025,100,"Max V [485,610]",,,,,,,,,,,,,,,,,,,,,,,,,,,,,,,,,,,,,,,,,,,,,,,,,,,,,,,,,,,,,,,,,,,,,,,,
,,0.954,0.8,0.99,0.781,0.972,0.8,0.984,0.8,0.989,0.45,0.998,0.8,0.998,0.571,0.994,0.571,0.981,0.8,0.976,0.571,0.937,0.8,0.997,0.8,"R-Squared [485,610]",,,,,,,,,,,,,,,,,,,,,,,,,,,,,,,,,,,,,,,,,,,,,,,,,,,,,,,,,,,,,,,,,,,,,,,,
,,0:09:04,9:41:04,0:09:04,7:49:04,0:09:04,13:45:04,0:09:04,14:25:04,0:17:04,1:41:04,0:13:04,0:45:04,0:09:04,13:21:04,0:09:04,5:01:04,0:09:04,9:37:04,0:09:04,14:25:04,0:09:04,1:13:04,0:09:04,5:45:04,"t at Max V [485,610]",,,,,,,,,,,,,,,,,,,,,,,,,,,,,,,,,,,,,,,,,,,,,,,,,,,,,,,,,,,,,,,,,,,,,,,,
,,?????,9:41:04,0:01:04,7:44:16,0:01:41,13:45:04,0:01:19,14:25:04,0:02:59,1:41:04,0:05:36,0:45:04,?????,13:19:04,?????,5:03:04,0:01:08,9:37:04,?????,14:23:04,0:01:54,1:13:04,0:01:06,5:45:04,"Lagtime [485,610]",,,,,,,,,,,,,,,,,,,,,,,,,,,,,,,,,,,,,,,,,,,,,,,,,,,,,,,,,,,,,,,,,,,,,,,,
,N,18325,-75,6275,-75,7225,125,6350,-100,6200,100,7075,100,6250,125,7900,-100,7400,-100,6525,-100,7475,100,5925,100,"Max V [485,528]",,,,,,,,,,,,,,,,,,,,,,,,,,,,,,,,,,,,,,,,,,,,,,,,,,,,,,,,,,,,,,,,,,,,,,,,
,,0.909,0.75,0.95,0.75,0.858,0.893,0.926,0.571,0.89,0.8,0.926,0.8,0.874,0.893,0.949,0.8,0.918,0.5,0.954,0.8,0.928,0.8,0.862,0.571,"R-Squared [485,528]",,,,,,,,,,,,,,,,,,,,,,,,,,,,,,,,,,,,,,,,,,,,,,,,,,,,,,,,,,,,,,,,,,,,,,,,
,,0:08:00,1:40:00,0:08:00,1:00:00,0:08:00,4:44:00,0:08:00,4:52:00,0:08:00,11:04:00,0:08:00,5:00:00,0:08:00,4:56:00,0:08:00,11:08:00,0:08:00,7:04:00,0:08:00,0:52:00,0:08:00,9:12:00,0:08:00,1:40:00,"t at Max V [485,528]",,,,,,,,,,,,,,,,,,,,,,,,,,,,,,,,,,,,,,,,,,,,,,,,,,,,,,,,,,,,,,,,,,,,,,,,
,,?????,1:48:00,?????,0:52:00,?????,4:42:24,?????,4:44:00,?????,11:14:00,?????,5:10:00,?????,4:54:24,?????,10:58:00,?????,6:58:00,?????,0:42:00,?????,9:22:00,?????,1:48:00,"Lagtime [485,528]",,,,,,,,,,,,,,,,,,,,,,,,,,,,,,,,,,,,,,,,,,,,,,,,,,,,,,,,,,,,,,,,,,,,,,,,
,,-1775,-75,-3225,-75,-2825,-100,-3475,-100,-3500,-100,-2850,125,-3025,100,-2450,-100,-3525,100,-3825,-125,-4050,-75,-3625,-75,"Max V [485,610]",,,,,,,,,,,,,,,,,,,,,,,,,,,,,,,,,,,,,,,,,,,,,,,,,,,,,,,,,,,,,,,,,,,,,,,,
,,0.886,0.75,0.961,0.75,0.984,0.5,0.968,0.8,0.986,0.8,0.966,0.625,0.914,0.8,0.904,0.571,0.989,0.571,0.969,0.893,0.97,0.75,0.945,0.321,"R-Squared [485,610]",,,,,,,,,,,,,,,,,,,,,,,,,,,,,,,,,,,,,,,,,,,,,,,,,,,,,,,,,,,,,,,,,,,,,,,,
,,0:21:04,7:25:04,0:09:04,3:25:04,0:09:04,13:57:04,0:09:04,0:41:04,0:09:04,6:05:04,0:09:04,11:13:04,0:09:04,3:37:04,0:09:04,7:21:04,0:09:04,3:05:04,0:09:04,7:57:04,0:09:04,2:13:04,0:09:04,7:57:04,"t at Max V [485,610]",,,,,,,,,,,,,,,,,,,,,,,,,,,,,,,,,,,,,,,,,,,,,,,,,,,,,,,,,,,,,,,,,,,,,,,,
,,0:09:01,7:19:44,?????,3:19:44,?????,13:53:04,0:02:27,0:41:04,?????,6:05:04,?????,11:13:04,0:02:27,3:37:04,0:02:27,7:19:04,?????,3:07:04,0:02:04,8:03:28,?????,2:07:44,?????,7:59:44,"Lagtime [485,610]",,,,,,,,,,,,,,,,,,,,,,,,,,,,,,,,,,,,,,,,,,,,,,,,,,,,,,,,,,,,,,,,,,,,,,,,
,O,4825,-100,5875,-125,5500,100,6250,-100,7125,-100,6975,-125,7800,100,7675,-150,7350,-100,6225,100,6325,125,6750,125,"Max V [485,528]",,,,,,,,,,,,,,,,,,,,,,,,,,,,,,,,,,,,,,,,,,,,,,,,,,,,,,,,,,,,,,,,,,,,,,,,
,,0.899,0.8,0.931,0.893,0.884,0.8,0.931,0.5,0.916,0.571,0.924,0.893,0.948,0.5,0.941,0.692,0.949,0.571,0.938,0.8,0.912,0.893,0.941,0.893,"R-Squared [485,528]",,,,,,,,,,,,,,,,,,,,,,,,,,,,,,,,,,,,,,,,,,,,,,,,,,,,,,,,,,,,,,,,,,,,,,,,
,,0:08:00,5:36:00,0:08:00,11:08:00,0:08:00,10:08:00,0:08:00,5:32:00,0:08:00,5:20:00,0:08:00,12:36:00,0:08:00,6:56:00,0:08:00,2:28:00,0:08:00,6:08:00,0:08:00,2:16:00,0:08:00,10:40:00,0:08:00,3:12:00,"t at Max V [485,528]",,,,,,,,,,,,,,,,,,,,,,,,,,,,,,,,,,,,,,,,,,,,,,,,,,,,,,,,,,,,,,,,,,,,,,,,
,,?????,5:36:00,?????,11:01:36,?????,10:08:00,?????,5:26:00,?????,5:12:00,?????,12:29:36,?????,6:52:00,?????,2:24:00,?????,6:10:00,?????,2:26:00,?????,10:38:24,?????,3:21:36,"Lagtime [485,528]",,,,,,,,,,,,,,,,,,,,,,,,,,,,,,,,,,,,,,,,,,,,,,,,,,,,,,,,,,,,,,,,,,,,,,,,
,,-4150,75,-4000,100,-3475,100,-3125,75,-2125,-75,-2700,-125,-2500,100,-3050,125,-3450,-75,-2275,100,-3725,100,-2925,-100,"Max V [485,610]",,,,,,,,,,,,,,,,,,,,,,,,,,,,,,,,,,,,,,,,,,,,,,,,,,,,,,,,,,,,,,,,,,,,,,,,
,,0.86,0.75,0.975,0.8,0.988,0.8,0.983,0.75,0.973,0.75,0.841,0.893,0.965,0.8,0.956,0.893,0.995,0.45,0.996,0.8,0.932,0.8,0.814,0.571,"R-Squared [485,610]",,,,,,,,,,,,,,,,,,,,,,,,,,,,,,,,,,,,,,,,,,,,,,,,,,,,,,,,,,,,,,,,,,,,,,,,
,,0:09:04,12:57:04,0:09:04,8:41:04,0:09:04,11:57:04,0:09:04,6:29:04,0:13:04,3:09:04,0:09:04,6:21:04,0:09:04,13:49:04,0:09:04,12:17:04,0:09:04,1:49:04,0:09:04,14:45:04,0:09:04,4:13:04,0:09:04,2:17:04,"t at Max V [485,610]",,,,,,,,,,,,,,,,,,,,,,,,,,,,,,,,,,,,,,,,,,,,,,,,,,,,,,,,,,,,,,,,,,,,,,,,
,,?????,13:05:04,?????,8:41:04,0:01:04,11:57:04,0:01:35,6:37:04,0:02:09,3:17:04,?????,6:19:28,?????,13:49:04,?????,12:18:40,?????,1:49:04,?????,14:45:04,?????,4:13:04,?????,2:15:04,"Lagtime [485,610]",,,,,,,,,,,,,,,,,,,,,,,,,,,,,,,,,,,,,,,,,,,,,,,,,,,,,,,,,,,,,,,,,,,,,,,,
,P,7200,-100,6375,-100,7925,100,6375,-100,7150,100,4850,-100,6000,-100,7075,75,4200,-75,4275,-100,5350,100,5850,-125,"Max V [485,528]",,,,,,,,,,,,,,,,,,,,,,,,,,,,,,,,,,,,,,,,,,,,,,,,,,,,,,,,,,,,,,,,,,,,,,,,
,,0.887,0.8,0.942,0.8,0.963,0.8,0.746,0.571,0.776,0.571,0.851,0.571,0.83,0.571,0.834,0.75,0.65,0.75,0.873,0.571,0.814,0.8,0.796,0.893,"R-Squared [485,528]",,,,,,,,,,,,,,,,,,,,,,,,,,,,,,,,,,,,,,,,,,,,,,,,,,,,,,,,,,,,,,,,,,,,,,,,
,,0:08:00,3:08:00,0:08:00,7:44:00,0:08:00,4:40:00,0:08:00,2:00:00,0:08:00,11:40:00,0:08:00,1:12:00,0:08:00,0:40:00,0:08:00,0:12:00,0:08:00,0:12:00,0:08:00,4:56:00,0:08:00,6:36:00,0:08:00,13:48:00,"t at Max V [485,528]",,,,,,,,,,,,,,,,,,,,,,,,,,,,,,,,,,,,,,,,,,,,,,,,,,,,,,,,,,,,,,,,,,,,,,,,
,,?????,3:08:00,?????,7:34:00,?????,4:40:00,?????,1:52:00,?????,11:48:00,?????,1:14:00,?????,0:42:00,?????,0:17:20,?????,0:20:00,?????,4:58:00,?????,6:36:00,?????,13:38:24,"Lagtime [485,528]",,,,,,,,,,,,,,,,,,,,,,,,,,,,,,,,,,,,,,,,,,,,,,,,,,,,,,,,,,,,,,,,,,,,,,,,
,,-3275,100,-3550,100,-3475,75,-7225,-75,-6150,-100,-5675,100,-5025,100,-4725,100,-5425,-125,-5125,-75,-4350,-125,-6500,-100,"Max V [485,610]",,,,,,,,,,,,,,,,,,,,,,,,,,,,,,,,,,,,,,,,,,,,,,,,,,,,,,,,,,,,,,,,,,,,,,,,
,,0.868,0.8,0.899,0.571,0.926,0.75,0.961,0.75,0.936,0.571,0.988,0.8,0.929,0.8,0.987,0.8,0.942,0.893,0.917,0.75,0.96,0.893,0.976,0.8,"R-Squared [485,610]",,,,,,,,,,,,,,,,,,,,,,,,,,,,,,,,,,,,,,,,,,,,,,,,,,,,,,,,,,,,,,,,,,,,,,,,
,,0:09:04,12:53:04,0:09:04,5:57:04,0:09:04,1:33:04,0:09:04,11:21:04,0:09:04,0:45:04,0:09:04,4:09:04,0:09:04,8:09:04,0:09:04,2:37:04,0:09:04,12:13:04,0:09:04,1:21:04,0:09:04,11:33:04,0:09:04,12:13:04,"t at Max V [485,610]",,,,,,,,,,,,,,,,,,,,,,,,,,,,,,,,,,,,,,,,,,,,,,,,,,,,,,,,,,,,,,,,,,,,,,,,
,,?????,12:53:04,?????,5:59:04,?????,1:51:44,?????,11:15:44,?????,0:43:04,?????,3:59:04,?????,8:09:04,?????,2:37:04,?????,12:11:28,?????,1:29:04,?????,11:31:28,?????,12:13:04,"Lagtime [485,610]",,,,,,,,,,,,,,,,,,,,,,,,,,,,,,,,,,,,,,,,,,,,,,,,,,,,,,,,,,,,,,,,,,,,,,,,
